student_id,gender,major,admission_type,gpa_year1,gpa_year2,gpa_year3,gpa_year4,total_cumulative_gpa,total_credits_required,failed_courses,academic_warnings,attendance_rate,assignment_submission_rate,extra_activities,financial_state,graduate_on_time,graduate_year,achieved_scholarship
S00001,Male,Multimedia Communication,EntranceExam,2.19,2.52,2.98,3.24,2.73,125,1,0,0.89,0.8,2,Average,1,4,0
S00002,Female,Information Technology,DirectAdmission,3.2,3.02,3.15,2.98,3.09,130,0,0,0.92,0.96,4,Stable,1,4,0
S00003,Female,Computer Science,EntranceExam,3.59,3.52,3.58,3.56,3.56,130,0,0,0.83,0.95,1,Stable,1,4,0
S00004,Male,Artificial Intelligence,EntranceExam,2.25,2.6,2.25,2.58,2.42,130,0,0,0.83,0.72,0,Stable,0,5,0
S00005,Male,Information Technology,EntranceExam,2.11,1.85,1.59,2,1.89,130,8,1,0.86,0.88,0,Difficult,0,6,0
S00006,Male,E-commerce,EntranceExam,3.71,3.98,4,3.67,3.84,125,1,1,0.86,0.99,1,Stable,1,4,1
S00007,Female,Multimedia Communication,EntranceExam,3.09,2.94,2.74,3.32,3.02,125,0,0,0.89,0.81,2,Average,1,4,0
S00008,Female,E-commerce,EntranceExam,1.92,2.24,2.12,2.15,2.11,125,7,0,0.85,0.84,1,Stable,0,6,0
S00009,Female,Multimedia Technology,EntranceExam,1.7,1.69,2.03,2.03,1.86,125,4,0,0.84,0.74,2,Stable,0,6,1
S00010,Female,Artificial Intelligence,EntranceExam,2.23,2.78,2.61,2.52,2.53,130,3,0,0.59,0.5,2,Average,0,8,1
S00011,Male,Multimedia Technology,EntranceExam,2.78,2.48,3.16,2.47,2.72,125,2,1,0.88,0.87,1,Average,0,5,0
S00012,Female,Artificial Intelligence,EntranceExam,2.05,2.5,2.89,2.17,2.4,130,1,0,1,0.99,3,Stable,1,4,1
S00013,Male,Multimedia Communication,EntranceExam,2.95,2.3,2.6,1.95,2.45,125,1,0,0.83,0.98,1,Stable,1,4,0
S00014,Female,Artificial Intelligence,EntranceExam,2.49,2.81,2.41,2.27,2.5,130,3,0,0.84,0.83,2,Average,0,6,1
S00015,Male,Multimedia Technology,EntranceExam,2.37,2.86,3.34,3.33,2.98,125,0,0,0.99,0.81,1,Stable,1,4,0
S00016,Male,Financial Technology (Fintech),EntranceExam,1.99,1.74,1.76,2.36,1.96,130,8,0,0.69,0.76,3,Difficult,0,7,0
S00017,Female,Information Security,EntranceExam,1.92,1.78,1.77,1.76,1.81,130,5,0,1,0.97,2,Difficult,0,8,1
S00018,Female,Accounting,EntranceExam,2.3,2.05,2.16,2.36,2.22,130,5,0,0.85,0.85,1,Stable,0,5,1
S00019,Male,Accounting,DirectAdmission,2.29,2.68,2.28,2.91,2.54,130,0,0,0.81,0.86,2,Average,1,4,0
S00020,Male,E-commerce,EntranceExam,1.96,2.24,2.8,2.84,2.46,125,0,0,0.93,0.9,2,Stable,1,4,0
S00021,Female,Artificial Intelligence,DirectAdmission,1.96,1.87,2.43,1.7,1.99,130,1,0,0.83,0.84,1,Average,0,6,1
S00022,Female,E-commerce,DirectAdmission,2.02,1.78,1.86,1.57,1.81,125,6,0,0.87,0.91,1,Average,0,7,1
S00023,Male,Multimedia Communication,EntranceExam,3.67,3.06,3.18,3.36,3.32,125,0,0,0.83,0.67,1,Average,1,4,1
S00024,Male,Multimedia Communication,EntranceExam,2.39,2.42,2.14,2.26,2.3,125,3,0,0.81,0.72,0,Average,0,5,0
S00025,Female,Marketing,EntranceExam,1.3,2.09,2.27,1.64,1.82,120,5,1,0.71,0.84,1,Stable,0,8,1
S00026,Female,Game Design and Development,DirectAdmission,3.01,3.58,3.71,3.29,3.4,140,0,1,0.83,0.86,7,Stable,1,4,0
S00027,Male,Artificial Intelligence,EntranceExam,2.64,2.27,2.18,1.94,2.26,130,0,0,1,0.87,2,Stable,1,4,0
S00028,Female,Computer Science,DirectAdmission,2.64,2.86,2.38,2,2.47,130,0,0,0.91,1,2,Stable,1,4,0
S00029,Male,E-commerce,EntranceExam,2.9,2.58,2.89,2.71,2.77,125,2,0,0.82,0.96,2,Difficult,0,7,0
S00030,Male,Artificial Intelligence,EntranceExam,2.62,2.93,3.15,3.2,2.98,130,0,0,0.89,0.83,4,Average,1,4,0
S00031,Male,Accounting,EntranceExam,2.22,2.24,2.42,2.12,2.25,130,0,0,0.72,0.73,0,Average,0,5,0
S00032,Female,Financial Technology (Fintech),EntranceExam,2.88,2.91,2.67,2.65,2.78,130,1,0,0.95,0.82,0,Average,1,4,1
S00033,Female,Artificial Intelligence,EntranceExam,1.67,2.51,2.42,2.47,2.27,130,8,0,0.92,0.99,0,Difficult,0,5,0
S00034,Female,Information Technology,EntranceExam,2.71,2.47,2.97,2.63,2.7,130,1,0,0.96,0.84,0,Stable,1,4,1
S00035,Male,Computer Science,EntranceExam,1.81,1.8,1.68,1.56,1.71,130,7,0,0.85,0.89,1,Average,0,6,0
S00036,Male,Multimedia Technology,DirectAdmission,2.53,2.91,2.49,2.06,2.5,125,2,0,0.96,0.83,2,Average,1,4,0
S00037,Male,Computer Science,DirectAdmission,1.73,1.38,1.32,1.26,1.42,130,7,0,0.68,0.86,2,Average,0,5,0
S00038,Female,Multimedia Communication,EntranceExam,2.27,2.23,2.31,2.48,2.32,125,0,0,0.89,0.83,4,Stable,1,4,1
S00039,Female,Information Technology,EntranceExam,1.92,2.02,2.34,2.05,2.08,130,8,0,0.81,0.85,0,Stable,0,6,1
S00040,Male,Business Administration,EntranceExam,2.58,2.48,2.22,2.39,2.42,120,0,0,0.96,0.79,3,Stable,1,4,0
S00041,Female,Information Technology,DirectAdmission,3.17,2.57,2.87,2.14,2.69,130,0,0,0.95,0.82,3,Stable,1,4,1
S00042,Female,Multimedia Communication,EntranceExam,1.95,2.4,2.54,2.15,2.26,125,2,0,0.8,0.9,1,Stable,0,7,0
S00043,Female,Financial Technology (Fintech),EntranceExam,2.62,2.61,2.95,2.94,2.78,130,0,0,0.95,0.8,4,Stable,1,4,1
S00044,Female,Game Design and Development,EntranceExam,3.23,2.98,3.3,2.86,3.09,140,1,0,0.8,0.72,1,Stable,1,4,1
S00045,Female,Information Technology,EntranceExam,1.18,2.17,1.73,1.94,1.76,130,11,0,0.83,0.75,1,Stable,0,5,0
S00046,Female,Game Design and Development,EntranceExam,2.21,2.78,2.49,2.57,2.51,140,0,0,0.84,0.86,2,Average,1,4,1
S00047,Male,Accounting,EntranceExam,3.3,3.03,3.29,3.19,3.2,130,0,0,0.88,0.94,1,Stable,1,4,1
S00048,Male,Automation,DirectAdmission,3.53,3.46,3.81,3.52,3.58,140,0,1,0.85,0.77,0,Average,1,4,1
S00049,Male,Game Design and Development,DirectAdmission,3.06,3.31,3,3.09,3.12,140,1,0,0.9,0.94,2,Stable,1,4,1
S00050,Female,Financial Technology (Fintech),DirectAdmission,3.19,3.41,3.28,3.41,3.32,130,0,0,0.94,0.8,0,Stable,1,4,0
S00051,Female,Multimedia Communication,DirectAdmission,2.75,3.02,2.31,2.89,2.74,125,0,0,0.85,0.7,1,Average,1,4,1
S00052,Female,E-commerce,EntranceExam,2.29,2.55,3.01,2.54,2.6,125,2,0,0.84,0.87,0,Average,1,4,1
S00053,Male,Marketing,EntranceExam,3.61,3.52,3.41,3.59,3.53,120,0,0,0.86,0.81,1,Stable,1,4,1
S00054,Male,Multimedia Communication,EntranceExam,3.4,3.76,3.34,3.22,3.43,125,0,0,0.81,0.86,2,Stable,1,4,1
S00055,Male,Information Technology,EntranceExam,3.43,3.47,3.32,3.82,3.51,130,0,0,0.95,0.76,0,Average,1,4,1
S00056,Female,Notary Relations,DirectAdmission,2.93,2.42,2.66,2.02,2.51,125,1,0,0.97,0.92,2,Stable,1,4,1
S00057,Female,Accounting,EntranceExam,1.83,1.91,1.77,1.8,1.83,130,6,1,0.9,0.85,4,Difficult,0,5,1
S00058,Male,Notary Relations,EntranceExam,2.35,1.7,2,2.52,2.14,125,1,0,0.84,0.8,0,Average,0,7,0
S00059,Female,Multimedia Technology,EntranceExam,2.18,2.23,1.94,2.24,2.15,125,4,0,0.82,0.98,0,Average,0,6,1
S00060,Male,Information Security,EntranceExam,2.25,1.63,2.04,1.73,1.91,130,7,0,0.69,0.68,0,Stable,0,5,0
S00061,Male,Artificial Intelligence,EntranceExam,2.43,2.81,2.87,2.28,2.6,130,1,0,0.99,0.8,1,Average,1,4,0
S00062,Female,Computer Science,DirectAdmission,2.5,2.67,2.47,2.15,2.45,130,1,0,0.85,1,0,Difficult,0,5,1
S00063,Male,Multimedia Technology,DirectAdmission,2.09,2.44,2.44,2.92,2.47,125,3,0,0.85,0.81,3,Average,0,7,0
S00064,Female,Computer Science,EntranceExam,3.19,2.67,3.1,3.02,2.99,130,0,0,0.81,0.91,0,Stable,1,4,1
S00065,Female,Business Administration,EntranceExam,2.45,2.33,1.94,2.52,2.31,120,5,0,0.88,1,0,Average,0,5,1
S00066,Female,Business Administration,EntranceExam,2.75,2.86,2.84,3.26,2.93,120,1,0,0.8,0.72,2,Average,1,4,1
S00067,Female,Information Technology,EntranceExam,3.12,3.28,3,3.54,3.24,130,0,1,0.86,1,1,Average,1,4,0
S00068,Male,Information Technology,EntranceExam,2.31,2.35,2.2,2.72,2.4,130,2,0,0.91,0.91,1,Stable,1,4,0
S00069,Male,Information Technology,EntranceExam,2.59,2.87,2.26,3.04,2.69,130,0,0,0.85,0.65,0,Average,1,4,0
S00070,Female,Information Technology,DirectAdmission,1.52,1.89,1.84,1.73,1.74,130,1,0,0.86,0.79,0,Average,0,5,1
S00071,Female,Information Technology,DirectAdmission,2.37,2.6,2.16,2.38,2.38,130,3,0,0.76,0.86,2,Average,0,7,1
S00072,Male,E-commerce,EntranceExam,3.06,3.11,2.89,2.45,2.88,125,3,0,0.7,0.74,4,Difficult,0,6,0
S00073,Female,Computer Science,EntranceExam,2.9,3.29,3.2,2.99,3.1,130,0,0,0.92,0.91,1,Stable,1,4,1
S00074,Female,Multimedia Communication,DirectAdmission,1.02,2.65,2.08,2.02,1.94,125,6,1,0.85,0.83,0,Stable,0,8,1
S00075,Female,Information Technology,EntranceExam,2.31,2.56,2.05,2.12,2.26,130,4,0,0.82,0.77,4,Stable,0,5,1
S00076,Male,Accounting,EntranceExam,3.82,3.87,3.71,4,3.85,130,0,0,0.98,0.74,3,Stable,1,4,1
S00077,Male,Financial Technology (Fintech),EntranceExam,3.09,3.81,3.41,3.73,3.51,130,0,0,0.85,0.85,1,Stable,1,4,1
S00078,Female,Marketing,EntranceExam,2.78,3.06,2.98,2.75,2.89,120,0,0,0.86,0.89,1,Stable,1,4,1
S00079,Male,Automation,EntranceExam,1.7,2.3,2.24,2.49,2.18,140,2,1,0.77,0.82,0,Stable,0,7,0
S00080,Male,Automation,EntranceExam,2.64,3.2,3.18,2.91,2.98,140,0,0,0.89,0.84,1,Stable,1,4,1
S00081,Female,Game Design and Development,DirectAdmission,2.83,3.53,3.53,3.19,3.27,140,0,0,0.88,0.73,1,Difficult,1,4,0
S00082,Male,E-commerce,EntranceExam,2.42,2.77,2.91,2.25,2.59,125,1,0,0.76,0.6,1,Stable,0,6,0
S00083,Male,Computer Science,EntranceExam,3.4,3.37,3.66,3.62,3.51,130,0,0,0.97,0.96,2,Average,1,4,1
S00084,Male,Accounting,EntranceExam,2.08,2.36,2.29,2,2.18,130,0,0,0.92,0.94,0,Stable,1,4,0
S00085,Male,Information Technology,EntranceExam,2.85,1.85,2.41,2.39,2.38,130,1,0,0.8,0.87,6,Average,1,4,0
S00086,Male,Multimedia Technology,DirectAdmission,2.9,2.76,2.66,2.78,2.78,125,0,0,0.84,0.93,1,Stable,1,4,0
S00087,Male,Journalism,EntranceExam,3.13,3.19,3.24,3.17,3.18,120,1,0,0.84,0.89,0,Stable,1,4,1
S00088,Male,Automation,EntranceExam,2.7,3.14,3.03,2.76,2.91,140,1,0,0.86,0.98,0,Stable,1,4,0
S00089,Male,Information Technology,EntranceExam,1.84,1.99,2.22,1.62,1.92,130,2,1,0.79,0.88,4,Stable,0,6,0
S00090,Male,Accounting,EntranceExam,1.82,2.78,2.49,2.39,2.37,130,2,0,0.76,0.56,1,Stable,0,7,0
S00091,Male,Artificial Intelligence,EntranceExam,2.76,2.98,3.21,3.21,3.04,130,0,0,0.93,0.72,4,Stable,1,4,0
S00092,Male,Marketing,EntranceExam,2.25,1.86,2.34,1.96,2.1,120,2,0,0.95,0.9,1,Average,1,4,0
S00093,Female,E-commerce,DirectAdmission,2.64,3.06,2.72,2.39,2.7,125,1,0,0.76,0.69,1,Average,0,5,1
S00094,Female,Artificial Intelligence,DirectAdmission,2.17,3.18,2.85,2.89,2.77,130,0,0,0.8,0.87,1,Stable,1,4,1
S00095,Male,Information Technology,EntranceExam,2.43,2.33,2.71,2.54,2.5,130,0,0,0.82,0.91,2,Stable,1,4,0
S00096,Male,Accounting,EntranceExam,2.96,2.88,2.62,2.86,2.83,130,1,0,0.81,0.77,4,Average,1,4,0
S00097,Male,Information Technology,EntranceExam,2.16,2.32,2.4,1.9,2.2,130,3,1,0.84,0.87,1,Stable,0,8,0
S00098,Female,Multimedia Communication,DirectAdmission,2.71,2.34,2.69,2.53,2.57,125,3,0,0.76,0.61,2,Stable,0,7,1
S00099,Male,Artificial Intelligence,EntranceExam,2.25,2.25,2.17,2.49,2.29,130,2,0,0.81,0.85,2,Difficult,0,8,0
S00100,Female,Multimedia Technology,EntranceExam,2.32,2.46,2.88,2.54,2.55,125,0,0,0.82,0.94,1,Average,1,4,1
S00101,Male,E-commerce,DirectAdmission,2.65,2.44,1.86,2.33,2.32,125,0,0,0.94,0.85,2,Stable,1,4,0
S00102,Male,Marketing,EntranceExam,2.24,2.3,2.18,2.16,2.22,120,1,0,0.8,0.73,3,Stable,1,4,0
S00103,Female,Business Administration,EntranceExam,3.46,3.82,3.67,3.46,3.6,120,0,0,0.81,0.8,2,Stable,1,4,0
S00104,Male,Financial Technology (Fintech),EntranceExam,2.58,3.25,3.18,3.07,3.02,130,0,0,0.84,0.63,0,Stable,1,4,0
S00105,Male,E-commerce,EntranceExam,2.53,2.75,3.22,3.52,3,125,0,0,0.86,0.87,4,Average,1,4,1
S00106,Female,Business Administration,EntranceExam,1.34,1.75,1.57,1.38,1.51,120,5,0,0.82,0.75,0,Stable,0,8,1
S00107,Female,Accounting,DirectAdmission,2.48,2.36,2.11,2.65,2.4,130,5,0,0.83,0.76,1,Difficult,0,6,1
S00108,Male,Information Security,EntranceExam,2.6,2.52,2.82,2.36,2.58,130,1,0,0.87,0.89,1,Average,1,4,0
S00109,Male,Business Administration,EntranceExam,1.58,1.39,2.05,1.83,1.71,120,6,0,0.83,0.94,1,Average,0,7,0
S00110,Male,Game Design and Development,EntranceExam,2.98,2.74,2.83,2.85,2.85,140,0,0,0.9,0.82,1,Difficult,1,4,0
S00111,Female,Business Administration,DirectAdmission,3.22,4,3.83,3.71,3.69,120,0,0,0.91,0.76,1,Difficult,1,4,1
S00112,Female,Automation,EntranceExam,2.97,2.39,2.37,2.46,2.55,140,3,0,0.87,1,3,Stable,1,4,1
S00113,Female,Journalism,DirectAdmission,2.24,2.64,2.5,2.23,2.4,120,4,0,0.8,0.86,2,Difficult,0,6,1
S00114,Male,Marketing,EntranceExam,2.76,2.52,2.68,2.35,2.58,120,0,0,0.86,0.94,2,Average,1,4,0
S00115,Female,Artificial Intelligence,EntranceExam,2.95,2.76,2.61,3.77,3.02,130,0,0,0.86,0.79,1,Stable,1,4,1
S00116,Male,Business Administration,EntranceExam,1.98,2.45,2.16,2.7,2.32,120,1,2,0.9,0.61,2,Stable,0,6,0
S00117,Male,Notary Relations,EntranceExam,2.88,3.05,2.15,3.05,2.78,125,0,0,0.84,0.76,0,Average,1,4,0
S00118,Male,Artificial Intelligence,EntranceExam,0.99,1.67,1.19,2,1.46,130,6,0,0.96,0.95,2,Stable,0,6,0
S00119,Female,Accounting,EntranceExam,2.82,2.92,2.83,3.61,3.04,130,0,0,0.96,0.98,2,Stable,1,4,1
S00120,Male,Multimedia Communication,EntranceExam,2.8,2.62,3,3.37,2.95,125,0,0,0.96,0.85,3,Average,1,4,1
S00121,Male,Business Administration,DirectAdmission,2.78,2.41,2.46,2.26,2.48,120,1,0,0.95,0.93,2,Stable,1,4,0
S00122,Female,Accounting,DirectAdmission,0.99,1,1.55,1.19,1.18,130,3,0,0.95,0.88,1,Stable,0,5,0
S00123,Female,Business Administration,DirectAdmission,2.22,3.27,2.91,3.11,2.88,120,0,0,0.95,0.9,1,Stable,1,4,0
S00124,Male,E-commerce,DirectAdmission,2.72,2.68,2.51,2.5,2.6,125,0,0,0.82,0.67,2,Stable,1,4,0
S00125,Female,Accounting,EntranceExam,2.69,2.59,2.32,2.5,2.52,130,0,0,0.84,0.83,3,Stable,1,4,1
S00126,Male,Notary Relations,EntranceExam,1.42,1.82,1.57,2.05,1.72,125,7,0,0.97,0.82,2,Stable,0,5,0
S00127,Male,Information Technology,DirectAdmission,2.14,2.38,2.2,2.14,2.22,130,5,0,0.89,0.88,1,Average,0,7,0
S00128,Male,E-commerce,EntranceExam,2.91,3.1,3.03,2.63,2.92,125,0,0,0.93,0.88,3,Stable,1,4,1
S00129,Male,Artificial Intelligence,EntranceExam,3.12,3.18,3.37,2.76,3.11,130,1,0,0.95,1,2,Stable,1,4,1
S00130,Female,Computer Science,DirectAdmission,2.58,2.98,2.49,2.33,2.6,130,0,0,0.85,0.81,1,Stable,1,4,1
S00131,Male,Multimedia Communication,EntranceExam,1.94,1.92,2.01,1.78,1.91,125,4,1,0.94,0.68,1,Stable,0,5,0
S00132,Female,Marketing,EntranceExam,2.5,1.76,2.62,2.16,2.26,120,3,0,0.79,0.78,1,Stable,0,6,0
S00133,Male,Automation,EntranceExam,2.23,2.23,1.9,1.43,1.95,140,5,1,0.96,0.95,5,Average,0,5,0
S00134,Female,Financial Technology (Fintech),EntranceExam,2.15,2.51,2.86,2.68,2.55,130,0,0,0.96,0.82,0,Stable,1,4,0
S00135,Male,Automation,EntranceExam,2.21,1.9,2.54,2.29,2.24,140,4,0,0.95,1,3,Stable,1,4,0
S00136,Female,Multimedia Technology,DirectAdmission,2.23,2.58,2.91,3.23,2.74,125,2,0,0.68,0.71,0,Difficult,0,6,1
S00137,Male,Multimedia Technology,EntranceExam,2.48,2.98,2.05,2.36,2.47,125,0,0,0.89,0.95,1,Average,1,4,0
S00138,Female,Multimedia Communication,DirectAdmission,3.29,3.7,3.25,3.5,3.44,125,1,0,0.86,0.87,0,Stable,1,4,0
S00139,Female,Business Administration,EntranceExam,2.69,2.76,3.19,2.88,2.88,120,3,0,0.71,0.72,0,Average,0,6,0
S00140,Female,Computer Science,EntranceExam,3.03,2.95,3.26,2.88,3.03,130,0,0,0.96,0.87,2,Average,1,4,1
S00141,Female,Automation,EntranceExam,2.33,2.61,2.77,2.12,2.46,140,3,0,1,0.89,0,Average,0,5,1
S00142,Male,Marketing,EntranceExam,2,2.52,2.42,2.44,2.34,120,1,0,0.87,0.79,2,Stable,0,6,0
S00143,Male,Computer Science,DirectAdmission,2.51,2.68,2.97,3.03,2.8,130,3,0,0.82,0.66,0,Difficult,0,5,0
S00144,Male,Information Technology,DirectAdmission,2.68,2.54,2.43,2.33,2.5,130,0,0,0.85,0.89,1,Average,1,4,0
S00145,Female,Information Technology,DirectAdmission,2.71,2.99,3.02,2.52,2.81,130,0,0,0.84,0.82,0,Stable,1,4,1
S00146,Male,Business Administration,DirectAdmission,2.38,2.59,2.54,2.62,2.53,120,0,0,0.85,0.98,0,Average,1,4,0
S00147,Male,Game Design and Development,DirectAdmission,2.45,2.77,3.48,2.81,2.88,140,0,0,0.93,0.94,3,Stable,1,4,1
S00148,Female,E-commerce,EntranceExam,2.09,2.45,2.53,2.61,2.42,125,0,0,0.88,0.8,3,Average,1,4,0
S00149,Female,Multimedia Communication,DirectAdmission,3.26,3.15,3.26,3.42,3.27,125,0,0,0.88,0.78,1,Average,1,4,1
S00150,Male,Journalism,EntranceExam,2.77,2.47,2.28,2.52,2.51,120,1,0,0.91,0.8,3,Average,0,6,0
S00151,Female,Multimedia Technology,EntranceExam,2.6,2.32,2.79,2.85,2.64,125,1,0,0.8,0.83,0,Stable,1,4,1
S00152,Female,Game Design and Development,EntranceExam,2.2,2.8,2.63,2.74,2.59,140,1,0,0.88,0.7,2,Average,1,4,1
S00153,Male,Multimedia Technology,DirectAdmission,3.46,2.26,3.08,3.47,3.07,125,1,0,0.84,0.6,1,Average,1,4,0
S00154,Male,Artificial Intelligence,EntranceExam,2.89,3.1,3.55,2.56,3.02,130,0,0,0.89,1,1,Stable,1,4,1
S00155,Female,E-commerce,EntranceExam,2.54,2.92,2.67,2.51,2.66,125,0,0,0.86,0.91,1,Average,1,4,1
S00156,Male,Computer Science,EntranceExam,2.02,2.65,2.88,2.15,2.42,130,2,0,0.82,0.9,1,Stable,1,4,0
S00157,Male,E-commerce,EntranceExam,1.98,2.68,2.08,2.28,2.26,125,4,0,0.79,0.67,0,Average,0,7,0
S00158,Female,Multimedia Technology,EntranceExam,2.87,3.17,3.4,3.46,3.22,125,1,0,0.88,0.8,0,Stable,1,4,0
S00159,Female,Information Technology,DirectAdmission,2.9,2.81,3.58,2.85,3.03,130,0,1,1,0.98,4,Stable,1,4,0
S00160,Male,Automation,EntranceExam,3.48,3.02,2.99,3.25,3.18,140,0,0,0.86,0.81,4,Stable,1,4,1
S00161,Female,Information Technology,EntranceExam,3.35,3.76,3.36,4,3.62,130,0,0,0.83,0.87,1,Stable,1,4,0
S00162,Male,Computer Science,EntranceExam,2.86,3.01,2.54,2.73,2.78,130,0,0,0.88,0.75,2,Stable,1,4,0
S00163,Male,Multimedia Communication,DirectAdmission,2.25,2.68,2.27,2.21,2.35,125,4,0,0.71,0.73,2,Difficult,0,7,0
S00164,Female,Information Security,EntranceExam,2.4,2.3,2.44,3.05,2.55,130,0,0,0.86,0.69,0,Difficult,0,5,1
S00165,Female,Information Security,EntranceExam,3.09,3.1,2.47,2.85,2.88,130,0,0,0.83,0.85,0,Average,1,4,1
S00166,Female,Game Design and Development,EntranceExam,2.02,2.26,1.85,2.25,2.09,140,3,0,0.82,0.89,1,Stable,0,8,1
S00167,Male,Business Administration,EntranceExam,2.84,1.84,2.51,2.57,2.44,120,0,0,0.81,0.88,1,Average,1,4,0
S00168,Female,Multimedia Technology,EntranceExam,2.98,3.24,3.2,2.93,3.09,125,1,0,0.93,0.78,2,Stable,1,4,0
S00169,Male,Information Technology,DirectAdmission,1.66,1.39,1.63,1.73,1.6,130,3,1,0.81,0.84,2,Average,0,7,0
S00170,Female,Automation,EntranceExam,2.4,2.61,2.84,2.73,2.64,140,0,0,1,1,1,Stable,1,4,1
S00171,Male,Marketing,EntranceExam,3.46,3.75,4,3.52,3.68,120,0,0,0.81,0.74,2,Stable,1,4,1
S00172,Male,Game Design and Development,EntranceExam,2.19,2.94,2.32,2.08,2.38,140,0,0,0.91,0.97,0,Average,1,4,0
S00173,Male,Multimedia Communication,EntranceExam,2.35,2.58,2.19,2.49,2.4,125,0,0,0.86,0.9,1,Stable,1,4,0
S00174,Male,Artificial Intelligence,EntranceExam,2.11,2.6,2.43,2.56,2.43,130,3,0,0.84,0.67,1,Stable,0,5,0
S00175,Female,Financial Technology (Fintech),EntranceExam,1.22,2.2,1.85,2.69,1.99,130,2,0,0.89,0.96,0,Average,0,8,1
S00176,Female,Marketing,DirectAdmission,2.24,2.58,2.29,2.41,2.38,120,0,0,0.99,0.84,0,Stable,1,4,1
S00177,Male,Financial Technology (Fintech),EntranceExam,2.13,2.31,2.8,2.47,2.43,130,1,0,0.86,0.87,2,Stable,1,4,0
S00178,Female,Business Administration,EntranceExam,2.82,2.37,2.62,2.95,2.69,120,0,0,0.93,0.76,0,Stable,1,4,1
S00179,Female,Game Design and Development,EntranceExam,2.64,2.25,2.86,2.06,2.45,140,2,0,0.8,0.72,1,Stable,0,7,1
S00180,Female,Information Security,EntranceExam,2.62,3.05,2.62,2.6,2.72,130,2,0,0.79,0.93,0,Difficult,0,5,1
S00181,Female,Marketing,DirectAdmission,1.93,2.88,2.28,2.5,2.4,120,0,0,0.94,0.91,2,Stable,1,4,1
S00182,Female,Journalism,EntranceExam,1.19,1.14,0.98,1.64,1.24,120,7,0,0.8,0.6,1,Difficult,0,6,0
S00183,Female,Information Technology,EntranceExam,1.4,1.56,1.81,1.47,1.56,130,4,0,0.84,0.77,2,Average,0,5,1
S00184,Male,Information Technology,EntranceExam,2.6,2.68,2.29,2.98,2.64,130,0,0,0.82,0.94,5,Stable,1,4,0
S00185,Female,E-commerce,EntranceExam,3.24,3.89,3.52,3.05,3.42,125,0,0,0.81,0.71,1,Difficult,1,4,0
S00186,Male,E-commerce,EntranceExam,1.61,2.01,1.88,1.68,1.8,125,5,0,0.97,0.9,5,Stable,1,4,0
S00187,Female,Multimedia Communication,EntranceExam,2.82,2.58,2.48,2.68,2.64,125,2,0,0.91,1,0,Average,1,4,1
S00188,Female,E-commerce,EntranceExam,2.09,2.5,2.59,2.61,2.45,125,1,0,0.84,0.86,3,Average,0,7,1
S00189,Female,Financial Technology (Fintech),EntranceExam,1.92,2.09,1.87,1.69,1.89,130,4,2,0.69,0.95,2,Average,0,6,1
S00190,Male,Automation,EntranceExam,2.85,3.05,2.67,3.11,2.92,140,0,0,0.91,0.77,3,Average,1,4,1
S00191,Male,E-commerce,DirectAdmission,2.83,3.52,3.49,3.43,3.32,125,0,0,0.83,0.81,1,Stable,1,4,1
S00192,Female,Game Design and Development,EntranceExam,1.65,1.97,1.71,2.17,1.88,140,6,0,0.74,0.73,4,Stable,0,6,1
S00193,Male,E-commerce,DirectAdmission,3.47,3.56,2.89,3.06,3.24,125,0,0,0.95,0.82,1,Stable,1,4,1
S00194,Male,Game Design and Development,EntranceExam,1.66,1.7,2.11,1.9,1.84,140,5,0,0.68,0.91,2,Difficult,0,7,0
S00195,Female,Marketing,EntranceExam,2.05,2.38,2.75,2.02,2.3,120,0,0,0.94,0.97,0,Stable,1,4,1
S00196,Male,Marketing,EntranceExam,1.36,1.48,1.79,1.55,1.54,120,6,0,0.94,0.96,2,Stable,1,4,0
S00197,Female,Notary Relations,EntranceExam,2.86,2.58,3.36,2.3,2.77,125,1,0,0.93,0.89,0,Stable,1,4,1
S00198,Female,Computer Science,DirectAdmission,2.53,2.08,2.06,2.4,2.27,130,2,0,0.93,0.72,2,Stable,1,4,1
S00199,Female,Financial Technology (Fintech),EntranceExam,2.59,2.88,3.37,2.62,2.86,130,0,0,0.9,0.84,2,Stable,1,4,1
S00200,Male,Information Technology,EntranceExam,2.53,2.72,3.21,2.77,2.81,130,0,0,0.84,0.76,0,Average,1,4,0
S00201,Female,E-commerce,EntranceExam,3.1,3.31,3.63,3.09,3.28,125,0,0,0.91,0.92,1,Stable,1,4,0
S00202,Female,Accounting,DirectAdmission,2.53,2.98,2.86,3.24,2.9,130,0,0,0.9,0.8,2,Stable,1,4,1
S00203,Female,Artificial Intelligence,EntranceExam,2.82,2.91,2.67,2.54,2.74,130,1,0,0.97,0.82,2,Stable,1,4,0
S00204,Male,Notary Relations,EntranceExam,2.15,2.87,2.46,2.49,2.49,125,0,1,0.83,0.74,3,Stable,1,4,0
S00205,Female,Information Security,EntranceExam,2.29,2.43,2.6,2.73,2.51,130,1,0,0.89,0.77,3,Average,1,4,1
S00206,Female,Accounting,EntranceExam,2.08,1.5,2.33,2.3,2.05,130,1,0,0.88,0.89,0,Average,0,5,1
S00207,Female,Financial Technology (Fintech),DirectAdmission,3.82,3.08,3.58,3.93,3.6,130,0,0,0.83,0.69,0,Average,1,4,0
S00208,Male,Business Administration,EntranceExam,2.2,2.44,2.18,1.57,2.1,120,2,0,1,0.93,1,Stable,1,4,0
S00209,Male,Notary Relations,EntranceExam,3.22,2.21,2.82,3.33,2.9,125,0,0,0.86,0.76,3,Average,1,4,0
S00210,Female,Automation,EntranceExam,2.72,2.97,3.58,3.15,3.1,140,0,0,0.85,0.72,0,Stable,1,4,0
S00211,Male,Automation,DirectAdmission,3.22,3.08,2.08,3.46,2.96,140,0,1,0.84,0.78,1,Average,1,4,0
S00212,Male,Multimedia Communication,EntranceExam,2.94,3.28,4,3.4,3.4,125,0,0,0.98,0.8,1,Average,1,4,1
S00213,Male,Information Security,EntranceExam,1.86,2.58,2.27,2.25,2.24,130,4,0,0.9,0.72,1,Stable,0,5,0
S00214,Male,Financial Technology (Fintech),EntranceExam,2.23,1.82,1.57,2.26,1.97,130,1,0,0.82,0.85,3,Stable,0,7,0
S00215,Female,Journalism,EntranceExam,2.04,2.43,2.56,2.84,2.47,120,2,0,0.81,0.73,0,Stable,0,7,1
S00216,Female,Multimedia Communication,DirectAdmission,3.02,2.88,2.74,2.67,2.83,125,0,0,0.95,0.85,0,Stable,1,4,1
S00217,Male,Marketing,EntranceExam,3.4,2.88,2.81,2.97,3.02,120,0,0,0.96,0.75,1,Average,1,4,0
S00218,Female,Information Technology,EntranceExam,2.1,1.8,1.98,1.78,1.92,130,8,0,0.83,0.82,2,Stable,0,7,1
S00219,Male,Information Technology,EntranceExam,1.99,2.55,2.92,2.67,2.53,130,3,0,0.79,0.91,2,Stable,0,5,0
S00220,Female,Information Technology,EntranceExam,2.59,1.82,2.47,2.55,2.36,130,6,1,0.72,0.75,3,Stable,0,5,1
S00221,Male,Game Design and Development,EntranceExam,2.85,2.21,2.87,3.68,2.9,140,0,0,0.93,1,2,Stable,1,4,1
S00222,Female,Marketing,DirectAdmission,1.91,2.25,1.6,1.83,1.9,120,2,0,0.86,0.97,0,Stable,1,4,1
S00223,Male,Multimedia Communication,EntranceExam,2.41,2.23,1.79,2.43,2.22,125,1,0,0.95,0.97,0,Stable,1,4,0
S00224,Male,Information Technology,EntranceExam,2.86,3.33,3.16,3.36,3.18,130,0,0,0.94,0.75,1,Average,1,4,1
S00225,Female,Business Administration,EntranceExam,2.9,2.9,2.57,2.24,2.65,120,0,0,0.97,0.9,2,Stable,1,4,1
S00226,Female,Marketing,DirectAdmission,2.74,2.38,2.3,2.7,2.53,120,1,0,0.95,0.86,2,Stable,1,4,1
S00227,Female,Automation,DirectAdmission,2.65,3.55,3.28,3.4,3.22,140,0,0,0.84,0.77,3,Stable,1,4,0
S00228,Female,Game Design and Development,EntranceExam,2.56,3.11,3.13,3.09,2.97,140,0,0,0.89,0.81,3,Stable,1,4,1
S00229,Female,Game Design and Development,EntranceExam,2.4,2.56,2.84,2.79,2.65,140,0,0,0.84,0.81,1,Stable,1,4,1
S00230,Female,Journalism,EntranceExam,1.67,2.31,2.52,2.32,2.2,120,2,0,0.71,0.76,2,Difficult,0,6,1
S00231,Male,Automation,EntranceExam,2.7,3.33,2.98,3.28,3.07,140,0,0,0.84,0.85,4,Stable,1,4,1
S00232,Male,Marketing,EntranceExam,2.62,2.52,2.33,2.31,2.45,120,4,0,0.83,0.72,2,Difficult,0,7,0
S00233,Female,Notary Relations,EntranceExam,1.73,2.37,2.76,2.4,2.32,125,0,0,0.83,0.76,2,Average,0,5,1
S00234,Male,Business Administration,EntranceExam,2.5,2.74,3.5,3.31,3.01,120,0,0,0.97,0.8,0,Stable,1,4,1
S00235,Female,Computer Science,EntranceExam,2.36,2.42,3.41,2.28,2.62,130,3,0,0.8,0.8,1,Difficult,0,6,1
S00236,Female,Artificial Intelligence,EntranceExam,1.97,1.86,1.85,2.81,2.12,130,4,0,1,0.99,4,Average,0,6,1
S00237,Male,Multimedia Technology,DirectAdmission,2.56,2.62,2.28,2.13,2.4,125,0,0,0.89,1,2,Average,1,4,0
S00238,Male,Information Security,EntranceExam,1.57,1.76,1.91,1.19,1.61,130,5,0,0.87,0.92,2,Stable,1,4,0
S00239,Female,Multimedia Communication,EntranceExam,3.02,3.04,2.81,2.42,2.82,125,0,0,0.86,0.62,0,Average,1,4,1
S00240,Female,Accounting,EntranceExam,1.86,1.53,1.51,1.61,1.63,130,5,0,0.94,0.79,3,Stable,0,5,0
S00241,Female,Information Technology,EntranceExam,2.87,2.93,2.8,2.51,2.78,130,0,0,0.93,1,0,Average,1,4,1
S00242,Female,Information Security,EntranceExam,1.37,2.35,1.95,1.8,1.87,130,3,0,1,0.77,2,Stable,0,6,1
S00243,Female,Business Administration,EntranceExam,2.31,2.32,2.82,2.48,2.48,120,2,0,0.8,0.76,0,Average,0,5,1
S00244,Female,Information Technology,EntranceExam,2.52,2.88,3.01,2.99,2.85,130,0,0,0.9,0.81,0,Average,1,4,1
S00245,Male,Marketing,DirectAdmission,1.76,2.34,1.91,1.62,1.91,120,8,0,0.69,0.96,2,Difficult,0,6,0
S00246,Female,Information Technology,EntranceExam,2.19,2.57,2.36,2.35,2.37,130,4,0,0.85,0.89,1,Average,0,5,1
S00247,Male,Artificial Intelligence,EntranceExam,2.43,1.84,2.42,2.01,2.17,130,5,0,0.73,0.89,1,Stable,0,5,0
S00248,Male,Computer Science,DirectAdmission,2.59,2.32,2.58,2.71,2.55,130,4,0,0.7,0.79,0,Average,0,5,0
S00249,Male,Journalism,EntranceExam,2.39,3.01,3.02,2.53,2.74,120,0,0,0.91,0.78,1,Average,1,4,0
S00250,Female,Information Technology,DirectAdmission,1.41,1.91,1.85,1.37,1.64,130,11,0,0.71,0.81,0,Stable,0,5,1
S00251,Male,Artificial Intelligence,DirectAdmission,2.26,2.6,2.11,3.1,2.52,130,1,0,0.8,0.72,4,Average,0,5,0
S00252,Male,Accounting,DirectAdmission,3.98,3.79,3.81,3.9,3.87,130,0,0,0.87,0.86,2,Stable,1,4,1
S00253,Female,Game Design and Development,EntranceExam,2.51,2.66,2.83,2.41,2.6,140,2,0,0.68,0.72,3,Average,0,5,1
S00254,Female,Multimedia Technology,EntranceExam,3.55,3,3.52,3.18,3.31,125,0,0,0.95,1,2,Stable,1,4,1
S00255,Male,Automation,EntranceExam,2.8,2.94,2.48,2.1,2.58,140,0,0,0.93,0.72,1,Stable,1,4,0
S00256,Female,Journalism,DirectAdmission,2.34,2.68,2.78,3.02,2.7,120,0,0,0.94,0.91,2,Average,1,4,1
S00257,Male,Multimedia Technology,EntranceExam,2.73,2.48,2.94,3,2.79,125,0,0,0.99,0.8,1,Stable,1,4,0
S00258,Female,Financial Technology (Fintech),EntranceExam,2.31,2.52,2.1,2.57,2.38,130,4,0,0.88,0.91,3,Difficult,0,5,1
S00259,Female,Multimedia Communication,DirectAdmission,2.49,3.34,2.89,2.9,2.9,125,1,0,0.91,0.71,0,Stable,1,4,1
S00260,Female,Information Security,EntranceExam,1.66,2.04,2.4,2.42,2.13,130,4,0,0.81,0.8,1,Average,0,8,0
S00261,Male,Artificial Intelligence,EntranceExam,2.53,2.95,2.37,2.72,2.64,130,0,0,0.89,0.8,2,Average,1,4,0
S00262,Female,Information Technology,EntranceExam,2.34,2.8,2.33,2.58,2.51,130,0,0,0.93,0.84,0,Average,1,4,1
S00263,Female,E-commerce,DirectAdmission,2.22,2.82,2.66,2.85,2.64,125,1,0,0.85,0.82,2,Average,0,8,1
S00264,Female,Multimedia Technology,EntranceExam,1.62,1.98,1.96,2.12,1.92,125,3,0,0.92,0.8,0,Stable,0,6,1
S00265,Female,Information Technology,EntranceExam,2.02,2.97,2.43,2.44,2.46,130,0,0,0.83,0.92,1,Stable,1,4,1
S00266,Female,Automation,EntranceExam,2.94,2.55,2.51,2.47,2.62,140,2,0,0.65,0.7,1,Difficult,0,7,1
S00267,Male,Information Technology,EntranceExam,3.41,3.09,3.46,3.86,3.46,130,0,0,0.84,0.75,1,Average,1,4,1
S00268,Female,Business Administration,EntranceExam,3.05,2.99,3.14,3.21,3.1,120,0,0,0.8,0.85,0,Stable,1,4,1
S00269,Female,Journalism,DirectAdmission,3.2,3.41,2.83,2.98,3.11,120,0,1,0.93,0.86,0,Average,1,4,0
S00270,Male,Computer Science,EntranceExam,2.29,2.77,2.71,3.07,2.71,130,2,0,0.95,0.84,1,Stable,1,4,0
S00271,Female,Game Design and Development,DirectAdmission,1.26,1.56,1.03,1.25,1.28,140,7,0,0.88,0.85,2,Average,0,6,0
S00272,Female,Game Design and Development,EntranceExam,2.46,2.45,3.05,3.12,2.77,140,0,0,0.84,0.84,1,Stable,1,4,1
S00273,Female,Information Technology,EntranceExam,2.03,1.99,2.21,1.93,2.04,130,1,0,0.75,0.64,2,Stable,0,5,1
S00274,Male,Information Security,EntranceExam,2.44,2.84,2.06,2.08,2.36,130,1,0,0.92,0.7,2,Average,0,5,0
S00275,Male,E-commerce,EntranceExam,3.46,3.39,3.79,4,3.66,125,1,0,0.89,0.89,1,Stable,1,4,1
S00276,Male,Information Technology,EntranceExam,1.69,1.99,2.44,2.15,2.07,130,1,0,0.92,0.88,2,Stable,1,4,0
S00277,Female,Game Design and Development,EntranceExam,1.9,1.98,1.95,1.9,1.93,140,7,1,0.78,0.73,1,Stable,0,5,1
S00278,Male,Marketing,EntranceExam,1.84,1.4,2.3,2.07,1.9,120,3,0,0.69,0.75,1,Difficult,0,6,0
S00279,Female,Accounting,EntranceExam,1.88,2.22,2.59,2.42,2.28,130,3,0,0.87,1,2,Average,0,5,0
S00280,Male,Information Technology,EntranceExam,1.97,2.68,2.15,2.03,2.21,130,2,0,0.83,0.86,2,Stable,1,4,0
S00281,Female,Business Administration,EntranceExam,2.47,2.01,3,2.72,2.55,120,3,0,0.71,0.65,0,Difficult,0,7,1
S00282,Female,Computer Science,DirectAdmission,1.52,1.42,1.48,1.98,1.6,130,2,0,0.92,0.87,0,Average,0,7,1
S00283,Male,Journalism,DirectAdmission,3,2.79,3.58,3.7,3.27,120,0,0,0.84,0.97,2,Stable,1,4,1
S00284,Female,Information Technology,DirectAdmission,2.73,2.94,3.11,2.66,2.86,130,0,0,0.86,0.98,2,Difficult,1,4,1
S00285,Male,Marketing,EntranceExam,2.84,2.98,2.51,2.63,2.74,120,0,0,0.94,0.84,0,Average,1,4,0
S00286,Female,Game Design and Development,EntranceExam,2.52,3.1,2.88,3.5,3,140,0,0,1,1,0,Stable,1,4,0
S00287,Male,Information Security,EntranceExam,1.86,1.51,2.21,2.28,1.96,130,2,0,0.71,0.72,1,Stable,0,8,0
S00288,Male,Artificial Intelligence,DirectAdmission,2.91,2.76,2.83,2.7,2.8,130,0,0,0.93,0.96,1,Stable,1,4,0
S00289,Female,Information Technology,DirectAdmission,3.64,3.42,3.76,4,3.7,130,0,0,0.81,0.67,1,Average,1,4,0
S00290,Male,Automation,EntranceExam,1.68,1.58,1.97,1.61,1.71,140,6,1,0.89,0.81,2,Stable,0,7,0
S00291,Male,Notary Relations,EntranceExam,1.36,1.09,1.67,0.91,1.26,125,3,0,0.81,0.8,3,Difficult,0,6,0
S00292,Male,Accounting,EntranceExam,1.11,0.97,0.76,1.14,0.99,130,5,0,0.91,0.93,2,Stable,0,5,0
S00293,Male,Notary Relations,EntranceExam,2.46,2.8,2.18,2.13,2.39,125,3,0,0.73,0.78,1,Average,0,5,0
S00294,Male,Accounting,EntranceExam,2.23,2.04,2.59,2.7,2.39,130,1,0,0.88,1,1,Stable,1,4,0
S00295,Male,Information Security,EntranceExam,3.01,3.09,2.92,3.03,3.01,130,0,0,0.84,0.86,0,Average,1,4,0
S00296,Male,E-commerce,EntranceExam,2.05,2.15,2.53,1.87,2.15,125,3,0,0.79,0.9,3,Average,0,6,0
S00297,Female,Computer Science,EntranceExam,1.89,2.63,2.91,3.03,2.62,130,0,0,0.82,0.82,2,Stable,1,4,1
S00298,Male,Artificial Intelligence,EntranceExam,2.6,2.78,2.7,2.69,2.69,130,0,0,0.83,0.86,1,Stable,1,4,0
S00299,Female,Automation,EntranceExam,1.49,1.91,1.75,1.66,1.7,140,4,0,0.8,0.66,3,Stable,0,6,0
S00300,Male,Artificial Intelligence,EntranceExam,3.04,3.25,3.77,2.74,3.2,130,0,0,0.86,0.84,2,Average,1,4,1
S00301,Male,Automation,EntranceExam,3.15,3.05,2.97,3.71,3.22,140,0,0,0.91,0.76,1,Stable,1,4,1
S00302,Female,Journalism,EntranceExam,1.62,1.98,2.16,1.88,1.91,120,10,0,0.81,0.92,3,Average,0,7,1
S00303,Male,Accounting,EntranceExam,3.04,3.31,2.63,3.3,3.07,130,0,0,0.97,0.68,1,Average,1,4,0
S00304,Female,Financial Technology (Fintech),EntranceExam,2.87,2.94,2.77,3.34,2.98,130,1,0,0.81,0.72,2,Stable,1,4,1
S00305,Female,Financial Technology (Fintech),EntranceExam,2.11,2.07,1.93,1.65,1.94,130,4,0,0.9,0.94,0,Stable,0,7,0
S00306,Female,Multimedia Technology,EntranceExam,1.96,2.12,2.21,2,2.07,125,3,1,0.8,0.72,1,Stable,0,7,1
S00307,Male,Accounting,DirectAdmission,2.65,2.8,2.56,2.56,2.64,130,0,0,0.77,0.94,0,Difficult,0,5,0
S00308,Female,Financial Technology (Fintech),EntranceExam,2.1,2.37,2.11,2.18,2.19,130,2,0,1,1,0,Stable,1,4,1
S00309,Female,Notary Relations,EntranceExam,2.44,2.69,2.95,2.86,2.74,125,1,0,0.97,0.85,2,Stable,1,4,1
S00310,Male,Business Administration,DirectAdmission,2.23,2.21,2.31,2.14,2.22,120,3,0,0.85,0.91,0,Average,0,7,0
S00311,Female,Artificial Intelligence,EntranceExam,2.41,2.22,2.3,2.09,2.26,130,7,0,0.75,0.68,2,Stable,0,7,1
S00312,Male,Artificial Intelligence,DirectAdmission,2.25,2.25,2.75,2.43,2.42,130,3,0,0.89,0.92,0,Difficult,0,6,0
S00313,Male,Accounting,EntranceExam,2.42,2.75,3.14,2.28,2.65,130,0,0,0.94,0.8,2,Average,1,4,0
S00314,Female,Notary Relations,EntranceExam,1.19,1.42,1.58,1.36,1.39,125,5,0,0.96,0.95,1,Stable,0,8,1
S00315,Female,Information Technology,DirectAdmission,2.9,3.21,3.25,2.79,3.04,130,2,1,0.9,0.83,0,Average,0,5,0
S00316,Male,Information Technology,DirectAdmission,2.78,2.92,2.82,2.98,2.88,130,3,0,0.74,0.71,0,Difficult,0,6,0
S00317,Female,Computer Science,EntranceExam,2.73,2.63,2.59,3.23,2.8,130,2,0,0.73,0.8,1,Average,0,5,0
S00318,Female,Business Administration,EntranceExam,3.51,3.17,3.8,3.4,3.47,120,0,0,0.96,0.85,0,Stable,1,4,0
S00319,Male,Business Administration,EntranceExam,3.13,3.33,2.87,2.89,3.06,120,0,0,0.99,0.85,0,Stable,1,4,0
S00320,Male,Business Administration,EntranceExam,3.26,4,3.04,3.37,3.42,120,0,0,0.94,0.82,0,Stable,1,4,1
S00321,Female,Information Technology,EntranceExam,2.23,2.37,2.37,1.97,2.24,130,0,0,0.93,0.88,0,Stable,1,4,1
S00322,Female,Marketing,DirectAdmission,2.31,2.52,2.23,2.48,2.39,120,3,0,0.77,0.75,3,Average,0,6,1
S00323,Female,Automation,DirectAdmission,3.13,3.29,4,3.48,3.48,140,0,0,0.92,0.65,0,Stable,1,4,0
S00324,Male,E-commerce,EntranceExam,3.32,3.46,3.72,3.88,3.6,125,0,0,0.96,0.96,1,Stable,1,4,1
S00325,Male,Automation,DirectAdmission,2.27,2.5,2.27,2.8,2.46,140,0,0,0.93,0.94,1,Average,1,4,0
S00326,Female,Marketing,EntranceExam,1.83,1.99,1.59,1.89,1.82,120,6,0,0.88,0.77,2,Stable,0,5,1
S00327,Male,Game Design and Development,EntranceExam,1.99,2.17,2.06,2.58,2.2,140,0,0,0.87,0.81,4,Stable,1,4,0
S00328,Female,E-commerce,EntranceExam,2.23,2.96,2.71,1.93,2.46,125,0,0,0.86,0.91,1,Stable,1,4,1
S00329,Male,Artificial Intelligence,EntranceExam,1.68,1.83,1.59,2.07,1.79,130,6,0,0.86,0.91,1,Average,0,6,0
S00330,Female,Artificial Intelligence,EntranceExam,1.19,2.14,2.09,1.99,1.85,130,2,0,0.72,0.96,2,Average,0,7,0
S00331,Male,Artificial Intelligence,DirectAdmission,2.11,2.3,2.33,1.79,2.13,130,0,0,0.8,0.95,0,Average,0,6,0
S00332,Male,Computer Science,EntranceExam,2.53,2.64,2.09,2.25,2.38,130,5,0,0.68,0.68,2,Stable,0,5,0
S00333,Female,Multimedia Technology,EntranceExam,2.03,1.83,1.92,2.22,2,125,2,0,0.87,0.69,0,Average,0,5,1
S00334,Male,Game Design and Development,EntranceExam,2.75,2.53,2.65,2.93,2.72,140,0,0,0.93,0.78,1,Average,1,4,0
S00335,Female,Accounting,EntranceExam,2.4,2.62,2.33,2.33,2.42,130,0,0,0.86,0.95,2,Stable,1,4,1
S00336,Male,Computer Science,EntranceExam,1.86,2.87,2.02,2.01,2.19,130,0,0,0.87,0.88,1,Stable,1,4,0
S00337,Female,Computer Science,EntranceExam,2.27,2.73,2.62,2.98,2.65,130,1,0,0.84,0.78,2,Stable,1,4,1
S00338,Female,Computer Science,EntranceExam,2.39,2.49,1.76,2.22,2.22,130,3,0,0.8,1,3,Stable,1,4,1
S00339,Female,Information Technology,EntranceExam,2.93,2.65,2.7,2.82,2.78,130,0,0,0.93,0.93,2,Stable,1,4,1
S00340,Male,Computer Science,DirectAdmission,2.08,2.82,2.36,3.21,2.62,130,3,0,0.87,0.52,0,Stable,0,7,0
S00341,Male,E-commerce,EntranceExam,1.55,1.97,1.83,1.81,1.79,125,4,0,0.91,0.82,1,Stable,0,5,0
S00342,Female,Information Technology,DirectAdmission,2.99,2.46,2.48,3.07,2.75,130,1,0,0.81,0.88,1,Stable,1,4,1
S00343,Female,Marketing,EntranceExam,2.85,2.8,2.77,2.9,2.83,120,0,0,0.83,0.9,3,Average,1,4,1
S00344,Female,Information Technology,EntranceExam,1.7,1.98,2.23,2.3,2.05,130,0,0,0.86,0.86,3,Stable,1,4,0
S00345,Female,Information Security,EntranceExam,2.96,3.02,3.13,2.66,2.94,130,0,0,0.89,0.76,3,Stable,1,4,1
S00346,Female,Information Technology,EntranceExam,1.86,2.11,1.91,2.67,2.14,130,1,0,0.94,0.75,1,Stable,1,4,0
S00347,Female,Automation,EntranceExam,1.66,2.7,2.44,2.59,2.35,140,3,0,0.78,0.9,0,Average,0,5,1
S00348,Female,Information Security,EntranceExam,1.48,2.04,1.62,2.33,1.87,130,5,0,0.88,0.87,1,Average,0,6,1
S00349,Male,Artificial Intelligence,EntranceExam,2.04,2.37,2.61,2.47,2.37,130,0,0,0.87,0.81,2,Average,1,4,0
S00350,Female,Notary Relations,EntranceExam,2.27,2.13,2.02,2.16,2.14,125,1,0,0.87,0.82,1,Stable,1,4,0
S00351,Female,Multimedia Technology,EntranceExam,1,1.39,0.87,1.51,1.19,125,5,0,0.89,0.79,3,Stable,0,7,0
S00352,Male,Information Technology,DirectAdmission,2.78,2.44,2.36,2.89,2.62,130,1,0,0.82,0.77,1,Difficult,0,5,0
S00353,Female,Business Administration,DirectAdmission,1.71,1.72,2.68,1.95,2.01,120,1,0,0.75,0.71,2,Stable,0,8,0
S00354,Male,Multimedia Communication,EntranceExam,2.79,2.85,2.47,2.38,2.62,125,1,1,0.91,0.89,1,Stable,1,4,0
S00355,Male,Multimedia Technology,EntranceExam,2.28,1.93,2.04,2.23,2.12,125,2,0,0.89,0.83,2,Difficult,0,5,0
S00356,Female,Accounting,EntranceExam,3.04,3.24,3.28,3.05,3.15,130,0,0,0.85,0.68,6,Stable,1,4,0
S00357,Female,Computer Science,EntranceExam,1.94,1.75,1.92,1.98,1.9,130,5,0,0.88,0.83,7,Average,0,5,0
S00358,Male,Marketing,EntranceExam,2.2,2.23,1.68,2.05,2.04,120,4,0,0.83,0.81,3,Average,0,6,0
S00359,Female,Business Administration,DirectAdmission,2.73,2.51,2.99,2.93,2.79,120,0,2,0.89,0.92,0,Stable,1,4,1
S00360,Male,Journalism,EntranceExam,2.42,2.4,2.26,2.12,2.3,120,2,0,0.86,1,1,Average,0,5,0
S00361,Male,Business Administration,EntranceExam,2.53,2.1,2.5,2.73,2.46,120,1,0,0.84,0.91,2,Stable,1,4,0
S00362,Female,Marketing,EntranceExam,3.78,3.56,3.77,3.82,3.73,120,1,0,0.84,0.89,0,Average,1,4,0
S00363,Female,Computer Science,DirectAdmission,2.23,2.35,2.3,2,2.22,130,1,0,0.79,0.7,1,Average,0,6,1
S00364,Male,Notary Relations,EntranceExam,1.52,1.81,1.72,1.35,1.6,125,6,0,0.78,0.69,2,Stable,0,5,0
S00365,Female,Multimedia Communication,EntranceExam,1.75,2.37,2.55,2.44,2.28,125,0,0,0.86,0.99,3,Average,1,4,1
S00366,Male,Artificial Intelligence,DirectAdmission,3.07,3.53,3.42,3.15,3.29,130,0,0,0.69,0.72,2,Difficult,0,8,1
S00367,Female,Computer Science,EntranceExam,2.28,1.88,1.63,1.92,1.93,130,6,2,1,0.93,2,Stable,0,7,1
S00368,Female,Business Administration,EntranceExam,2.6,2.5,2.14,1.97,2.3,120,0,1,0.83,1,2,Stable,1,4,1
S00369,Female,Computer Science,EntranceExam,2.61,2.2,2.81,2.45,2.52,130,1,0,0.83,0.8,6,Stable,1,4,1
S00370,Male,Information Technology,EntranceExam,2.55,3.35,2.28,2.65,2.71,130,0,1,0.94,1,2,Average,1,4,0
S00371,Female,Accounting,EntranceExam,2.34,2.97,2.33,2.49,2.53,130,1,0,0.83,0.8,2,Stable,1,4,1
S00372,Female,Artificial Intelligence,EntranceExam,1.99,2.39,2.07,1.93,2.09,130,2,0,0.8,0.74,4,Stable,0,7,1
S00373,Female,Business Administration,DirectAdmission,1.89,1.96,2.51,1.69,2.01,120,3,0,0.87,0.8,1,Difficult,0,8,0
S00374,Male,Computer Science,DirectAdmission,2.75,2.44,3.08,2.66,2.73,130,0,1,0.91,0.84,4,Stable,1,4,0
S00375,Female,Marketing,EntranceExam,3.4,3.11,3.54,2.68,3.18,120,0,0,0.89,0.85,5,Average,1,4,0
S00376,Male,Artificial Intelligence,EntranceExam,3.44,3.46,2.79,3.37,3.27,130,0,0,0.81,0.72,2,Average,1,4,1
S00377,Male,Game Design and Development,DirectAdmission,3.24,2.82,3.37,3.42,3.21,140,0,0,0.94,0.8,1,Stable,1,4,1
S00378,Female,Journalism,DirectAdmission,1.35,1.91,1.13,1.35,1.44,120,7,0,0.78,0.85,0,Average,0,5,1
S00379,Female,Marketing,DirectAdmission,1.72,2.1,2.19,1.94,1.99,120,7,2,0.8,0.87,0,Difficult,0,5,1
S00380,Male,Game Design and Development,EntranceExam,3.47,3.37,3.39,4,3.56,140,0,0,0.99,0.85,2,Stable,1,4,1
S00381,Male,Notary Relations,EntranceExam,1.32,1.21,1.1,0.89,1.13,125,4,0,0.87,0.88,0,Stable,0,5,0
S00382,Female,Automation,DirectAdmission,1.67,1.87,2.04,2.54,2.03,140,0,0,0.95,0.97,0,Average,1,4,1
S00383,Male,Financial Technology (Fintech),DirectAdmission,1.44,1.9,1.94,2.37,1.91,130,8,1,0.89,0.98,2,Stable,0,5,0
S00384,Male,Multimedia Communication,DirectAdmission,3.05,3.29,3.23,3.45,3.26,125,0,0,0.86,0.76,2,Stable,1,4,1
S00385,Male,E-commerce,EntranceExam,2.84,2.86,2.91,3.11,2.93,125,0,0,0.9,0.82,0,Average,1,4,0
S00386,Male,Multimedia Technology,EntranceExam,2.86,2.62,3.09,2.35,2.73,125,0,0,0.99,0.83,2,Stable,1,4,0
S00387,Female,Business Administration,EntranceExam,2.72,3.41,3.16,3.35,3.16,120,0,0,0.85,0.65,0,Stable,1,4,0
S00388,Male,Marketing,EntranceExam,1.2,2.16,1.8,1.57,1.68,120,5,0,0.9,0.9,1,Stable,0,5,0
S00389,Female,Multimedia Communication,EntranceExam,2.62,2.55,2.06,2.42,2.41,125,2,0,0.82,0.85,2,Average,1,4,0
S00390,Female,Computer Science,EntranceExam,2.5,2.66,2.47,2.17,2.45,130,0,0,0.88,0.75,0,Average,1,4,1
S00391,Male,Information Security,EntranceExam,2.93,3.17,2.81,2.8,2.93,130,0,0,0.92,0.9,4,Stable,1,4,1
S00392,Female,Artificial Intelligence,EntranceExam,2.79,2.22,2.68,2.51,2.55,130,1,0,0.96,0.8,2,Average,1,4,1
S00393,Male,Multimedia Technology,EntranceExam,2.34,2.26,2.75,2.16,2.38,125,1,0,0.82,0.97,1,Stable,1,4,0
S00394,Male,Computer Science,EntranceExam,1.78,1.78,1.92,1.57,1.76,130,2,1,0.68,0.66,2,Difficult,0,7,0
S00395,Female,E-commerce,EntranceExam,2.54,2.19,2.53,2.67,2.48,125,0,0,0.83,0.97,2,Stable,1,4,1
S00396,Male,Artificial Intelligence,EntranceExam,3.48,3.71,3.43,3.75,3.59,130,0,0,0.97,0.85,2,Average,1,4,1
S00397,Female,Financial Technology (Fintech),EntranceExam,2.1,1.61,2.25,2.2,2.04,130,0,0,0.94,1,0,Stable,1,4,1
S00398,Male,E-commerce,DirectAdmission,2.55,2.83,2.75,3.39,2.88,125,0,0,0.99,1,2,Average,1,4,1
S00399,Male,Marketing,EntranceExam,2.46,2.26,2.58,1.54,2.21,120,3,0,0.8,0.89,1,Difficult,0,7,0
S00400,Female,E-commerce,DirectAdmission,2.13,2.54,2,2.4,2.27,125,1,0,0.92,0.94,1,Stable,1,4,0
S00401,Male,Multimedia Technology,EntranceExam,2.05,1.79,1.43,1.06,1.58,125,3,0,0.73,0.77,1,Average,0,6,0
S00402,Male,Computer Science,EntranceExam,2.08,2.46,2.47,2.53,2.38,130,0,0,0.89,0.99,1,Average,1,4,0
S00403,Female,Artificial Intelligence,DirectAdmission,2.11,2.32,2.16,2.48,2.27,130,3,0,0.93,0.87,0,Stable,0,5,1
S00404,Female,Artificial Intelligence,DirectAdmission,2.94,2.93,3.16,3.36,3.1,130,0,0,0.86,0.86,2,Stable,1,4,0
S00405,Male,Information Security,EntranceExam,2.71,2.64,2.45,2.78,2.64,130,1,0,0.87,0.84,1,Stable,1,4,0
S00406,Male,Multimedia Communication,EntranceExam,2.66,2.47,2.49,3.25,2.72,125,1,0,0.82,0.76,1,Stable,1,4,0
S00407,Male,Computer Science,EntranceExam,3.07,3.54,4,3.32,3.48,130,0,0,0.92,0.96,2,Stable,1,4,1
S00408,Female,Automation,EntranceExam,1.48,2.18,2.28,1.29,1.81,140,7,0,0.84,0.72,3,Stable,0,5,0
S00409,Male,Artificial Intelligence,EntranceExam,2.33,2.32,2.67,2.5,2.46,130,2,0,0.96,0.91,2,Stable,1,4,0
S00410,Male,Information Security,DirectAdmission,1.87,2.64,2.31,1.98,2.2,130,2,0,0.94,0.94,2,Stable,1,4,0
S00411,Male,Computer Science,EntranceExam,1.78,1.87,1.94,2.34,1.98,130,1,0,0.94,0.83,1,Stable,1,4,0
S00412,Female,Notary Relations,EntranceExam,2.52,2.37,3.3,3.2,2.85,125,0,0,0.96,0.91,2,Average,1,4,0
S00413,Male,Artificial Intelligence,EntranceExam,2.56,3.29,2.38,2.48,2.68,130,1,0,0.85,0.88,0,Average,0,7,0
S00414,Female,Notary Relations,EntranceExam,2.21,2.92,2.21,2.51,2.46,125,1,1,0.84,1,4,Stable,1,4,1
S00415,Female,Marketing,EntranceExam,2.8,2.88,2.19,2.42,2.57,120,4,0,0.72,0.66,0,Average,0,7,1
S00416,Male,Information Security,EntranceExam,2.52,2.8,2.5,2.24,2.52,130,1,0,0.8,0.84,1,Average,1,4,0
S00417,Male,Information Security,DirectAdmission,2.72,2.85,2.56,2.88,2.75,130,5,0,0.64,0.76,0,Difficult,0,7,0
S00418,Male,Multimedia Communication,EntranceExam,2.56,2.6,2.63,2.29,2.52,125,0,0,0.84,0.74,0,Stable,1,4,0
S00419,Male,Information Technology,DirectAdmission,2.38,2.68,2.28,2.64,2.5,130,4,0,0.62,0.78,1,Stable,0,5,0
S00420,Male,Journalism,EntranceExam,3.32,3.4,3.94,4,3.66,120,0,0,0.89,0.9,1,Average,1,4,1
S00421,Male,E-commerce,EntranceExam,1.02,1.7,1.31,1.17,1.3,125,7,0,0.91,0.85,1,Stable,0,5,0
S00422,Female,Multimedia Communication,EntranceExam,2.72,2.59,2.74,3.14,2.8,125,0,0,0.89,0.92,1,Stable,1,4,1
S00423,Female,Accounting,EntranceExam,2.73,2.31,2.61,3.32,2.74,130,1,0,0.89,0.83,0,Average,1,4,1
S00424,Male,Notary Relations,EntranceExam,2.75,3.13,3.1,3.44,3.1,125,0,0,0.92,0.81,3,Average,1,4,1
S00425,Female,Information Security,EntranceExam,1.9,1.68,1.13,1.85,1.64,130,3,0,0.9,0.91,1,Stable,0,5,1
S00426,Female,Notary Relations,EntranceExam,2.47,2.98,2.44,3.01,2.72,125,0,0,0.91,0.92,1,Stable,1,4,1
S00427,Male,Multimedia Communication,EntranceExam,3.17,3.11,3.06,2.29,2.91,125,0,0,0.9,0.73,3,Stable,1,4,0
S00428,Female,Game Design and Development,EntranceExam,2.36,3.12,3.19,3.13,2.95,140,0,0,0.8,0.87,0,Average,1,4,1
S00429,Male,Business Administration,EntranceExam,2.59,1.78,2.23,1.65,2.06,120,1,0,0.82,0.99,1,Stable,1,4,0
S00430,Female,Financial Technology (Fintech),DirectAdmission,2.64,2.31,2.33,2.89,2.54,130,3,0,0.75,0.92,3,Stable,0,5,1
S00431,Male,Multimedia Communication,EntranceExam,1.77,1.5,1.49,2.39,1.79,125,6,0,0.72,0.87,1,Stable,0,5,0
S00432,Male,Information Security,DirectAdmission,2.88,2.38,2.81,3.31,2.84,130,1,0,0.95,0.88,0,Average,1,4,0
S00433,Female,Financial Technology (Fintech),EntranceExam,2.29,2.35,2.54,1.65,2.21,130,4,0,0.79,0.9,2,Difficult,0,8,1
S00434,Male,Business Administration,EntranceExam,1.59,1.67,1.37,1.97,1.65,120,5,1,0.81,0.88,0,Average,0,7,0
S00435,Female,Marketing,EntranceExam,2.07,2.38,2.29,2.46,2.3,120,5,0,0.82,0.85,1,Stable,0,5,0
S00436,Female,Financial Technology (Fintech),EntranceExam,2.81,2.65,3.04,2.67,2.79,130,0,0,0.82,0.83,1,Stable,1,4,1
S00437,Male,Computer Science,DirectAdmission,2.88,3.25,3.19,2.44,2.94,130,0,0,0.89,0.84,1,Difficult,0,6,1
S00438,Male,Marketing,EntranceExam,2.91,3.09,3.27,3.24,3.13,120,0,0,0.88,0.9,1,Average,1,4,1
S00439,Female,Journalism,EntranceExam,2.17,2.15,2.51,2.38,2.3,120,1,0,0.8,0.78,1,Average,0,5,1
S00440,Female,Computer Science,EntranceExam,2.63,2.27,2.34,3.11,2.59,130,1,0,0.8,0.88,1,Average,0,7,1
S00441,Male,Multimedia Communication,EntranceExam,1.74,1.72,1.83,1.68,1.74,125,4,0,0.86,0.98,0,Stable,0,5,0
S00442,Male,Game Design and Development,EntranceExam,2.23,2.44,2.05,2.1,2.2,140,0,0,0.94,0.8,3,Stable,1,4,0
S00443,Male,Marketing,EntranceExam,1.95,2.41,2.05,2.66,2.27,120,0,0,0.83,0.94,1,Stable,1,4,0
S00444,Female,Financial Technology (Fintech),EntranceExam,2.34,2.66,2.55,3.01,2.64,130,0,0,0.92,0.96,1,Average,1,4,1
S00445,Male,Information Technology,EntranceExam,2.88,3.27,2.92,3.34,3.1,130,1,0,0.89,0.83,3,Average,1,4,0
S00446,Male,Information Technology,EntranceExam,2.4,2.45,3.15,3.36,2.84,130,3,0,0.74,0.5,3,Difficult,0,6,0
S00447,Female,Information Security,DirectAdmission,3.31,3.79,3.08,3.42,3.4,130,1,0,0.95,0.8,1,Stable,1,4,1
S00448,Male,Business Administration,EntranceExam,1.78,1.62,1.87,1.88,1.79,120,4,1,0.84,0.8,0,Difficult,0,7,0
S00449,Male,Business Administration,EntranceExam,2.22,2.8,2.97,2.97,2.74,120,1,0,0.81,0.8,0,Stable,1,4,0
S00450,Female,Information Security,DirectAdmission,2.43,2.24,2.16,2.93,2.44,130,1,0,0.9,0.8,3,Stable,1,4,1
S00451,Male,Game Design and Development,EntranceExam,2.15,2.48,2.33,2.45,2.35,140,0,0,0.94,0.88,1,Stable,1,4,0
S00452,Male,Multimedia Technology,EntranceExam,2.51,2.22,2.06,2.05,2.21,125,1,0,0.8,0.95,3,Average,1,4,0
S00453,Female,Journalism,EntranceExam,1.98,2.92,2.68,2.58,2.54,120,2,0,0.74,0.76,1,Stable,0,6,1
S00454,Female,E-commerce,EntranceExam,3.12,3.13,3.5,3.47,3.3,125,0,0,0.92,0.89,1,Stable,1,4,0
S00455,Male,Information Technology,EntranceExam,2.65,2.9,2.79,2.85,2.8,130,0,0,0.9,0.77,1,Average,1,4,0
S00456,Female,Computer Science,DirectAdmission,3.04,3.53,3,3.04,3.15,130,0,0,0.97,0.77,1,Stable,1,4,1
S00457,Male,Artificial Intelligence,EntranceExam,2.56,3.23,3.5,2.83,3.03,130,1,0,0.87,1,2,Stable,1,4,1
S00458,Female,Accounting,DirectAdmission,3.8,3.66,3.62,3.4,3.62,130,1,1,0.62,0.81,4,Average,0,5,0
S00459,Male,Marketing,EntranceExam,3.14,3.57,2.67,2.9,3.07,120,3,1,0.78,0.79,3,Difficult,0,5,0
S00460,Male,Game Design and Development,EntranceExam,2.57,2.19,2.35,2.74,2.46,140,0,0,0.82,0.9,0,Stable,1,4,0
S00461,Female,Automation,DirectAdmission,2.74,2.85,2.5,2.78,2.72,140,1,1,0.84,0.94,0,Stable,1,4,1
S00462,Male,E-commerce,EntranceExam,2.82,3.29,3.3,3.18,3.15,125,0,0,0.89,0.8,0,Average,1,4,1
S00463,Male,Game Design and Development,EntranceExam,2.52,3.08,3.37,2.94,2.98,140,0,1,0.94,0.94,1,Stable,1,4,0
S00464,Male,Computer Science,EntranceExam,1.72,1.93,1.69,2.52,1.96,130,7,0,0.66,0.56,1,Stable,0,5,0
S00465,Male,Artificial Intelligence,DirectAdmission,3.06,2.97,2.9,3.33,3.06,130,0,0,0.95,0.81,4,Stable,1,4,0
S00466,Male,Information Technology,DirectAdmission,2.81,2.83,2.33,2.62,2.65,130,0,1,0.95,0.69,0,Stable,1,4,0
S00467,Male,E-commerce,EntranceExam,2.06,2.62,3.05,3.07,2.7,125,0,0,0.87,0.75,1,Average,1,4,0
S00468,Male,Information Technology,EntranceExam,2.91,3.41,2.82,3.02,3.04,130,0,0,0.87,0.62,0,Stable,1,4,0
S00469,Male,Game Design and Development,DirectAdmission,1.72,2.57,1.85,1.89,2.01,140,2,0,0.87,1,2,Average,1,4,0
S00470,Male,Financial Technology (Fintech),EntranceExam,2.67,2.48,1.92,2.52,2.4,130,3,0,0.97,0.97,1,Stable,1,4,0
S00471,Male,Information Security,DirectAdmission,2.79,2.88,3.29,2.78,2.94,130,2,0,0.85,0.81,1,Difficult,0,5,0
S00472,Male,Game Design and Development,DirectAdmission,1.75,1.81,2,1.35,1.73,140,3,0,0.8,0.79,1,Average,0,5,0
S00473,Female,Information Security,EntranceExam,2.48,2.79,3.02,2.87,2.79,130,0,1,0.91,0.89,2,Difficult,0,6,1
S00474,Male,Accounting,DirectAdmission,2.56,2.77,2.69,2.57,2.65,130,0,0,0.94,0.86,1,Stable,1,4,0
S00475,Female,Computer Science,EntranceExam,2.45,2.8,3.16,2.52,2.73,130,3,0,0.73,0.74,4,Difficult,0,7,1
S00476,Male,Computer Science,DirectAdmission,2.24,2.65,2.82,2.44,2.54,130,0,0,0.94,0.91,3,Stable,1,4,0
S00477,Female,Notary Relations,DirectAdmission,2.05,2.01,2.05,2.49,2.15,125,0,0,0.9,0.93,0,Stable,1,4,0
S00478,Female,Game Design and Development,DirectAdmission,2.11,2.52,2.43,2.74,2.45,140,1,0,0.84,0.83,3,Stable,1,4,1
S00479,Male,Game Design and Development,EntranceExam,2.31,3.01,2.4,2.57,2.57,140,0,1,0.94,0.79,2,Stable,1,4,0
S00480,Female,E-commerce,EntranceExam,2.52,3.34,2.62,2.87,2.84,125,0,0,0.85,0.69,1,Stable,1,4,1
S00481,Female,E-commerce,EntranceExam,2.09,2.36,2.1,2.43,2.24,125,1,0,0.92,0.79,0,Average,1,4,0
S00482,Female,E-commerce,DirectAdmission,2.38,2.24,2.55,2.56,2.43,125,2,0,0.79,0.72,1,Average,0,5,1
S00483,Male,Information Technology,EntranceExam,2.39,3.01,2.96,2.78,2.78,130,0,0,0.91,0.85,2,Stable,1,4,0
S00484,Female,Multimedia Technology,DirectAdmission,3.25,3.14,3.38,3.81,3.4,125,0,0,0.85,0.79,2,Difficult,1,4,0
S00485,Male,Multimedia Communication,EntranceExam,1.9,1.97,1.87,1.24,1.74,125,4,1,0.81,0.82,2,Average,0,6,0
S00486,Female,Multimedia Technology,EntranceExam,2.14,2.57,2.13,2.66,2.38,125,2,0,0.88,0.68,1,Average,0,6,1
S00487,Male,Information Technology,DirectAdmission,2.74,2.76,2.78,2.68,2.74,130,1,0,0.88,0.92,3,Difficult,0,6,0
S00488,Female,Marketing,DirectAdmission,3.4,3.51,3.44,4,3.59,120,1,0,0.93,0.76,1,Stable,1,4,0
S00489,Female,Information Technology,EntranceExam,2.59,2.57,2.34,2.3,2.45,130,1,1,0.95,0.91,1,Average,0,5,1
S00490,Male,Artificial Intelligence,EntranceExam,2.19,2.26,2.29,2.51,2.31,130,3,0,0.79,0.82,1,Average,0,7,0
S00491,Male,Multimedia Communication,EntranceExam,3.73,3.6,3.86,3.93,3.78,125,0,0,0.86,0.91,1,Average,1,4,1
S00492,Female,Artificial Intelligence,EntranceExam,2.64,2.5,2.93,3.29,2.84,130,1,0,0.84,0.79,1,Stable,1,4,1
S00493,Male,Information Technology,DirectAdmission,2.9,3.13,3.38,3.02,3.11,130,0,1,0.88,1,3,Stable,1,4,1
S00494,Male,Automation,EntranceExam,2.13,2.5,2.86,2.94,2.61,140,4,0,0.77,0.59,4,Average,0,5,0
S00495,Male,E-commerce,EntranceExam,2.24,2.73,2.45,2.45,2.47,125,0,0,0.98,0.97,0,Stable,1,4,0
S00496,Female,Financial Technology (Fintech),EntranceExam,2.31,2.69,2.23,2.19,2.36,130,0,0,0.97,0.98,0,Stable,1,4,1
S00497,Male,Business Administration,EntranceExam,2.56,2.6,2.99,3.5,2.91,120,0,0,0.89,0.86,1,Stable,1,4,0
S00498,Female,Artificial Intelligence,DirectAdmission,2.87,2.5,3.17,3.24,2.94,130,0,0,0.99,0.77,1,Average,1,4,1
S00499,Male,Marketing,EntranceExam,2.4,2.4,2.54,2.43,2.44,120,2,0,0.8,0.86,2,Average,0,6,0
S00500,Male,E-commerce,EntranceExam,1.52,2.04,1.57,1.47,1.65,125,1,1,0.96,0.99,1,Stable,0,6,0
S00501,Female,Accounting,DirectAdmission,3.32,2.75,3.09,2.93,3.02,130,1,1,0.79,0.95,4,Average,0,5,1
S00502,Male,Business Administration,EntranceExam,2.34,2.19,2.61,2.56,2.42,120,0,0,0.9,0.79,3,Average,1,4,0
S00503,Male,Accounting,EntranceExam,2.53,2.6,2.63,3.17,2.73,130,1,0,0.96,1,2,Stable,1,4,0
S00504,Male,Information Security,EntranceExam,2.07,1.82,2.28,2.53,2.17,130,0,0,0.97,0.91,1,Stable,1,4,0
S00505,Female,Automation,DirectAdmission,3,3.26,3,2.87,3.03,140,0,0,0.8,0.8,2,Average,1,4,1
S00506,Male,Multimedia Communication,DirectAdmission,2.39,2.21,2.54,2.95,2.52,125,0,0,0.96,0.73,3,Average,1,4,0
S00507,Male,Information Technology,EntranceExam,3.15,3.08,3.65,2.69,3.14,130,0,0,0.93,0.9,1,Stable,1,4,0
S00508,Female,Information Security,EntranceExam,2.71,3.07,2.88,2.42,2.77,130,0,0,0.85,0.86,1,Stable,1,4,1
S00509,Female,Automation,EntranceExam,2.69,2.99,2.84,3.14,2.92,140,0,0,0.97,0.88,2,Difficult,1,4,0
S00510,Male,Information Technology,EntranceExam,3.26,3.03,3.52,3.08,3.22,130,0,0,0.87,0.89,2,Stable,1,4,1
S00511,Female,Information Technology,EntranceExam,1.84,1.63,1.58,1.28,1.58,130,5,0,0.66,0.78,1,Average,0,5,0
S00512,Female,Accounting,EntranceExam,3.08,2.83,3.31,2.92,3.04,130,0,0,0.85,0.86,0,Stable,1,4,1
S00513,Male,Financial Technology (Fintech),DirectAdmission,1.6,2,2.33,1.49,1.86,130,3,0,0.79,0.82,2,Difficult,0,6,0
S00514,Male,Multimedia Communication,DirectAdmission,1.7,1.54,1.76,1.35,1.59,125,9,1,0.86,0.8,2,Difficult,0,7,0
S00515,Female,Accounting,EntranceExam,1.75,1.7,1.87,2.3,1.9,130,5,1,0.9,0.85,0,Stable,0,6,0
S00516,Female,Computer Science,EntranceExam,1.92,1.82,2.4,2.5,2.16,130,4,0,0.82,0.91,2,Average,0,6,1
S00517,Male,Information Technology,DirectAdmission,2.92,2.85,3.23,3.08,3.02,130,0,0,0.8,0.87,1,Stable,1,4,0
S00518,Female,Multimedia Communication,EntranceExam,2.83,2.89,2.33,2.39,2.61,125,2,0,0.7,0.64,2,Average,0,7,1
S00519,Female,Game Design and Development,EntranceExam,2.78,2.42,2.78,3.59,2.89,140,0,0,0.94,1,3,Average,1,4,0
S00520,Male,E-commerce,EntranceExam,1.97,2.05,2.01,1.41,1.86,125,6,0,0.88,0.96,1,Average,0,7,0
S00521,Male,Artificial Intelligence,EntranceExam,2.06,2.28,2.34,1.99,2.17,130,1,0,0.9,0.94,0,Stable,1,4,0
S00522,Female,Financial Technology (Fintech),EntranceExam,0.04,0.64,0.05,1.07,0.45,130,6,1,0.76,0.81,2,Stable,0,5,0
S00523,Male,Information Technology,EntranceExam,3.15,2.84,3.28,2.91,3.04,130,0,0,0.96,0.76,1,Stable,1,4,0
S00524,Male,Journalism,EntranceExam,1.17,2.06,1.79,2.23,1.81,120,1,0,0.77,0.84,0,Stable,0,5,0
S00525,Male,Business Administration,EntranceExam,2.06,2.42,2.58,2.41,2.37,120,3,0,0.74,0.7,1,Stable,0,7,0
S00526,Female,Automation,DirectAdmission,2.17,2.45,2.6,2.29,2.38,140,3,0,0.83,0.72,3,Average,0,6,1
S00527,Female,Automation,EntranceExam,1.75,2.1,1.66,1.42,1.73,140,3,0,0.95,0.93,1,Stable,1,4,0
S00528,Male,E-commerce,EntranceExam,2.5,3.17,3.24,2.8,2.93,125,0,0,0.84,0.78,2,Stable,1,4,0
S00529,Female,Computer Science,EntranceExam,1.56,2.26,1.52,1.88,1.8,130,3,1,0.83,0.76,4,Stable,0,7,0
S00530,Female,Computer Science,EntranceExam,1.79,3.03,2.21,2.29,2.33,130,4,0,0.66,0.94,2,Average,0,5,1
S00531,Male,Marketing,EntranceExam,2.47,2.68,3.31,2.73,2.8,120,1,0,0.99,0.84,1,Difficult,1,4,1
S00532,Female,E-commerce,EntranceExam,2.18,1.5,1.89,1.42,1.75,125,1,1,0.94,0.89,1,Stable,0,6,1
S00533,Female,Multimedia Technology,EntranceExam,3,3.42,2.67,2.74,2.96,125,0,0,0.89,0.87,2,Stable,1,4,0
S00534,Female,Information Technology,EntranceExam,2.73,2.66,2.77,3.11,2.82,130,0,0,0.8,0.73,1,Stable,1,4,1
S00535,Male,Business Administration,EntranceExam,1.16,1.6,1.45,1.97,1.54,120,3,1,0.8,0.74,2,Stable,0,5,0
S00536,Female,Multimedia Communication,EntranceExam,2.44,1.88,2.42,2.33,2.27,125,3,0,0.75,0.63,2,Average,0,7,1
S00537,Female,Marketing,EntranceExam,3.05,3.12,2.11,2.56,2.71,120,3,1,0.78,0.79,3,Average,0,7,1
S00538,Female,Multimedia Technology,EntranceExam,2.61,2.29,2.16,2.3,2.34,125,2,0,0.88,0.94,1,Difficult,0,5,1
S00539,Male,E-commerce,EntranceExam,3.29,3.51,3.23,3.38,3.35,125,0,0,0.89,0.95,0,Stable,1,4,1
S00540,Female,Information Technology,EntranceExam,2.68,2.43,2.8,2.77,2.67,130,0,0,0.99,0.77,3,Average,1,4,1
S00541,Female,Information Technology,EntranceExam,2.58,2.83,2.41,2.31,2.53,130,0,0,0.68,0.91,4,Difficult,0,6,1
S00542,Male,Automation,DirectAdmission,2.08,2.66,2.36,2.08,2.3,140,2,0,0.78,0.8,0,Average,0,7,0
S00543,Female,Artificial Intelligence,EntranceExam,2.44,2.98,2.68,2.11,2.55,130,3,0,0.75,0.7,3,Average,0,5,0
S00544,Female,Multimedia Communication,EntranceExam,2,2.27,1.81,1.8,1.97,125,3,0,0.81,0.94,0,Stable,0,5,0
S00545,Male,Information Security,EntranceExam,2.95,3.33,3.4,2.67,3.09,130,0,0,0.91,0.71,1,Difficult,1,4,0
S00546,Female,Information Technology,EntranceExam,2.87,3.25,3.2,3.24,3.14,130,0,0,0.85,0.7,2,Stable,1,4,0
S00547,Female,Journalism,EntranceExam,0.96,0.92,1.6,1.56,1.26,120,6,0,0.85,0.97,3,Stable,0,5,1
S00548,Female,Computer Science,EntranceExam,3.14,3.7,3.64,3.98,3.62,130,0,0,0.92,0.69,2,Stable,1,4,0
S00549,Male,Information Technology,EntranceExam,2.55,3.12,3.01,2.76,2.86,130,1,0,0.85,0.69,2,Stable,1,4,0
S00550,Female,Artificial Intelligence,EntranceExam,4,3.78,4,4,3.94,130,1,0,0.87,1,1,Stable,1,4,0
S00551,Male,Computer Science,EntranceExam,1.72,1.82,1.86,1.78,1.8,130,3,1,1,0.96,1,Average,0,7,0
S00552,Female,Financial Technology (Fintech),EntranceExam,2.1,1.81,1.81,1.47,1.8,130,4,0,0.74,0.65,0,Difficult,0,6,1
S00553,Female,E-commerce,EntranceExam,1.49,2.24,1.6,1.97,1.82,125,5,1,0.95,0.97,3,Stable,0,7,1
S00554,Female,Information Technology,EntranceExam,3.36,3.2,3.44,3.41,3.35,130,0,0,0.93,0.92,2,Stable,1,4,0
S00555,Female,Information Security,EntranceExam,1.99,1.81,2.55,2.07,2.1,130,1,0,0.85,0.91,1,Stable,1,4,1
S00556,Female,Notary Relations,EntranceExam,1.84,1.78,1.89,2.17,1.92,125,0,2,0.92,0.85,3,Average,0,6,1
S00557,Male,Automation,DirectAdmission,2.39,2.17,2.62,2.78,2.49,140,2,0,0.73,0.66,1,Stable,0,5,0
S00558,Female,Journalism,EntranceExam,1.69,1.76,1.81,2.11,1.84,120,4,0,0.76,0.83,2,Stable,0,8,1
S00559,Male,Multimedia Communication,EntranceExam,1.57,2.35,2.32,2.17,2.1,125,3,0,0.9,0.81,1,Stable,1,4,0
S00560,Female,E-commerce,EntranceExam,2.33,2.22,2.44,2.32,2.33,125,1,0,0.89,0.78,1,Stable,1,4,1
S00561,Female,Computer Science,DirectAdmission,1.83,1.67,2.27,1.77,1.88,130,7,0,0.8,0.74,2,Average,0,5,1
S00562,Female,Computer Science,EntranceExam,2.13,2.5,1.8,2.48,2.23,130,2,0,0.77,0.61,1,Difficult,0,5,0
S00563,Female,Information Technology,DirectAdmission,1.93,2.85,2.02,2.72,2.38,130,4,0,0.83,0.91,2,Average,0,5,0
S00564,Male,Multimedia Communication,EntranceExam,2.82,2.88,2.54,2.96,2.8,125,1,0,0.83,0.61,1,Average,0,5,0
S00565,Female,Information Technology,EntranceExam,2.97,2.96,3.22,3.29,3.11,130,0,0,0.84,0.75,0,Average,1,4,0
S00566,Male,Marketing,EntranceExam,2.43,2.75,2.94,2.79,2.73,120,0,0,0.95,0.84,0,Stable,1,4,0
S00567,Male,Artificial Intelligence,EntranceExam,2.36,2.9,2.72,2.25,2.56,130,1,0,0.9,0.84,2,Stable,1,4,0
S00568,Male,Game Design and Development,EntranceExam,2.31,2.45,2.31,2.71,2.45,140,2,0,0.81,0.84,0,Stable,1,4,0
S00569,Male,Marketing,EntranceExam,2.53,2.52,2.36,2.3,2.43,120,0,0,0.92,0.88,1,Average,1,4,0
S00570,Female,Accounting,EntranceExam,2.87,3.17,3.15,3.28,3.12,130,0,0,0.81,0.79,1,Difficult,1,4,1
S00571,Male,Computer Science,EntranceExam,2.88,2.82,2.84,2.97,2.88,130,3,0,0.78,0.82,2,Difficult,0,5,0
S00572,Male,Multimedia Communication,EntranceExam,2.35,2.69,1.93,1.86,2.21,125,2,2,0.73,0.96,3,Difficult,0,7,0
S00573,Male,Computer Science,EntranceExam,2.49,2.65,2.5,2.61,2.56,130,0,1,0.85,0.95,4,Stable,1,4,0
S00574,Female,Marketing,EntranceExam,1.64,2.11,1.69,1.63,1.77,120,8,0,0.88,0.82,1,Stable,0,6,1
S00575,Male,Multimedia Technology,EntranceExam,3.08,3.06,3.32,3.05,3.13,125,1,0,0.89,0.84,2,Difficult,0,5,1
S00576,Female,Notary Relations,DirectAdmission,2.47,2.22,2.75,2.63,2.52,125,2,0,0.79,0.74,4,Difficult,0,8,1
S00577,Male,Computer Science,EntranceExam,2.47,2.62,2.58,2.61,2.57,130,1,0,0.7,0.8,3,Stable,0,5,0
S00578,Male,E-commerce,DirectAdmission,2.32,2.17,2.71,2.14,2.34,125,0,0,0.85,0.76,2,Stable,1,4,0
S00579,Female,Computer Science,DirectAdmission,2.42,2.84,2.74,2.43,2.61,130,0,0,0.94,0.91,2,Average,1,4,1
S00580,Female,E-commerce,DirectAdmission,2.23,2.27,2.35,1.65,2.12,125,5,0,0.84,0.81,2,Difficult,0,6,1
S00581,Female,Notary Relations,EntranceExam,3.98,4,4,4,4,125,0,0,0.86,0.92,2,Stable,1,4,0
S00582,Female,Multimedia Technology,DirectAdmission,3.05,2.95,2.73,2.77,2.88,125,1,0,0.99,0.8,1,Average,1,4,1
S00583,Male,Information Security,EntranceExam,2.06,2.49,2.39,2.22,2.29,130,1,0,0.89,0.74,2,Average,0,6,0
S00584,Female,Computer Science,EntranceExam,3.44,3.6,3.93,3.39,3.59,130,0,0,0.84,0.81,0,Stable,1,4,0
S00585,Male,Multimedia Communication,EntranceExam,2.2,2.59,2.08,1.62,2.12,125,4,0,0.76,0.58,4,Average,0,7,0
S00586,Female,Automation,DirectAdmission,2.45,2.26,2.43,1.68,2.2,140,5,1,0.82,0.86,0,Stable,0,6,1
S00587,Male,Automation,DirectAdmission,2.12,2.16,2.09,1.87,2.06,140,2,1,0.91,0.92,3,Average,0,8,0
S00588,Male,Multimedia Technology,EntranceExam,3.14,3.14,3.31,3.92,3.38,125,0,0,0.88,0.79,0,Difficult,1,4,1
S00589,Female,E-commerce,EntranceExam,2.1,1.68,1.87,1.66,1.83,125,4,0,0.83,0.87,1,Stable,0,8,0
S00590,Male,Artificial Intelligence,DirectAdmission,2.58,2.44,2.08,2.32,2.36,130,0,0,0.9,0.74,1,Average,1,4,0
S00591,Female,Notary Relations,EntranceExam,1.46,1.15,1.97,1.2,1.44,125,6,1,1,1,0,Average,0,5,1
S00592,Male,Notary Relations,EntranceExam,2.75,3.25,3.69,4,3.42,125,1,0,0.83,0.93,2,Stable,1,4,1
S00593,Female,Artificial Intelligence,EntranceExam,3.4,4,3.65,3.68,3.68,130,0,0,0.87,0.64,1,Stable,1,4,0
S00594,Male,Artificial Intelligence,DirectAdmission,2.08,1.79,1.99,2.06,1.98,130,3,1,0.77,0.79,2,Average,0,8,0
S00595,Female,Multimedia Communication,EntranceExam,2.17,1.91,2.22,2.31,2.15,125,4,0,0.83,0.9,1,Stable,0,5,0
S00596,Male,Automation,EntranceExam,3.53,3.41,3.38,3.77,3.52,140,0,0,0.82,0.86,1,Average,1,4,1
S00597,Male,E-commerce,DirectAdmission,2.6,2.42,2.32,2.49,2.46,125,5,0,0.9,0.85,2,Average,0,6,0
S00598,Female,Computer Science,EntranceExam,2.59,2.3,2.93,3.03,2.71,130,1,0,0.64,0.73,0,Difficult,0,6,1
S00599,Female,E-commerce,DirectAdmission,1.7,1.74,1.99,1.35,1.69,125,5,2,0.76,0.82,1,Average,0,6,1
S00600,Male,Computer Science,EntranceExam,2.18,2.42,2.35,2.52,2.37,130,0,0,0.84,0.82,1,Stable,1,4,0
S00601,Male,E-commerce,DirectAdmission,2.76,1.89,2.67,2.76,2.52,125,7,0,0.8,0.77,2,Average,0,5,0
S00602,Male,Artificial Intelligence,EntranceExam,2.46,2.56,2.42,2.8,2.56,130,1,0,0.84,0.78,2,Difficult,0,5,0
S00603,Male,Game Design and Development,EntranceExam,2.76,2.45,2.61,3.06,2.72,140,1,0,0.76,0.71,1,Average,0,5,0
S00604,Male,Computer Science,EntranceExam,3.25,3.34,2.5,2.46,2.89,130,0,0,0.86,0.93,0,Stable,1,4,0
S00605,Female,Information Technology,EntranceExam,3.91,3.87,4,3.81,3.9,130,1,0,0.96,0.92,1,Average,1,4,1
S00606,Female,Accounting,EntranceExam,1.59,2.04,1.59,1.6,1.7,130,7,0,0.96,0.82,2,Stable,0,6,0
S00607,Male,Game Design and Development,EntranceExam,2.26,2.3,1.58,2.14,2.07,140,1,0,0.75,1,5,Difficult,0,7,0
S00608,Male,Computer Science,DirectAdmission,3.65,3.33,2.94,3.6,3.38,130,0,0,0.98,0.79,2,Stable,1,4,1
S00609,Female,Multimedia Communication,EntranceExam,2.19,1.96,2.71,2.19,2.26,125,0,0,0.92,0.9,3,Stable,1,4,0
S00610,Female,Artificial Intelligence,EntranceExam,2.79,2.79,2.88,2.69,2.79,130,0,0,0.84,0.91,2,Stable,1,4,1
S00611,Male,Multimedia Technology,DirectAdmission,2.52,2.6,2.61,2.45,2.54,125,2,0,0.75,0.57,0,Average,0,7,0
S00612,Female,Journalism,EntranceExam,1.2,1.89,1.74,1.66,1.62,120,4,0,0.89,0.97,1,Average,0,5,0
S00613,Female,Information Technology,EntranceExam,1.04,1.6,2.2,1.65,1.62,130,5,0,0.74,1,1,Average,0,8,1
S00614,Female,Computer Science,EntranceExam,2.4,2.78,2.44,2.35,2.49,130,0,1,0.93,0.86,2,Stable,1,4,1
S00615,Male,Business Administration,EntranceExam,1.79,1.53,1.07,1.21,1.4,120,8,1,0.79,0.81,1,Average,0,5,0
S00616,Male,Computer Science,EntranceExam,2.07,2.17,1.74,2.42,2.1,130,7,1,0.92,1,2,Average,0,6,0
S00617,Male,Financial Technology (Fintech),EntranceExam,3.02,2.53,3.21,2.76,2.88,130,0,0,0.94,0.72,5,Stable,1,4,0
S00618,Female,Information Security,DirectAdmission,2.94,2.72,3.35,2.77,2.94,130,0,0,0.88,0.83,0,Stable,1,4,0
S00619,Male,Multimedia Communication,EntranceExam,1.53,2.02,1.91,1.88,1.84,125,7,0,0.84,0.84,0,Average,0,8,0
S00620,Male,Accounting,DirectAdmission,2.92,2.91,2.5,2.87,2.8,130,0,0,0.94,0.77,0,Average,1,4,0
S00621,Male,Business Administration,EntranceExam,2.33,2.33,2.33,1.95,2.24,120,1,0,0.81,0.81,2,Stable,1,4,0
S00622,Male,Computer Science,EntranceExam,2.33,2.69,1.99,2.25,2.32,130,6,1,0.74,0.93,3,Difficult,0,7,0
S00623,Female,Information Technology,EntranceExam,2.91,3.39,2.24,3.15,2.92,130,2,0,0.82,0.78,1,Difficult,1,4,1
S00624,Male,Game Design and Development,EntranceExam,1.86,2.57,2.46,2.21,2.28,140,3,1,0.71,0.74,5,Average,0,7,0
S00625,Male,Computer Science,EntranceExam,3.35,3.49,3.89,3.61,3.58,130,1,0,0.91,0.92,1,Stable,1,4,1
S00626,Male,Multimedia Technology,EntranceExam,2.65,2.57,1.88,1.79,2.22,125,0,0,0.87,0.98,2,Average,1,4,0
S00627,Female,Multimedia Communication,EntranceExam,2.67,2.63,2.68,2.8,2.7,125,0,0,0.86,0.98,3,Stable,1,4,1
S00628,Female,Multimedia Technology,EntranceExam,2.45,2.34,2.62,1.82,2.31,125,0,0,1,0.91,0,Average,1,4,1
S00629,Male,Automation,EntranceExam,2.9,3.02,2.69,3.32,2.98,140,1,0,0.94,0.64,0,Average,1,4,0
S00630,Male,Information Technology,EntranceExam,1.68,1.87,1.74,1.56,1.71,130,2,1,0.74,0.71,1,Difficult,0,6,0
S00631,Male,Information Security,EntranceExam,2.72,3.38,2.9,2.93,2.98,130,1,0,0.74,0.82,2,Difficult,0,6,0
S00632,Male,Computer Science,EntranceExam,2.46,2.52,2.83,3.06,2.72,130,1,0,0.97,0.92,2,Stable,1,4,0
S00633,Female,Multimedia Technology,EntranceExam,2.72,2.36,2.97,2.41,2.62,125,1,1,0.95,0.9,0,Stable,1,4,1
S00634,Male,Multimedia Communication,EntranceExam,2.28,2.57,2.64,2.85,2.58,125,0,0,0.92,0.78,1,Stable,1,4,0
S00635,Female,Marketing,EntranceExam,2.23,2.6,3,2.71,2.64,120,2,0,0.79,0.65,2,Difficult,0,5,1
S00636,Male,Information Technology,EntranceExam,2.65,3.16,3.06,2.58,2.86,130,5,0,0.7,0.94,2,Difficult,0,5,0
S00637,Female,Information Security,EntranceExam,2.97,3.13,3.07,3.14,3.08,130,0,0,0.95,0.91,1,Average,1,4,1
S00638,Male,Information Technology,EntranceExam,2.05,2.12,2,1.82,2,130,1,0,0.78,0.73,2,Stable,0,5,0
S00639,Female,Multimedia Technology,EntranceExam,2.09,1.77,2.06,2.08,2,125,0,0,0.95,0.98,1,Stable,1,4,1
S00640,Male,Financial Technology (Fintech),EntranceExam,2.36,2.75,2.16,2.16,2.36,130,3,0,0.9,0.85,1,Average,0,6,0
S00641,Male,Information Security,EntranceExam,2.44,3.03,2.75,2.72,2.74,130,2,0,0.82,0.83,1,Difficult,0,5,0
S00642,Male,Information Technology,EntranceExam,2.34,1.89,2.73,2.21,2.29,130,1,0,0.82,0.82,1,Stable,0,6,0
S00643,Female,Game Design and Development,EntranceExam,3.65,4,4,3.73,3.84,140,0,0,0.91,0.99,0,Stable,1,4,0
S00644,Female,Multimedia Technology,DirectAdmission,2.94,3.22,2.7,2.82,2.92,125,0,0,0.96,0.93,1,Stable,1,4,0
S00645,Male,Artificial Intelligence,EntranceExam,2.54,2.3,1.69,2.4,2.23,130,1,0,0.89,0.72,2,Stable,1,4,0
S00646,Female,Information Security,EntranceExam,2.87,3.68,3.23,2.87,3.16,130,0,0,0.92,0.83,2,Stable,1,4,0
S00647,Male,Marketing,EntranceExam,3.17,2.84,2.79,3.41,3.05,120,0,0,0.98,0.9,2,Difficult,1,4,1
S00648,Female,Journalism,EntranceExam,2.55,3.02,2.94,2.39,2.72,120,1,0,0.82,1,0,Average,1,4,0
S00649,Female,Business Administration,EntranceExam,2.29,2.42,2.85,2.07,2.41,120,0,0,0.84,0.97,1,Stable,1,4,1
S00650,Female,Accounting,EntranceExam,1.96,2.69,2.34,2.68,2.42,130,5,0,0.79,0.86,0,Average,0,8,1
S00651,Male,Artificial Intelligence,EntranceExam,2.87,2.84,2.76,2.96,2.86,130,0,0,0.93,0.76,0,Average,1,4,0
S00652,Male,Game Design and Development,DirectAdmission,2.82,2.27,2.28,2.42,2.45,140,2,0,0.86,0.64,2,Stable,1,4,0
S00653,Male,Financial Technology (Fintech),EntranceExam,2.17,2.55,2.83,2.87,2.6,130,1,0,0.81,0.75,2,Stable,1,4,0
S00654,Female,Business Administration,EntranceExam,1.96,1.91,2.97,1.75,2.15,120,3,0,0.73,0.82,1,Average,0,5,1
S00655,Female,Artificial Intelligence,EntranceExam,0.77,0.95,1.86,1.38,1.24,130,7,0,0.89,0.81,0,Average,0,5,0
S00656,Female,Accounting,DirectAdmission,2.57,2.71,3.03,3.17,2.87,130,0,0,0.86,0.82,0,Average,1,4,1
S00657,Female,Computer Science,EntranceExam,2.19,2.45,2.62,1.92,2.3,130,2,0,0.84,0.68,2,Average,0,5,0
S00658,Female,Notary Relations,DirectAdmission,2.83,2.54,2.51,3.07,2.74,125,0,1,0.87,0.87,1,Stable,1,4,1
S00659,Male,Accounting,EntranceExam,2.44,2.34,2.24,1.85,2.22,130,0,0,0.84,0.89,1,Stable,1,4,0
S00660,Female,Automation,EntranceExam,2.3,2.16,2.51,2.74,2.43,140,0,0,0.98,0.68,1,Stable,1,4,1
S00661,Male,E-commerce,DirectAdmission,2.25,2.46,2.24,3.22,2.54,125,4,0,0.73,0.84,0,Stable,0,5,0
S00662,Female,E-commerce,EntranceExam,2.78,2.21,2.85,2.77,2.65,125,0,0,0.83,0.73,1,Average,1,4,1
S00663,Male,Automation,EntranceExam,3.21,3.6,3.19,3.23,3.31,140,1,0,0.82,0.82,3,Average,1,4,1
S00664,Male,Multimedia Communication,EntranceExam,2.57,3.13,2.46,2.69,2.71,125,0,0,0.86,0.79,1,Average,1,4,0
S00665,Male,Automation,EntranceExam,2.43,2.29,2.04,2.76,2.38,140,3,1,0.73,0.64,0,Average,0,6,0
S00666,Male,Information Security,EntranceExam,2.84,2.64,2.62,3.42,2.88,130,1,0,0.86,0.8,2,Difficult,1,4,0
S00667,Female,Multimedia Communication,EntranceExam,2.23,2.68,2.7,2.07,2.42,125,2,1,0.85,0.8,1,Average,0,8,1
S00668,Female,Financial Technology (Fintech),EntranceExam,3.03,3,3.02,2.96,3,130,0,0,0.99,0.77,5,Average,1,4,1
S00669,Female,Artificial Intelligence,EntranceExam,1.47,2.27,1.88,1,1.66,130,4,1,1,0.99,0,Stable,0,6,0
S00670,Male,Accounting,EntranceExam,2.27,1.63,2.32,2.45,2.17,130,1,0,0.81,0.92,0,Average,0,6,0
S00671,Female,Information Technology,DirectAdmission,2.46,2.41,2.87,2.43,2.54,130,4,0,0.78,0.87,2,Average,0,6,1
S00672,Female,Journalism,EntranceExam,2.58,2.53,3.27,2.63,2.75,120,3,0,0.79,0.68,4,Difficult,0,6,1
S00673,Male,Multimedia Communication,DirectAdmission,3.01,3.23,2.58,2.48,2.82,125,1,0,0.89,0.85,1,Stable,1,4,0
S00674,Male,Automation,EntranceExam,3.46,3.2,3.95,3.49,3.52,140,0,0,0.91,0.79,2,Stable,1,4,1
S00675,Female,Notary Relations,EntranceExam,2.27,1.89,2.19,1.88,2.06,125,6,0,0.91,0.86,2,Stable,0,6,1
S00676,Female,Notary Relations,EntranceExam,2.05,1.68,1.93,2.13,1.95,125,7,0,0.95,0.95,0,Stable,1,4,1
S00677,Male,Multimedia Technology,EntranceExam,3.12,3.01,3.5,2.98,3.15,125,0,0,0.85,0.72,2,Average,1,4,1
S00678,Female,Game Design and Development,EntranceExam,2.37,2.5,2.44,2.35,2.42,140,3,0,0.77,0.71,1,Average,0,6,1
S00679,Male,Financial Technology (Fintech),DirectAdmission,2.09,2.62,2.55,2.55,2.45,130,1,0,0.93,0.82,2,Stable,1,4,0
S00680,Female,E-commerce,EntranceExam,3.05,2.89,2.39,2.45,2.7,125,0,0,0.84,1,1,Average,1,4,1
S00681,Male,Multimedia Communication,EntranceExam,2.02,2.41,2.48,2.72,2.41,125,0,0,0.87,0.85,0,Average,1,4,0
S00682,Female,E-commerce,EntranceExam,3.22,3.25,3.81,3.51,3.45,125,1,0,0.89,0.78,1,Average,1,4,0
S00683,Male,Business Administration,EntranceExam,2.49,2.16,1.58,2.39,2.16,120,5,0,0.73,0.74,1,Average,0,6,0
S00684,Male,Information Security,DirectAdmission,3.28,2.94,2.92,2.88,3,130,0,0,0.91,0.74,0,Stable,1,4,1
S00685,Female,Marketing,EntranceExam,1.8,1.93,2.13,2.22,2.02,120,6,1,0.65,1,3,Stable,0,5,1
S00686,Female,Information Technology,EntranceExam,3.29,3.43,2.44,3.35,3.13,130,1,0,0.63,0.84,2,Difficult,0,6,1
S00687,Male,Information Technology,EntranceExam,2.36,2.24,2.12,2.47,2.3,130,0,0,0.86,0.75,2,Stable,1,4,0
S00688,Female,Notary Relations,EntranceExam,3.53,3.65,3.32,3.54,3.51,125,0,0,0.85,0.94,1,Average,1,4,0
S00689,Male,E-commerce,EntranceExam,2.8,2.87,3.35,2.42,2.86,125,1,0,0.66,0.72,4,Average,0,7,0
S00690,Female,Information Technology,EntranceExam,2.45,3.02,2.74,3.14,2.84,130,0,0,0.81,0.79,3,Average,1,4,1
S00691,Female,Game Design and Development,EntranceExam,2.87,3.11,2.25,2.33,2.64,140,0,0,0.99,0.83,1,Stable,1,4,1
S00692,Female,Information Technology,EntranceExam,3.01,2.81,2.94,2.91,2.92,130,0,0,0.83,1,2,Average,1,4,0
S00693,Male,Computer Science,EntranceExam,2.57,2.26,2.88,2.14,2.46,130,0,0,0.94,0.91,3,Stable,1,4,0
S00694,Female,Artificial Intelligence,DirectAdmission,2.81,3.27,3.57,2.98,3.16,130,1,0,0.93,0.9,1,Stable,1,4,1
S00695,Male,Multimedia Technology,EntranceExam,3.25,2.68,2.43,3.06,2.86,125,0,1,0.83,0.87,2,Stable,1,4,0
S00696,Female,Multimedia Technology,DirectAdmission,2.34,3.51,2.88,2.93,2.92,125,0,0,0.82,0.7,1,Stable,1,4,1
S00697,Male,Automation,EntranceExam,0.97,2.04,1.79,1.26,1.52,140,5,0,0.67,0.6,2,Average,0,6,0
S00698,Female,Artificial Intelligence,EntranceExam,3.22,3.33,3.27,3.19,3.25,130,0,1,0.81,0.76,1,Average,1,4,0
S00699,Male,Information Security,DirectAdmission,2.46,2.26,2.19,2.42,2.33,130,1,0,0.96,0.83,2,Stable,1,4,0
S00700,Female,Multimedia Technology,DirectAdmission,2.31,2.14,2,1.83,2.07,125,4,0,0.86,0.87,1,Stable,0,6,1
S00701,Male,Financial Technology (Fintech),EntranceExam,2.27,2.21,2.71,2.37,2.39,130,0,0,0.88,0.96,2,Stable,1,4,0
S00702,Male,Notary Relations,EntranceExam,2.82,3.33,3.12,3.07,3.08,125,0,0,0.91,0.78,1,Average,1,4,1
S00703,Female,Accounting,EntranceExam,2.58,2.07,1.71,1.88,2.06,130,2,0,0.85,0.83,4,Stable,1,4,1
S00704,Male,Information Security,EntranceExam,2.93,2.57,3.39,3.34,3.06,130,0,0,0.83,0.85,1,Stable,1,4,1
S00705,Female,Multimedia Communication,EntranceExam,1.62,1.43,1.74,2.11,1.72,125,10,1,0.86,0.74,2,Difficult,0,5,1
S00706,Male,Game Design and Development,EntranceExam,2.46,2.25,2.36,2.4,2.37,140,3,0,0.7,0.76,0,Average,0,6,0
S00707,Male,Financial Technology (Fintech),EntranceExam,2.67,3.26,2.53,3.6,3.01,130,1,0,0.93,0.82,2,Stable,1,4,0
S00708,Female,Game Design and Development,EntranceExam,2.37,2.32,2.48,2.01,2.3,140,3,0,0.79,0.86,2,Stable,0,7,1
S00709,Female,Financial Technology (Fintech),DirectAdmission,3.11,3.08,3.1,3.82,3.28,130,0,0,1,0.89,1,Average,1,4,0
S00710,Male,Information Technology,DirectAdmission,2.57,3.09,2.58,2.7,2.74,130,3,0,0.66,0.75,1,Difficult,0,6,0
S00711,Female,Game Design and Development,EntranceExam,2.72,2.86,3.04,2.86,2.87,140,1,0,0.87,0.79,3,Average,1,4,1
S00712,Female,Artificial Intelligence,EntranceExam,2.19,2.85,2.52,1.77,2.33,130,2,1,0.91,0.97,0,Stable,0,6,1
S00713,Female,Multimedia Technology,EntranceExam,3.3,2.64,3.77,3.45,3.29,125,0,0,0.82,0.8,2,Difficult,1,4,0
S00714,Male,Information Technology,EntranceExam,2.12,2.55,2.02,1.75,2.11,130,2,0,0.69,0.78,0,Difficult,0,6,0
S00715,Male,Game Design and Development,DirectAdmission,2.65,3.2,2.59,2.64,2.77,140,0,0,0.91,0.95,0,Stable,1,4,0
S00716,Male,Computer Science,EntranceExam,3.04,3.24,2.83,2.63,2.93,130,0,0,0.68,0.7,0,Stable,0,7,0
S00717,Female,Artificial Intelligence,EntranceExam,2.31,2.09,1.95,1.71,2.02,130,4,0,0.78,0.75,1,Average,0,5,1
S00718,Male,Game Design and Development,EntranceExam,2.48,2.66,2.86,2.3,2.58,140,1,0,0.86,0.65,2,Average,1,4,0
S00719,Female,Artificial Intelligence,EntranceExam,1.83,2.19,2.79,2.53,2.34,130,2,0,0.72,0.68,2,Average,0,5,0
S00720,Female,Game Design and Development,EntranceExam,2.71,2.69,2.71,3.76,2.97,140,0,0,0.88,0.9,3,Stable,1,4,0
S00721,Male,Information Security,DirectAdmission,2.2,2.63,2.78,2.32,2.48,130,2,0,0.89,0.94,0,Stable,1,4,0
S00722,Male,Multimedia Communication,DirectAdmission,1.93,2.12,1.27,1.71,1.76,125,9,0,0.86,0.75,1,Average,0,6,0
S00723,Male,Accounting,EntranceExam,2.23,2.77,2.79,2.62,2.6,130,0,0,0.85,0.92,1,Stable,1,4,0
S00724,Male,Information Technology,EntranceExam,3.18,3.44,3.31,3.65,3.4,130,1,0,0.98,0.92,4,Stable,1,4,1
S00725,Male,E-commerce,EntranceExam,2.79,3.3,2.66,3.47,3.06,125,0,0,0.89,0.93,0,Stable,1,4,1
S00726,Female,Business Administration,EntranceExam,2.95,2.75,2.97,2.56,2.81,120,1,0,0.94,0.76,1,Average,1,4,1
S00727,Male,E-commerce,DirectAdmission,2.53,2.71,2.36,2.78,2.6,125,3,0,0.82,0.86,2,Difficult,0,5,0
S00728,Female,Computer Science,DirectAdmission,2.68,2.79,3.1,2.78,2.84,130,0,0,0.96,0.81,0,Stable,1,4,1
S00729,Female,Game Design and Development,EntranceExam,1.83,1.58,2.01,1.84,1.82,140,3,1,0.67,0.84,0,Difficult,0,7,0
S00730,Female,Computer Science,EntranceExam,2.16,2.89,3.01,2.66,2.68,130,0,0,0.84,0.87,2,Average,1,4,1
S00731,Female,Multimedia Communication,EntranceExam,2.13,2.13,2.35,2.76,2.34,125,0,0,0.89,0.9,0,Stable,1,4,1
S00732,Female,Information Technology,DirectAdmission,3.33,3.38,2.74,3.13,3.14,130,0,0,0.96,0.66,2,Stable,1,4,0
S00733,Female,Automation,EntranceExam,2.44,2.6,2.36,2.27,2.42,140,0,0,0.86,0.81,2,Stable,1,4,1
S00734,Male,Information Technology,EntranceExam,3.44,3.3,3.18,3.16,3.27,130,0,0,0.92,0.97,4,Stable,1,4,1
S00735,Male,Information Technology,EntranceExam,2.1,2.18,2.01,2.61,2.22,130,3,0,0.8,0.75,1,Stable,0,7,0
S00736,Male,Information Technology,EntranceExam,1.86,2,2.49,2.17,2.13,130,5,0,0.86,0.77,2,Average,0,8,0
S00737,Male,Automation,EntranceExam,2.46,2.43,2.33,1.98,2.3,140,1,0,0.83,0.88,0,Stable,1,4,0
S00738,Male,Business Administration,EntranceExam,2.98,3.05,3.11,3.72,3.22,120,0,0,0.8,0.89,0,Difficult,1,4,1
S00739,Male,Information Technology,DirectAdmission,2.58,2,2.48,1.75,2.2,130,0,0,0.77,0.86,2,Average,0,6,0
S00740,Female,Marketing,DirectAdmission,2.41,2.95,2.91,3.36,2.91,120,0,0,0.85,0.72,2,Stable,1,4,1
S00741,Male,Notary Relations,EntranceExam,2.15,2.47,2.82,1.95,2.35,125,0,0,0.94,0.82,1,Stable,1,4,0
S00742,Male,E-commerce,EntranceExam,0.72,0.99,1.97,1.33,1.25,125,2,0,0.69,0.67,1,Difficult,0,5,0
S00743,Male,Financial Technology (Fintech),DirectAdmission,3.48,3.14,3.66,3.26,3.38,130,0,0,0.9,0.88,4,Average,1,4,1
S00744,Female,Business Administration,EntranceExam,2.03,1.98,2.36,1.79,2.04,120,3,1,0.9,0.81,1,Difficult,0,5,0
S00745,Male,Financial Technology (Fintech),EntranceExam,2.23,2.09,2.36,3.09,2.44,130,1,0,0.85,0.99,1,Average,1,4,0
S00746,Male,Notary Relations,EntranceExam,1.87,1.99,2.07,2.02,1.99,125,6,0,0.96,0.98,1,Average,1,4,0
S00747,Female,Journalism,DirectAdmission,2.25,2.17,1.85,1.99,2.06,120,0,0,0.86,0.77,2,Stable,1,4,1
S00748,Female,Information Technology,EntranceExam,2.9,2.6,2.95,2.92,2.84,130,1,0,0.93,1,4,Stable,1,4,0
S00749,Female,Information Technology,EntranceExam,2.77,3.11,3.3,2,2.8,130,1,0,0.71,0.92,2,Difficult,0,5,1
S00750,Female,Information Security,DirectAdmission,2.73,2.29,2.98,2.68,2.67,130,4,0,0.77,0.76,1,Average,0,7,0
S00751,Male,Financial Technology (Fintech),EntranceExam,3.05,3.16,2.82,3.54,3.14,130,0,0,0.83,0.85,2,Average,1,4,1
S00752,Female,Information Security,EntranceExam,2.57,2.14,2.57,2.2,2.37,130,3,0,0.9,0.79,1,Average,0,5,1
S00753,Female,Artificial Intelligence,EntranceExam,1.49,1.6,1.53,1.49,1.53,130,2,0,0.86,0.89,3,Stable,0,6,1
S00754,Female,Multimedia Communication,EntranceExam,1.87,1.95,2.17,2.5,2.12,125,2,0,0.75,0.75,1,Stable,0,5,1
S00755,Male,Journalism,EntranceExam,2.63,2.33,2.67,2.54,2.54,120,0,0,0.95,0.99,2,Stable,1,4,0
S00756,Female,Game Design and Development,EntranceExam,2.53,3.17,2.25,2.67,2.66,140,0,0,0.94,0.8,0,Average,1,4,1
S00757,Female,Information Technology,EntranceExam,2.92,3.06,2.9,2.77,2.91,130,0,0,0.94,0.76,2,Stable,1,4,0
S00758,Female,Financial Technology (Fintech),DirectAdmission,2.41,2.84,2.85,2.32,2.6,130,1,0,0.82,0.81,3,Average,1,4,1
S00759,Female,Financial Technology (Fintech),EntranceExam,2.86,3.29,3.4,2.83,3.1,130,0,0,0.88,0.78,3,Stable,1,4,1
S00760,Female,Automation,EntranceExam,3.29,3.83,3.71,2.96,3.45,140,0,0,0.92,0.73,1,Stable,1,4,0
S00761,Female,Marketing,EntranceExam,2.47,2.76,2.67,2.28,2.54,120,0,0,0.87,0.8,2,Stable,1,4,1
S00762,Male,Game Design and Development,EntranceExam,2.03,2.84,2.9,2.4,2.54,140,2,0,0.95,1,3,Difficult,0,6,0
S00763,Female,Automation,EntranceExam,2.16,2.26,2.73,2.73,2.47,140,2,0,0.86,0.87,1,Stable,1,4,1
S00764,Male,Financial Technology (Fintech),EntranceExam,3.19,3.58,3.53,3.98,3.57,130,0,0,0.88,0.9,2,Average,1,4,1
S00765,Female,Automation,EntranceExam,3.13,3.33,3.27,2.91,3.16,140,0,0,0.82,0.84,1,Average,1,4,0
S00766,Female,Game Design and Development,EntranceExam,3.18,3.24,3.44,3.69,3.39,140,0,0,0.94,0.79,1,Average,1,4,0
S00767,Male,Information Technology,EntranceExam,2.02,2.36,2.69,2.37,2.36,130,3,0,0.82,0.95,0,Average,0,5,0
S00768,Female,Information Security,EntranceExam,2.75,2.95,3.02,3.18,2.98,130,0,0,0.91,0.74,2,Average,1,4,0
S00769,Male,Journalism,DirectAdmission,2.44,1.95,2.65,2.42,2.36,120,1,0,0.96,0.89,2,Stable,1,4,0
S00770,Female,Game Design and Development,DirectAdmission,2.58,3.02,1.94,2.55,2.52,140,1,0,0.92,0.89,1,Stable,1,4,1
S00771,Male,E-commerce,EntranceExam,2.98,3.2,2.67,3.2,3.01,125,0,0,0.81,0.85,0,Average,1,4,0
S00772,Male,Multimedia Technology,EntranceExam,1.95,2.14,1.73,1.67,1.87,125,4,1,0.8,0.72,2,Stable,0,5,0
S00773,Female,Information Technology,EntranceExam,2.34,2.24,2.03,2.85,2.36,130,4,0,0.78,1,3,Average,0,5,1
S00774,Male,Information Technology,EntranceExam,2.43,2.45,2.78,2.6,2.56,130,4,0,0.83,0.75,3,Average,0,6,0
S00775,Female,E-commerce,EntranceExam,2.48,2.81,2.28,2.72,2.57,125,0,0,0.91,0.75,0,Average,1,4,1
S00776,Female,Notary Relations,EntranceExam,2.09,2.5,2.15,2.6,2.34,125,2,0,0.89,0.78,0,Average,0,6,1
S00777,Female,Business Administration,EntranceExam,3.03,2.75,3.6,3.19,3.14,120,0,0,0.91,0.84,0,Stable,1,4,0
S00778,Female,Accounting,EntranceExam,2.38,2.76,2.4,2.36,2.47,130,0,0,0.8,0.77,1,Stable,0,5,1
S00779,Female,Automation,EntranceExam,3.08,2.47,3.09,2.82,2.86,140,1,0,0.91,0.77,1,Average,1,4,1
S00780,Female,Computer Science,DirectAdmission,3.57,3.87,4,4,3.86,130,0,0,0.88,0.62,4,Stable,1,4,0
S00781,Male,Business Administration,EntranceExam,2.72,2.68,2.76,2.41,2.64,120,0,0,0.82,0.74,2,Average,1,4,0
S00782,Female,Computer Science,EntranceExam,2.14,2.48,2.04,2.72,2.35,130,2,0,0.87,1,3,Stable,1,4,1
S00783,Male,Information Technology,EntranceExam,2.51,2.26,1.97,2.1,2.21,130,5,0,0.81,0.79,2,Stable,0,6,0
S00784,Male,Information Technology,EntranceExam,2.29,2.41,2.53,2.63,2.46,130,0,1,0.83,0.92,1,Stable,1,4,0
S00785,Male,Artificial Intelligence,EntranceExam,2.63,2.58,2.83,2.84,2.72,130,0,0,0.66,0.73,0,Average,0,5,0
S00786,Female,Automation,DirectAdmission,3.13,3.27,3.04,3.36,3.2,140,0,0,0.81,0.85,2,Stable,1,4,0
S00787,Male,Information Security,EntranceExam,2.32,2.85,2.74,3.08,2.75,130,0,0,0.86,0.91,1,Average,1,4,0
S00788,Male,Financial Technology (Fintech),EntranceExam,2.86,3.25,3.19,3,3.08,130,1,0,0.89,0.86,1,Average,1,4,1
S00789,Female,Financial Technology (Fintech),EntranceExam,2.03,3.27,3.56,2.99,2.96,130,0,0,0.91,0.79,2,Stable,1,4,0
S00790,Female,Multimedia Technology,EntranceExam,2.96,2.56,2.81,3.02,2.84,125,0,0,0.89,0.59,0,Stable,1,4,1
S00791,Female,Business Administration,EntranceExam,2.53,2.39,2.64,2.15,2.43,120,1,0,0.91,1,2,Average,1,4,1
S00792,Female,Artificial Intelligence,EntranceExam,2.43,3.34,2.64,3.03,2.86,130,0,0,0.95,0.69,3,Stable,1,4,1
S00793,Female,Information Technology,EntranceExam,2.54,2.15,1.69,2.49,2.22,130,3,0,0.7,0.85,2,Stable,0,5,1
S00794,Female,Game Design and Development,EntranceExam,2.44,1.58,2.53,1.86,2.1,140,0,0,0.8,0.79,3,Stable,1,4,1
S00795,Male,Artificial Intelligence,EntranceExam,1.92,2.1,1.46,1.69,1.79,130,4,0,0.72,0.87,1,Average,0,7,0
S00796,Male,Multimedia Communication,EntranceExam,3.01,2.96,2.86,2.87,2.92,125,0,0,0.91,0.76,1,Average,1,4,0
S00797,Female,Information Technology,EntranceExam,3.66,2.93,3.66,2.73,3.24,130,1,0,0.89,0.7,0,Stable,1,4,0
S00798,Female,Financial Technology (Fintech),EntranceExam,3.3,2.71,2.97,3.43,3.1,130,0,0,0.8,0.77,0,Difficult,0,8,1
S00799,Male,E-commerce,DirectAdmission,2.79,3.59,3.24,3.08,3.18,125,0,0,0.85,0.79,2,Average,1,4,1
S00800,Male,Notary Relations,EntranceExam,1.72,1.92,1.44,1.32,1.6,125,4,1,0.9,0.68,1,Stable,0,5,0
S00801,Male,Computer Science,DirectAdmission,2.38,2.55,3,2.83,2.69,130,1,0,0.87,0.81,2,Average,1,4,0
S00802,Female,Financial Technology (Fintech),EntranceExam,2.34,2.09,2.46,2.22,2.28,130,3,0,0.81,0.79,0,Stable,1,4,1
S00803,Female,Marketing,DirectAdmission,3.46,3.72,3.89,4,3.77,120,0,0,0.94,0.76,1,Average,1,4,0
S00804,Female,Artificial Intelligence,EntranceExam,1.15,1.15,0.92,1.87,1.27,130,4,1,0.82,0.91,3,Difficult,0,6,1
S00805,Female,Automation,EntranceExam,2.85,2.7,2.6,2.64,2.7,140,0,0,0.93,0.7,0,Average,1,4,1
S00806,Male,Information Technology,EntranceExam,2.39,2.61,2.32,2.3,2.41,130,4,0,0.92,0.81,2,Difficult,0,7,0
S00807,Female,Journalism,EntranceExam,2.11,1.83,1.9,2.64,2.12,120,3,0,0.77,0.71,2,Average,0,6,0
S00808,Female,Artificial Intelligence,DirectAdmission,2.35,2.46,2.22,1.83,2.22,130,2,0,0.76,0.85,1,Stable,0,5,1
S00809,Male,Information Technology,EntranceExam,2.16,2.26,2.58,2.94,2.48,130,0,0,0.85,0.95,1,Stable,1,4,0
S00810,Female,Financial Technology (Fintech),EntranceExam,1.47,1.8,1.7,1.74,1.68,130,8,0,0.68,0.7,4,Difficult,0,5,0
S00811,Male,Information Technology,EntranceExam,1.95,2.63,2.61,2.87,2.51,130,1,0,0.82,0.85,1,Stable,0,7,0
S00812,Male,Automation,EntranceExam,2.36,2.03,1.9,2.03,2.08,140,4,0,0.84,0.85,0,Average,0,6,0
S00813,Female,Game Design and Development,EntranceExam,2.63,3,2.43,2.26,2.58,140,3,0,0.91,0.87,0,Average,1,4,1
S00814,Female,Multimedia Communication,EntranceExam,2.59,2.54,2.56,1.53,2.3,125,1,0,0.85,0.87,0,Stable,1,4,1
S00815,Male,Business Administration,DirectAdmission,3.24,2.79,2.88,3.23,3.04,120,1,0,0.9,0.96,1,Average,1,4,0
S00816,Female,Journalism,EntranceExam,1.99,1.96,2.24,2.22,2.1,120,3,0,0.85,0.67,2,Stable,0,6,1
S00817,Female,Financial Technology (Fintech),DirectAdmission,2.84,3.17,2.1,2.63,2.68,130,1,0,0.72,0.68,3,Average,0,7,1
S00818,Female,Computer Science,EntranceExam,3.13,3.76,3.54,3.8,3.56,130,0,0,0.86,0.93,0,Stable,1,4,0
S00819,Female,Financial Technology (Fintech),EntranceExam,1.69,2.76,2.69,2.03,2.29,130,4,0,0.84,0.78,0,Stable,0,6,1
S00820,Male,Accounting,EntranceExam,2.11,2.32,2.3,2.21,2.24,130,5,0,0.72,0.64,3,Difficult,0,5,0
S00821,Male,E-commerce,EntranceExam,2.74,3.36,3.52,2.76,3.1,125,0,0,0.84,0.72,1,Stable,1,4,1
S00822,Female,Financial Technology (Fintech),DirectAdmission,2.32,2.06,2.91,1.82,2.28,130,6,0,0.92,0.82,0,Average,0,6,1
S00823,Female,Game Design and Development,EntranceExam,2.45,1.94,2.1,1.99,2.12,140,2,0,0.9,0.93,1,Average,0,5,1
S00824,Female,Financial Technology (Fintech),EntranceExam,3.37,3.44,3.09,2.87,3.19,130,0,1,0.8,0.84,2,Stable,1,4,0
S00825,Female,Journalism,DirectAdmission,2.65,3.06,3.15,2.78,2.91,120,3,1,0.88,0.8,1,Stable,0,5,1
S00826,Female,Business Administration,EntranceExam,2.07,2.47,2.36,2.88,2.45,120,0,0,0.91,0.86,1,Stable,1,4,1
S00827,Female,Information Technology,EntranceExam,3.5,3.06,3.37,3.52,3.36,130,1,0,0.89,0.69,1,Stable,1,4,0
S00828,Male,Computer Science,EntranceExam,1.59,2.29,1.35,2.31,1.89,130,5,1,0.98,0.95,1,Stable,1,4,0
S00829,Female,Information Technology,EntranceExam,2.38,2.77,2.28,2.44,2.47,130,2,0,0.95,0.83,3,Stable,1,4,1
S00830,Male,Multimedia Communication,EntranceExam,3.78,3.72,3.49,3.32,3.58,125,0,0,0.82,0.72,1,Stable,1,4,1
S00831,Male,Journalism,EntranceExam,1.81,2.27,2.4,1.15,1.91,120,6,1,0.82,0.83,1,Average,0,7,0
S00832,Male,Information Technology,EntranceExam,2.7,2.99,2.07,2.82,2.64,130,0,0,0.84,1,3,Average,1,4,0
S00833,Female,Information Security,DirectAdmission,2.23,2.42,2.52,2.01,2.3,130,0,0,0.84,0.85,2,Stable,1,4,1
S00834,Female,Multimedia Communication,EntranceExam,3.1,3.13,3.44,2.98,3.16,125,0,0,0.93,0.88,1,Average,1,4,0
S00835,Male,E-commerce,EntranceExam,2.44,2.03,2.2,1.98,2.16,125,5,0,0.98,0.82,0,Average,0,7,0
S00836,Female,Information Technology,EntranceExam,2.4,2.83,2.95,3.13,2.83,130,1,0,0.84,0.98,2,Stable,1,4,1
S00837,Female,Information Technology,DirectAdmission,1.39,2.42,2.3,2.85,2.24,130,1,0,0.92,1,0,Stable,1,4,1
S00838,Female,E-commerce,EntranceExam,2.97,3.04,3.06,3.06,3.03,125,0,0,0.88,0.72,3,Stable,1,4,0
S00839,Female,E-commerce,EntranceExam,2.72,2.76,3.01,2.41,2.72,125,0,0,1,0.99,3,Average,1,4,0
S00840,Female,Artificial Intelligence,EntranceExam,2.45,2.32,2.32,2.28,2.34,130,2,1,0.94,0.74,2,Average,0,5,1
S00841,Male,Multimedia Communication,EntranceExam,2.28,2.72,3.04,1.97,2.5,125,1,0,0.87,0.91,3,Stable,1,4,0
S00842,Female,Information Technology,EntranceExam,3.29,2.98,3.02,3.35,3.16,130,0,0,0.87,0.84,0,Stable,1,4,0
S00843,Female,Business Administration,EntranceExam,2.42,2.59,3.4,3.4,2.95,120,0,0,0.92,0.95,0,Stable,1,4,0
S00844,Male,Multimedia Technology,EntranceExam,0.99,1.82,1.14,0.99,1.24,125,3,0,0.78,0.62,1,Stable,0,5,0
S00845,Male,Marketing,EntranceExam,2.44,2.23,2.51,2.56,2.44,120,5,0,0.81,0.66,2,Stable,0,5,0
S00846,Male,Information Technology,DirectAdmission,2.22,2.99,2.93,2.95,2.77,130,1,0,0.86,0.7,2,Average,1,4,0
S00847,Female,Computer Science,EntranceExam,2.63,3.03,2.98,2.54,2.8,130,2,0,0.86,0.73,0,Stable,1,4,1
S00848,Male,Multimedia Communication,EntranceExam,1.77,1.13,1.61,1.52,1.51,125,5,1,0.76,0.83,1,Stable,0,8,0
S00849,Male,Game Design and Development,EntranceExam,2.77,3.21,2.41,2.35,2.68,140,0,0,1,0.99,1,Average,1,4,0
S00850,Male,Accounting,EntranceExam,1.59,1.36,1.79,1.93,1.67,130,5,1,0.89,0.8,1,Stable,0,7,0
S00851,Female,E-commerce,EntranceExam,2.67,2.79,2.48,3.19,2.78,125,0,0,0.87,0.7,3,Stable,1,4,1
S00852,Female,Multimedia Communication,EntranceExam,2.76,2.82,2.89,2.57,2.76,125,0,0,0.89,0.98,0,Average,1,4,1
S00853,Female,Multimedia Technology,EntranceExam,2.76,3.49,2.7,2.7,2.91,125,0,0,0.83,0.73,3,Stable,1,4,1
S00854,Female,Game Design and Development,EntranceExam,2.42,2.72,2.22,1.96,2.33,140,0,0,0.75,0.94,4,Average,0,7,1
S00855,Female,Business Administration,EntranceExam,1.98,2.47,2.05,2.73,2.31,120,4,0,0.72,0.86,0,Stable,0,7,1
S00856,Male,Information Technology,EntranceExam,2.18,2.69,3.07,2.77,2.68,130,2,1,0.79,0.71,2,Average,0,7,0
S00857,Female,Business Administration,EntranceExam,2.53,2.83,2.49,2.63,2.62,120,0,0,0.96,0.88,0,Stable,1,4,1
S00858,Male,Financial Technology (Fintech),EntranceExam,2.11,2.28,2.53,2.35,2.32,130,1,0,0.9,0.88,1,Stable,1,4,0
S00859,Male,Financial Technology (Fintech),EntranceExam,1.8,2.18,2.61,2.34,2.23,130,1,0,1,0.85,3,Stable,1,4,0
S00860,Male,Artificial Intelligence,EntranceExam,1.91,2.52,2.34,2.12,2.22,130,1,0,0.83,0.77,1,Stable,0,5,0
S00861,Male,Marketing,EntranceExam,3,3.41,3.18,3.31,3.22,120,0,0,0.87,0.77,0,Stable,1,4,1
S00862,Male,Game Design and Development,EntranceExam,2.81,3.1,3.74,3.83,3.37,140,0,0,0.88,0.95,0,Average,1,4,1
S00863,Female,Financial Technology (Fintech),DirectAdmission,2.17,2.23,2.43,2.19,2.26,130,0,0,0.94,0.72,3,Stable,1,4,1
S00864,Male,Financial Technology (Fintech),EntranceExam,2.24,2.03,2.86,2.89,2.5,130,1,0,0.89,0.83,0,Difficult,0,5,0
S00865,Male,Computer Science,EntranceExam,2.4,2.84,2.53,1.8,2.39,130,2,0,0.83,0.96,2,Average,1,4,0
S00866,Female,E-commerce,DirectAdmission,2.68,3.56,3.35,3.41,3.25,125,0,0,0.8,0.78,2,Stable,1,4,0
S00867,Male,Marketing,EntranceExam,1.94,2.12,2.11,2.5,2.17,120,0,0,0.89,0.99,0,Stable,1,4,0
S00868,Male,Information Security,EntranceExam,2.88,2.59,2.94,3.21,2.9,130,1,1,0.88,0.83,1,Stable,1,4,0
S00869,Male,Multimedia Technology,EntranceExam,1.86,2.73,2.61,2.2,2.35,125,2,0,0.88,0.8,0,Average,0,7,0
S00870,Female,Financial Technology (Fintech),EntranceExam,1.79,1.68,1.43,1.29,1.55,130,7,1,0.73,0.7,1,Average,0,7,0
S00871,Male,Artificial Intelligence,EntranceExam,3.2,2.69,3.61,2.88,3.1,130,1,0,0.84,0.87,4,Stable,1,4,1
S00872,Female,Information Technology,DirectAdmission,3.01,3.45,3.42,3.5,3.34,130,0,1,0.86,0.94,1,Stable,1,4,0
S00873,Male,Information Security,EntranceExam,2.36,2.31,2.57,2.59,2.46,130,0,0,0.92,0.61,1,Stable,1,4,0
S00874,Female,Multimedia Communication,EntranceExam,2.14,2.47,2.54,1.81,2.24,125,0,0,0.94,0.95,0,Stable,1,4,1
S00875,Male,Automation,EntranceExam,1.87,2.04,1.76,1.78,1.86,140,4,0,0.92,0.99,1,Stable,1,4,0
S00876,Female,Computer Science,EntranceExam,1.69,1.86,1.51,1.56,1.65,130,6,0,0.84,0.9,3,Average,0,5,1
S00877,Male,Information Security,EntranceExam,2.16,2.41,2.66,2.25,2.37,130,1,0,0.87,0.88,1,Stable,1,4,0
S00878,Female,E-commerce,EntranceExam,2.73,3.13,2.96,2.79,2.9,125,0,0,0.91,0.9,1,Average,1,4,1
S00879,Female,Artificial Intelligence,EntranceExam,2.33,2.39,2.9,2.25,2.47,130,2,0,0.79,0.88,3,Difficult,0,6,1
S00880,Female,Automation,EntranceExam,3.55,2.96,2.87,2.81,3.05,140,0,0,0.9,0.74,0,Average,1,4,0
S00881,Male,Computer Science,EntranceExam,2.56,2.67,2.78,2.78,2.7,130,0,0,0.81,0.95,2,Average,1,4,0
S00882,Male,Computer Science,EntranceExam,3.34,2.84,3.22,2.49,2.97,130,0,0,0.87,0.89,1,Stable,1,4,0
S00883,Female,Business Administration,DirectAdmission,2.86,3.29,2.6,2.52,2.82,120,0,0,0.9,0.81,3,Average,1,4,0
S00884,Male,Computer Science,DirectAdmission,1.63,1.99,2.38,2.55,2.14,130,3,0,0.77,0.85,1,Stable,0,8,0
S00885,Female,E-commerce,EntranceExam,2.6,2.49,1.88,2.34,2.33,125,0,0,0.85,0.87,0,Average,1,4,0
S00886,Male,Artificial Intelligence,DirectAdmission,3.02,2.86,3.79,3.55,3.3,130,2,0,0.86,0.8,2,Average,1,4,1
S00887,Male,Multimedia Technology,EntranceExam,2.4,2.78,3.28,2.58,2.76,125,0,0,0.97,0.8,2,Stable,1,4,1
S00888,Male,Information Technology,EntranceExam,2.81,3.79,3.67,3.96,3.56,130,0,0,0.82,0.8,2,Average,1,4,1
S00889,Female,E-commerce,EntranceExam,3.09,3.25,3.08,3.32,3.18,125,0,1,0.88,0.75,1,Stable,1,4,0
S00890,Female,Multimedia Communication,DirectAdmission,1.74,1.95,1.88,2.16,1.93,125,6,0,0.91,0.78,2,Difficult,0,5,0
S00891,Female,E-commerce,EntranceExam,2.59,2.65,2.43,2.63,2.58,125,5,0,0.88,0.83,2,Average,0,5,1
S00892,Female,Artificial Intelligence,EntranceExam,2.46,2.8,2.23,1.96,2.36,130,1,0,0.95,0.92,5,Stable,1,4,0
S00893,Male,Game Design and Development,DirectAdmission,2.35,3.04,2.56,2.9,2.71,140,0,0,0.83,0.79,1,Stable,1,4,0
S00894,Female,Information Technology,EntranceExam,1.26,1.46,1.57,2.01,1.58,130,3,0,0.79,0.85,1,Difficult,0,6,1
S00895,Male,Information Technology,EntranceExam,2.2,2.32,2.57,2.23,2.33,130,2,0,0.65,0.63,1,Difficult,0,6,0
S00896,Male,Marketing,EntranceExam,2.09,2.07,2.25,1.8,2.05,120,4,0,0.88,0.71,1,Average,0,5,0
S00897,Female,Automation,DirectAdmission,2.47,2.83,2.51,3.15,2.74,140,0,0,0.98,0.84,3,Stable,1,4,0
S00898,Male,Multimedia Technology,DirectAdmission,2.57,2.82,3.11,2.71,2.8,125,0,0,0.97,0.96,2,Average,1,4,1
S00899,Female,Information Technology,EntranceExam,2.06,1.68,1.42,2.16,1.83,130,6,1,0.93,0.85,3,Stable,0,6,1
S00900,Male,Business Administration,EntranceExam,3.05,2.81,3.03,2.98,2.97,120,0,0,0.83,0.82,0,Stable,1,4,0
S00901,Male,E-commerce,EntranceExam,2.06,2.61,2.07,2.02,2.19,125,4,0,0.67,0.58,2,Average,0,5,0
S00902,Male,Information Security,EntranceExam,2.59,2.52,2.43,2.91,2.61,130,1,0,0.92,1,2,Average,1,4,0
S00903,Female,Information Technology,DirectAdmission,3.24,3.76,3.63,3.07,3.42,130,0,0,0.95,0.79,2,Average,1,4,0
S00904,Female,Information Technology,DirectAdmission,1.55,1.97,2.3,2.26,2.02,130,2,0,0.77,0.76,2,Average,0,8,1
S00905,Female,Computer Science,EntranceExam,2.34,2.57,2.76,3.08,2.69,130,1,0,0.82,0.79,3,Average,1,4,1
S00906,Male,Information Technology,DirectAdmission,2.13,1.98,2.14,2.25,2.12,130,1,0,0.9,0.76,1,Stable,1,4,0
S00907,Male,Multimedia Technology,EntranceExam,1.75,2.45,2.14,2.36,2.17,125,3,0,0.86,0.73,2,Average,0,5,0
S00908,Female,E-commerce,EntranceExam,2.58,2.6,2.22,2.97,2.59,125,1,0,0.96,0.89,3,Stable,1,4,1
S00909,Male,Multimedia Communication,EntranceExam,2.97,2.64,2.74,2.57,2.73,125,3,0,0.82,0.78,2,Average,0,5,0
S00910,Female,Multimedia Technology,DirectAdmission,2.48,2.28,2.99,2.82,2.64,125,2,0,0.86,0.84,3,Stable,1,4,1
S00911,Female,Marketing,EntranceExam,1.57,1.64,2.05,1.05,1.58,120,3,1,0.91,0.85,2,Stable,0,5,0
S00912,Male,Information Technology,DirectAdmission,3.01,2.83,3.32,3.56,3.18,130,0,0,0.8,0.93,2,Stable,1,4,1
S00913,Female,Information Security,EntranceExam,2.01,1.54,2,2.1,1.91,130,2,0,0.89,0.64,2,Stable,0,6,1
S00914,Female,Automation,DirectAdmission,2.42,2.3,2.71,2.64,2.52,140,2,2,0.84,1,0,Average,0,5,1
S00915,Female,Computer Science,DirectAdmission,2.63,2.7,2.42,2.79,2.64,130,3,0,0.8,0.82,0,Difficult,0,5,1
S00916,Female,Journalism,EntranceExam,3.53,3.68,3.4,4,3.65,120,0,0,0.91,0.69,1,Stable,1,4,0
S00917,Female,Information Security,EntranceExam,2.23,2.14,2.42,2.43,2.31,130,1,0,0.88,0.93,2,Average,0,6,0
S00918,Female,Computer Science,DirectAdmission,3.04,3.23,2.95,3.17,3.1,130,0,0,0.82,0.74,0,Difficult,0,6,1
S00919,Female,Multimedia Communication,EntranceExam,1.49,2.27,2.22,2.4,2.1,125,0,0,0.99,0.87,2,Average,0,5,0
S00920,Male,Computer Science,EntranceExam,2.15,2.25,2.35,2.51,2.32,130,4,0,0.69,0.73,2,Difficult,0,6,0
S00921,Male,Multimedia Technology,EntranceExam,2.29,2.33,2.75,2.77,2.54,125,0,0,0.98,1,0,Stable,1,4,0
S00922,Female,Financial Technology (Fintech),EntranceExam,3.39,3.61,3.2,4,3.55,130,1,0,0.87,0.78,1,Average,1,4,0
S00923,Female,E-commerce,EntranceExam,1.78,2.08,2.34,2.06,2.06,125,5,0,0.77,0.97,1,Difficult,0,5,1
S00924,Male,Automation,DirectAdmission,3.16,3.56,3.85,3.55,3.53,140,0,0,0.86,1,2,Average,1,4,1
S00925,Male,Artificial Intelligence,DirectAdmission,2.44,2.74,2.87,2.8,2.71,130,0,0,0.95,0.93,1,Average,1,4,0
S00926,Male,E-commerce,EntranceExam,2.24,1.91,1.76,2.48,2.1,125,1,0,0.82,0.8,6,Stable,1,4,0
S00927,Female,Automation,EntranceExam,3.38,2.85,2.8,2.83,2.97,140,0,0,0.94,0.97,1,Stable,1,4,0
S00928,Male,E-commerce,EntranceExam,2.93,2.82,2.55,3.4,2.92,125,0,0,0.84,0.84,0,Stable,1,4,0
S00929,Female,Information Security,EntranceExam,2.92,2.61,3.21,2.51,2.81,130,3,0,0.83,0.89,6,Stable,0,6,1
S00930,Female,Journalism,EntranceExam,1.63,1.9,1.52,1.81,1.72,120,7,0,0.79,0.78,2,Difficult,0,6,0
S00931,Female,Computer Science,EntranceExam,2.31,2.22,1.96,1.68,2.04,130,8,0,0.72,0.75,2,Stable,0,6,1
S00932,Female,Marketing,EntranceExam,2.52,1.82,1.71,2.62,2.17,120,4,0,0.87,0.82,0,Stable,1,4,1
S00933,Female,Artificial Intelligence,EntranceExam,2.5,1.91,3.27,3.19,2.72,130,0,0,0.9,0.81,2,Stable,1,4,1
S00934,Male,Information Security,DirectAdmission,3.12,3.06,3.62,3.16,3.24,130,1,0,0.87,0.99,1,Difficult,1,4,1
S00935,Male,Accounting,EntranceExam,2.41,3.29,3.14,2.87,2.93,130,0,0,0.84,0.68,1,Stable,1,4,0
S00936,Male,Information Technology,EntranceExam,2.45,2.48,2.55,2.48,2.49,130,0,0,0.89,0.74,1,Stable,1,4,0
S00937,Female,Computer Science,EntranceExam,1.77,2.04,2.53,2.11,2.11,130,3,0,0.83,0.9,1,Average,0,7,1
S00938,Female,Game Design and Development,EntranceExam,1.81,1.76,1.69,1.42,1.67,140,6,1,0.83,0.88,1,Average,0,5,1
S00939,Male,Marketing,EntranceExam,2.59,2.57,3.06,2.63,2.71,120,0,1,0.88,0.95,1,Average,1,4,0
S00940,Female,Marketing,EntranceExam,1.72,2.22,2.53,1.94,2.1,120,3,0,0.82,0.74,0,Average,0,5,1
S00941,Female,Information Technology,EntranceExam,2.02,2.59,2.78,3.15,2.64,130,3,0,0.85,0.67,1,Average,0,7,1
S00942,Male,Accounting,DirectAdmission,3.02,2.94,2.97,2.64,2.89,130,0,0,0.87,0.93,1,Stable,1,4,0
S00943,Female,Multimedia Communication,EntranceExam,2.77,3.39,2.88,2.44,2.87,125,0,0,0.86,0.92,1,Average,1,4,1
S00944,Male,Information Technology,EntranceExam,2.36,2.92,2.72,3.32,2.83,130,1,0,0.8,0.76,1,Stable,1,4,0
S00945,Female,Computer Science,EntranceExam,1.1,2.23,0.97,1.96,1.56,130,5,0,0.91,1,2,Stable,0,6,1
S00946,Male,Computer Science,DirectAdmission,1.34,1.59,1.42,2.18,1.63,130,6,0,0.72,0.73,0,Average,0,7,0
S00947,Male,Business Administration,EntranceExam,2.61,1.94,2.07,2.2,2.2,120,3,0,0.96,0.85,1,Stable,1,4,0
S00948,Female,Computer Science,EntranceExam,2.08,1.97,1.57,1.91,1.88,130,6,0,0.86,0.83,2,Stable,0,7,1
S00949,Female,Information Security,EntranceExam,1.71,1.85,2.32,1.55,1.86,130,3,0,0.76,0.83,1,Average,0,7,0
S00950,Female,Computer Science,DirectAdmission,2.18,2.89,2.03,1.84,2.24,130,1,0,0.85,1,2,Average,0,5,0
S00951,Male,Information Technology,DirectAdmission,2.95,2.45,3.03,2.37,2.7,130,0,0,0.82,0.88,3,Average,1,4,0
S00952,Male,Game Design and Development,EntranceExam,2.14,2.25,2.42,2.57,2.35,140,2,0,0.64,0.75,2,Difficult,0,7,0
S00953,Female,Marketing,EntranceExam,2.92,2.63,2.27,2.15,2.49,120,0,0,0.88,0.79,1,Stable,1,4,0
S00954,Male,Financial Technology (Fintech),EntranceExam,2.99,3.35,2.65,2.94,2.98,130,0,0,0.81,0.78,2,Stable,1,4,0
S00955,Female,Business Administration,EntranceExam,3.5,3.16,3.48,3.35,3.37,120,0,0,0.8,0.74,0,Average,1,4,0
S00956,Female,Automation,EntranceExam,2.28,2.86,2.07,2.08,2.32,140,0,0,0.86,0.84,2,Stable,1,4,1
S00957,Male,E-commerce,EntranceExam,2.4,2.32,2.3,2.41,2.36,125,6,0,0.8,0.76,2,Average,0,6,0
S00958,Male,Multimedia Communication,EntranceExam,2.09,2.09,2.41,2.15,2.18,125,0,0,0.86,0.86,0,Stable,1,4,0
S00959,Male,Information Technology,EntranceExam,2.88,3.04,2.63,2.99,2.88,130,0,0,0.88,0.99,2,Stable,1,4,0
S00960,Female,Information Technology,EntranceExam,2.8,3.02,2.71,2.64,2.79,130,3,0,0.72,0.8,2,Average,0,5,1
S00961,Female,E-commerce,EntranceExam,2.41,3.11,2.36,3.02,2.72,125,3,0,0.79,0.78,1,Stable,0,6,1
S00962,Male,Information Technology,EntranceExam,2.49,2.39,2.87,2.62,2.59,130,0,0,0.93,0.95,0,Stable,1,4,0
S00963,Male,Information Technology,EntranceExam,2.25,2.8,2.82,2.55,2.6,130,0,0,0.97,0.83,2,Stable,1,4,0
S00964,Male,Artificial Intelligence,EntranceExam,2.69,2.28,2.89,2.29,2.54,130,0,0,0.89,0.79,0,Average,1,4,0
S00965,Male,Multimedia Communication,EntranceExam,1.99,2.67,2.48,2.59,2.43,125,1,0,0.86,0.81,0,Average,1,4,0
S00966,Male,Automation,DirectAdmission,1.58,1.95,2.2,1.85,1.9,140,9,0,0.68,0.77,2,Stable,0,6,0
S00967,Female,Computer Science,EntranceExam,2.79,2.98,2.42,2.93,2.78,130,0,0,0.84,0.74,2,Average,1,4,0
S00968,Male,Automation,EntranceExam,2.54,2.47,2.45,2.84,2.58,140,0,0,0.85,0.89,0,Stable,1,4,0
S00969,Male,Information Technology,EntranceExam,3.18,3.1,3.26,3.21,3.19,130,0,0,0.9,0.9,0,Stable,1,4,0
S00970,Female,Information Technology,EntranceExam,2.61,2.25,1.71,2.33,2.22,130,2,0,0.94,0.72,1,Stable,1,4,0
S00971,Female,Artificial Intelligence,EntranceExam,2.84,2.71,2.66,2.59,2.7,130,0,0,0.89,0.94,1,Average,1,4,1
S00972,Female,Accounting,EntranceExam,2.75,2.74,2.75,2.16,2.6,130,1,0,0.85,0.92,0,Stable,1,4,1
S00973,Male,Notary Relations,DirectAdmission,2.68,3.37,3.41,3.07,3.13,125,1,0,0.84,0.92,2,Average,1,4,1
S00974,Male,E-commerce,DirectAdmission,2.81,2.06,2.08,2.29,2.31,125,1,0,0.85,0.83,2,Stable,1,4,0
S00975,Female,Multimedia Technology,EntranceExam,3.01,1.98,2.68,2.51,2.54,125,0,0,0.87,0.82,0,Stable,1,4,1
S00976,Male,Information Technology,EntranceExam,1.7,2.29,1.61,2.01,1.9,130,5,0,0.72,0.62,0,Average,0,5,0
S00977,Female,Computer Science,EntranceExam,3.17,2.79,2.87,3.47,3.08,130,0,0,0.97,0.95,2,Stable,1,4,0
S00978,Male,Multimedia Communication,EntranceExam,2.05,2.41,1.87,1.87,2.05,125,3,0,0.76,0.78,1,Average,0,5,0
S00979,Female,Game Design and Development,DirectAdmission,3.33,3.12,3.15,3.16,3.19,140,0,0,0.85,0.74,4,Stable,1,4,0
S00980,Male,Accounting,EntranceExam,2.88,3.14,2.28,2.22,2.63,130,0,0,1,0.86,3,Stable,1,4,0
S00981,Male,Game Design and Development,EntranceExam,3.07,3.65,3.31,3.28,3.33,140,0,0,0.95,0.83,1,Difficult,1,4,1
S00982,Male,Information Technology,EntranceExam,3.09,2.57,2.97,2.97,2.9,130,0,1,1,0.87,1,Average,1,4,1
S00983,Male,E-commerce,EntranceExam,2.22,2.06,2.46,2.07,2.2,125,3,0,0.88,0.96,0,Stable,0,5,0
S00984,Female,Marketing,EntranceExam,2.36,2.63,2.97,3,2.74,120,0,1,0.81,0.68,0,Stable,1,4,1
S00985,Male,Information Technology,EntranceExam,1.58,1.81,2.51,1.77,1.92,130,3,1,0.91,0.82,0,Average,0,6,0
S00986,Male,Multimedia Technology,EntranceExam,2.73,3.07,3.22,2.47,2.87,125,1,0,0.73,0.81,0,Average,0,5,0
S00987,Female,Automation,EntranceExam,2.67,2.61,2.55,2.44,2.57,140,0,0,0.95,0.85,4,Stable,1,4,1
S00988,Female,Multimedia Communication,EntranceExam,3.97,3.9,3.59,4,3.86,125,0,0,0.87,0.85,2,Stable,1,4,0
S00989,Male,Information Technology,DirectAdmission,2.6,2.61,2,2.19,2.35,130,1,0,0.76,0.63,0,Stable,0,5,0
S00990,Male,Information Technology,EntranceExam,3.27,2.84,2.91,2.85,2.97,130,2,0,0.91,0.9,2,Average,1,4,1
S00991,Male,Automation,DirectAdmission,2.92,2.8,2.89,3.66,3.07,140,0,0,0.85,0.79,0,Stable,1,4,1
S00992,Female,Computer Science,DirectAdmission,2.96,3.39,3.1,3.26,3.18,130,0,0,0.93,0.86,2,Stable,1,4,0
S00993,Female,E-commerce,EntranceExam,1.79,2.28,2.12,2.11,2.08,125,3,1,0.9,0.81,1,Average,0,6,0
S00994,Female,Notary Relations,EntranceExam,2.74,3.07,3.38,2.3,2.87,125,1,0,0.82,0.75,2,Stable,1,4,1
S00995,Female,Artificial Intelligence,EntranceExam,2.34,2.61,2.43,2.64,2.5,130,0,0,0.96,0.98,4,Average,1,4,1
S00996,Female,Journalism,EntranceExam,2.17,2.01,1.67,1.94,1.95,120,4,0,0.96,1,0,Stable,1,4,1
S00997,Female,Business Administration,EntranceExam,1.99,2.21,1.95,2.43,2.14,120,0,0,0.81,0.9,1,Stable,1,4,1
S00998,Male,Information Security,EntranceExam,2.96,2.96,2.95,3.07,2.99,130,0,0,0.86,0.85,2,Stable,1,4,1
S00999,Female,Information Technology,EntranceExam,1.95,2.54,1.98,2.54,2.25,130,2,0,0.91,0.89,2,Average,0,8,1
S01000,Female,Information Technology,EntranceExam,1.3,1.74,1.6,1.68,1.58,130,6,0,0.79,0.85,0,Stable,0,6,1
S01001,Female,Information Security,EntranceExam,1.45,2.39,2.22,2.16,2.06,130,1,0,0.92,0.89,0,Stable,1,4,0
S01002,Male,Financial Technology (Fintech),EntranceExam,2.04,2.37,2.08,2.36,2.21,130,5,1,0.82,0.77,0,Average,0,7,0
S01003,Female,Multimedia Communication,EntranceExam,2.08,1.74,2.46,2.05,2.08,125,2,0,0.71,0.54,2,Average,0,7,1
S01004,Male,Notary Relations,DirectAdmission,2.27,2.57,1.77,2.18,2.2,125,0,0,0.82,0.66,1,Difficult,0,8,0
S01005,Female,Computer Science,EntranceExam,2.82,2.67,3.12,2.7,2.83,130,0,0,0.99,0.95,3,Stable,1,4,0
S01006,Female,Business Administration,EntranceExam,1.17,1.49,2.02,1.87,1.64,120,9,0,0.86,0.57,3,Stable,0,5,0
S01007,Female,Notary Relations,DirectAdmission,2.91,2.48,2.97,3.33,2.92,125,0,0,0.8,0.8,1,Stable,1,4,1
S01008,Male,Game Design and Development,DirectAdmission,2.58,2.08,1.68,2.38,2.18,140,2,0,0.76,0.82,1,Stable,0,6,0
S01009,Female,Multimedia Communication,EntranceExam,1.7,2.33,2.61,2.12,2.19,125,2,0,0.91,0.63,3,Average,0,5,1
S01010,Male,Automation,EntranceExam,2.6,2.39,2.27,2.17,2.36,140,0,0,0.89,0.91,0,Stable,1,4,0
S01011,Male,Game Design and Development,EntranceExam,3.5,2.74,3.61,2.73,3.14,140,0,0,0.97,0.85,1,Stable,1,4,1
S01012,Female,Financial Technology (Fintech),EntranceExam,2.35,2.45,2.67,2.63,2.53,130,1,0,0.85,0.67,2,Stable,1,4,1
S01013,Male,Business Administration,EntranceExam,2.51,2.59,2.71,2.87,2.67,120,2,0,0.79,0.85,0,Average,0,7,0
S01014,Female,E-commerce,EntranceExam,1.7,2.37,1.7,2.32,2.02,125,4,0,0.83,0.94,3,Stable,0,8,1
S01015,Female,Marketing,EntranceExam,2.15,2.12,2.35,2.68,2.32,120,1,0,0.79,0.8,1,Stable,0,7,1
S01016,Female,Information Technology,EntranceExam,2.77,2.88,2.83,2.64,2.78,130,0,0,0.85,0.86,0,Stable,1,4,1
S01017,Female,Accounting,EntranceExam,2.21,2.7,1.96,2.44,2.33,130,1,0,0.98,0.91,1,Average,1,4,1
S01018,Female,Marketing,EntranceExam,2.35,2.65,2.47,2.77,2.56,120,0,0,0.79,0.61,2,Average,0,5,1
S01019,Male,Artificial Intelligence,EntranceExam,2.43,2.09,2.17,1.55,2.06,130,1,1,0.96,0.86,1,Average,1,4,0
S01020,Female,Information Technology,EntranceExam,3.14,3.01,3.56,2.97,3.17,130,0,1,0.92,0.66,4,Average,1,4,1
S01021,Female,Artificial Intelligence,EntranceExam,2.53,2.57,2.78,2.63,2.63,130,0,1,0.91,0.99,3,Average,1,4,1
S01022,Male,Financial Technology (Fintech),EntranceExam,2.67,2.58,2.11,2.86,2.55,130,1,0,0.81,0.77,1,Average,0,6,0
S01023,Female,Notary Relations,EntranceExam,2.2,2.34,1.77,1.86,2.04,125,4,0,0.93,0.98,2,Average,0,6,1
S01024,Female,Computer Science,EntranceExam,1.84,2.2,1.99,2.19,2.06,130,3,0,0.73,0.84,0,Average,0,5,1
S01025,Male,Computer Science,EntranceExam,1.74,2.31,2.44,2.6,2.27,130,3,0,0.92,0.87,2,Stable,1,4,0
S01026,Male,Notary Relations,EntranceExam,1.88,2.53,3.04,1.81,2.32,125,0,0,0.96,0.84,1,Stable,1,4,0
S01027,Male,Financial Technology (Fintech),EntranceExam,2.84,2.79,2.25,2.11,2.5,130,0,0,0.91,0.76,1,Difficult,0,6,0
S01028,Female,Game Design and Development,EntranceExam,1.78,2.04,1.96,2,1.94,140,5,1,0.9,0.95,1,Stable,0,5,0
S01029,Female,Business Administration,EntranceExam,2.79,3.17,3.03,2.8,2.95,120,0,0,0.9,0.79,0,Average,1,4,0
S01030,Female,Automation,EntranceExam,1.51,1.83,2.22,1.17,1.68,140,4,1,0.78,0.81,0,Average,0,6,1
S01031,Female,Multimedia Communication,EntranceExam,1.97,2.16,2.1,2.66,2.22,125,1,0,0.92,0.84,0,Stable,1,4,1
S01032,Male,Artificial Intelligence,EntranceExam,2.74,2.75,3.26,3.11,2.96,130,0,0,0.86,0.86,3,Stable,1,4,1
S01033,Male,Notary Relations,DirectAdmission,2.47,3.03,3.46,2.51,2.87,125,0,0,0.89,0.75,5,Stable,1,4,1
S01034,Female,Computer Science,EntranceExam,2.34,2.47,2.31,1.88,2.25,130,1,0,0.92,0.97,1,Stable,1,4,1
S01035,Female,Journalism,EntranceExam,2.08,2.01,1.87,1.69,1.91,120,7,0,0.82,0.74,2,Difficult,0,5,1
S01036,Male,Information Security,EntranceExam,2.15,2.47,1.97,2.33,2.23,130,2,0,0.82,0.97,1,Difficult,0,5,0
S01037,Female,Multimedia Technology,EntranceExam,4,3.71,4,3.45,3.79,125,0,0,0.85,0.81,0,Average,1,4,0
S01038,Female,Business Administration,EntranceExam,1.81,2.17,2.07,2.06,2.03,120,3,1,0.98,0.83,0,Average,0,5,1
S01039,Female,Automation,EntranceExam,2.91,3.26,3.15,2.77,3.02,140,0,0,0.89,0.64,2,Average,1,4,0
S01040,Female,Artificial Intelligence,EntranceExam,2.03,1.96,2,2.04,2.01,130,3,0,0.89,0.69,2,Average,0,5,0
S01041,Female,Financial Technology (Fintech),DirectAdmission,1.96,2.16,2.13,2.52,2.19,130,4,0,0.71,0.82,1,Average,0,5,1
S01042,Male,Information Technology,EntranceExam,2.17,2.39,2.17,2,2.18,130,1,0,0.82,0.78,1,Difficult,0,5,0
S01043,Female,Financial Technology (Fintech),EntranceExam,2.45,2.65,2.86,1.96,2.48,130,3,0,0.85,0.87,2,Stable,0,6,0
S01044,Female,Financial Technology (Fintech),EntranceExam,1.77,1.32,1.45,1.8,1.58,130,5,0,0.96,0.81,0,Average,0,7,0
S01045,Female,Game Design and Development,DirectAdmission,3.1,3.09,3.22,2.9,3.08,140,0,0,1,0.97,2,Stable,1,4,0
S01046,Female,Game Design and Development,EntranceExam,1.47,1.58,1.53,1.81,1.6,140,6,1,0.8,0.69,2,Difficult,0,5,0
S01047,Female,Computer Science,EntranceExam,2.75,2.77,3.62,2.99,3.03,130,0,0,0.82,0.85,2,Average,1,4,1
S01048,Male,Automation,EntranceExam,2.43,2.39,2.6,3.04,2.62,140,0,0,0.84,0.94,1,Stable,1,4,0
S01049,Female,E-commerce,EntranceExam,2.3,2.57,2.83,2.96,2.66,125,2,0,0.82,0.73,1,Average,0,5,1
S01050,Female,Multimedia Communication,EntranceExam,1.89,1.82,1.79,2.47,1.99,125,0,1,0.88,1,1,Average,0,5,1
S01051,Female,Marketing,EntranceExam,1.88,2.45,2.43,3.04,2.45,120,5,0,0.75,0.54,1,Stable,0,5,0
S01052,Male,Marketing,EntranceExam,2.29,2.7,2.03,1.82,2.21,120,1,0,0.87,0.95,1,Stable,1,4,0
S01053,Female,Journalism,EntranceExam,2.81,2.83,3.33,3.05,3,120,0,0,0.8,0.73,0,Stable,1,4,1
S01054,Female,Multimedia Technology,EntranceExam,2.42,2.62,2.51,2.4,2.49,125,0,0,0.75,0.69,2,Stable,0,5,1
S01055,Female,Artificial Intelligence,EntranceExam,1.04,1.27,1.98,1.33,1.4,130,2,0,0.88,0.8,4,Stable,0,6,0
S01056,Female,Game Design and Development,EntranceExam,2.18,2.15,2.8,2.1,2.31,140,3,0,0.69,0.61,3,Stable,0,6,1
S01057,Male,Artificial Intelligence,EntranceExam,2.1,2.61,2.14,2.31,2.29,130,7,0,0.8,0.88,4,Difficult,0,6,0
S01058,Female,Information Technology,EntranceExam,2.56,2.56,2.35,2.79,2.57,130,0,0,0.87,0.9,1,Stable,1,4,1
S01059,Male,Information Technology,DirectAdmission,2.17,1.74,1.84,2.45,2.05,130,2,1,0.85,0.68,3,Average,0,5,0
S01060,Male,E-commerce,EntranceExam,2.8,3.76,3.5,3.9,3.49,125,0,0,0.94,0.64,1,Difficult,1,4,1
S01061,Female,Automation,DirectAdmission,1.61,1.85,1.89,1.84,1.8,140,5,1,1,0.9,4,Average,0,5,1
S01062,Female,Multimedia Technology,EntranceExam,2.4,2.27,1.95,2.38,2.25,125,4,0,0.64,0.69,1,Stable,0,6,0
S01063,Male,Automation,EntranceExam,2.24,2.42,1.98,2.42,2.26,140,0,0,1,0.91,3,Stable,1,4,0
S01064,Male,Information Security,EntranceExam,2.34,2.21,2.22,2.38,2.29,130,4,0,0.89,0.84,2,Stable,0,7,0
S01065,Female,Computer Science,EntranceExam,3.11,3.68,2.98,3.45,3.3,130,0,0,0.85,0.87,2,Stable,1,4,0
S01066,Female,Information Security,DirectAdmission,2.55,3.09,2.66,2.79,2.77,130,3,0,0.78,0.76,3,Average,0,7,1
S01067,Male,Journalism,EntranceExam,2.19,2.35,2.05,2.34,2.23,120,0,0,0.96,0.96,2,Stable,1,4,0
S01068,Female,Multimedia Technology,EntranceExam,2.3,2.59,2.37,2.64,2.48,125,0,0,0.93,0.99,4,Stable,1,4,1
S01069,Male,Automation,EntranceExam,2.01,2.06,2.09,2.13,2.07,140,4,0,0.82,0.82,6,Stable,0,6,0
S01070,Male,Information Technology,EntranceExam,2.3,2.8,2.94,2.91,2.74,130,2,0,0.9,0.79,2,Stable,1,4,0
S01071,Male,Game Design and Development,DirectAdmission,2.69,2.56,2.45,3.31,2.75,140,1,0,0.95,0.76,1,Stable,1,4,0
S01072,Female,E-commerce,EntranceExam,2.53,2.7,2.62,2.53,2.6,125,0,0,0.96,0.68,3,Stable,1,4,1
S01073,Female,E-commerce,DirectAdmission,3.06,3.02,3.25,2.14,2.87,125,1,0,0.92,0.82,0,Average,1,4,1
S01074,Female,Multimedia Technology,DirectAdmission,2.94,3.07,3.02,3.79,3.2,125,0,0,0.86,0.97,1,Stable,1,4,0
S01075,Male,Information Technology,DirectAdmission,2.6,2.61,2.2,3.01,2.6,130,3,0,0.87,0.82,1,Difficult,0,5,0
S01076,Female,Marketing,EntranceExam,2.6,2.57,2.96,2.83,2.74,120,0,0,0.85,0.8,1,Stable,1,4,1
S01077,Female,Multimedia Communication,EntranceExam,2.25,2.2,2.17,2.75,2.34,125,1,0,0.85,0.93,2,Average,1,4,1
S01078,Male,Information Technology,EntranceExam,2.29,2.38,2.26,2.71,2.41,130,0,0,0.89,0.91,2,Stable,1,4,0
S01079,Male,Automation,EntranceExam,2.28,2.3,2.49,2.36,2.36,140,5,0,0.85,0.79,2,Average,0,6,0
S01080,Male,Computer Science,DirectAdmission,2.41,2.91,3,2.56,2.72,130,0,0,0.94,0.84,1,Stable,1,4,0
S01081,Female,Computer Science,DirectAdmission,1.85,2.41,1.95,2.28,2.12,130,0,0,1,0.78,1,Stable,1,4,1
S01082,Female,Game Design and Development,DirectAdmission,2.35,2.16,2.54,2.33,2.34,140,2,0,0.95,0.99,2,Average,1,4,1
S01083,Male,Automation,DirectAdmission,3.55,3.57,3.92,3.68,3.68,140,0,0,0.91,0.86,1,Stable,1,4,1
S01084,Female,Financial Technology (Fintech),EntranceExam,3.17,3.58,2.67,3.11,3.13,130,0,0,0.94,0.72,2,Average,1,4,0
S01085,Male,Artificial Intelligence,DirectAdmission,2.64,2.82,2.3,2.7,2.62,130,1,0,0.81,0.99,2,Stable,1,4,0
S01086,Male,Multimedia Technology,DirectAdmission,3.46,3.03,2.62,2.6,2.93,125,0,0,0.8,0.73,1,Stable,1,4,0
S01087,Female,E-commerce,EntranceExam,2.56,2.91,2.37,2.14,2.5,125,1,0,0.91,0.76,3,Stable,1,4,1
S01088,Male,Marketing,DirectAdmission,3.46,3.38,3.62,4,3.62,120,0,0,0.9,0.7,0,Average,1,4,1
S01089,Female,Information Technology,EntranceExam,2.7,2.32,2.35,2.93,2.58,130,0,0,0.87,0.93,4,Stable,1,4,0
S01090,Male,Accounting,DirectAdmission,2.95,2.97,3.61,3.39,3.23,130,0,0,0.82,0.74,1,Stable,1,4,1
S01091,Male,Computer Science,EntranceExam,2.9,2.99,2.73,2.94,2.89,130,3,1,0.67,0.71,2,Average,0,7,0
S01092,Male,Information Technology,EntranceExam,2.68,2.72,2.51,2.57,2.62,130,0,0,0.91,0.95,1,Stable,1,4,0
S01093,Female,Notary Relations,EntranceExam,3.58,3.63,3.57,3.64,3.6,125,1,0,0.95,0.99,2,Stable,1,4,0
S01094,Male,Accounting,EntranceExam,2.92,2.82,2.81,2.87,2.86,130,0,0,0.86,0.89,4,Stable,1,4,0
S01095,Female,Artificial Intelligence,DirectAdmission,2.77,2.97,2.76,2.51,2.75,130,0,0,0.99,0.99,2,Stable,1,4,0
S01096,Male,Notary Relations,DirectAdmission,2.88,2.69,2.87,2.68,2.78,125,0,0,0.92,0.88,0,Stable,1,4,0
S01097,Female,Information Technology,EntranceExam,2.57,2.38,2.6,2.91,2.62,130,0,0,0.83,0.82,1,Average,1,4,1
S01098,Female,E-commerce,EntranceExam,2.47,2.19,3.06,2.87,2.65,125,0,0,0.9,0.71,0,Stable,1,4,1
S01099,Male,Accounting,EntranceExam,2.43,2.11,3.38,2.4,2.58,130,1,0,0.98,0.89,3,Average,1,4,0
S01100,Female,Game Design and Development,EntranceExam,2.63,2.85,3.46,2.64,2.9,140,0,0,0.85,0.67,1,Average,1,4,1
S01101,Female,Multimedia Communication,EntranceExam,3.62,3.4,4,3.58,3.65,125,0,0,0.85,1,1,Stable,1,4,0
S01102,Female,Information Technology,EntranceExam,2.27,2.5,2.17,2.46,2.35,130,2,0,0.74,0.72,2,Average,0,5,1
S01103,Male,Automation,EntranceExam,2.97,3.2,3.24,3.41,3.2,140,1,0,0.8,0.57,1,Stable,1,4,1
S01104,Female,Information Technology,EntranceExam,3.49,2.81,2.61,2.86,2.94,130,2,0,0.86,0.92,0,Stable,1,4,0
S01105,Female,Multimedia Communication,DirectAdmission,1.78,2.21,2.06,2.04,2.02,125,4,0,0.76,0.91,0,Stable,0,8,1
S01106,Female,Multimedia Technology,EntranceExam,1.59,1.72,1.71,1.39,1.6,125,11,2,0.85,0.76,3,Average,0,5,0
S01107,Female,Marketing,EntranceExam,3.28,3.43,3.29,3.51,3.38,120,0,0,0.84,0.69,3,Stable,1,4,0
S01108,Male,Business Administration,EntranceExam,2.97,2.26,2.95,2.5,2.67,120,0,0,0.96,0.95,3,Difficult,1,4,0
S01109,Female,Multimedia Technology,EntranceExam,1.78,1.66,1.79,1.77,1.75,125,3,0,0.82,0.76,1,Stable,0,6,1
S01110,Male,Artificial Intelligence,EntranceExam,1.75,1.14,1.67,1.35,1.48,130,4,0,0.77,0.81,3,Stable,0,5,0
S01111,Female,Marketing,EntranceExam,2.23,2.11,1.65,2.89,2.22,120,3,0,0.8,0.85,2,Difficult,0,8,1
S01112,Male,Multimedia Communication,EntranceExam,2.39,2.1,2.29,2.16,2.24,125,5,0,0.78,0.76,4,Average,0,7,0
S01113,Female,Business Administration,EntranceExam,2.3,2.75,2.73,2.16,2.48,120,1,0,0.79,0.6,3,Average,0,7,1
S01114,Male,Financial Technology (Fintech),EntranceExam,2.39,2.43,2.21,2.43,2.37,130,1,0,0.85,1,0,Stable,1,4,0
S01115,Male,Multimedia Communication,EntranceExam,1.86,2.04,1.62,2.3,1.96,125,6,0,0.83,0.71,1,Stable,0,6,0
S01116,Male,Financial Technology (Fintech),EntranceExam,2.65,2.64,2.74,2.61,2.66,130,0,0,0.73,0.91,2,Average,0,5,0
S01117,Male,Marketing,EntranceExam,2.31,2.29,2.12,2.07,2.2,120,2,0,0.65,0.86,0,Stable,0,5,0
S01118,Male,Information Security,EntranceExam,2.04,2.53,2.33,2.44,2.34,130,5,0,0.75,0.93,1,Stable,0,5,0
S01119,Male,Information Technology,EntranceExam,2.21,2.82,1.75,2.31,2.27,130,0,0,0.84,0.84,0,Stable,1,4,0
S01120,Female,E-commerce,EntranceExam,2.17,2.44,2.73,2.74,2.52,125,2,0,0.8,0.75,3,Average,0,7,0
S01121,Male,Artificial Intelligence,EntranceExam,2.57,2.16,2.17,1.64,2.14,130,1,0,0.68,0.8,1,Difficult,0,5,0
S01122,Male,Information Security,DirectAdmission,2.58,2.87,2.1,2.87,2.61,130,1,0,0.86,0.83,1,Difficult,0,7,0
S01123,Female,Financial Technology (Fintech),EntranceExam,3.01,3.12,3.17,2.85,3.04,130,0,0,0.93,0.84,1,Stable,1,4,0
S01124,Female,Information Technology,EntranceExam,1.83,1.6,1.68,1.19,1.58,130,3,0,0.93,0.92,0,Average,0,5,1
S01125,Female,Accounting,EntranceExam,1.72,1.56,1.67,2.01,1.74,130,6,0,0.85,0.85,2,Stable,0,5,1
S01126,Female,Multimedia Technology,EntranceExam,2.33,2.8,3.4,3.3,2.96,125,1,0,0.99,0.9,0,Average,1,4,0
S01127,Female,Marketing,EntranceExam,1.86,1.86,1.99,1.49,1.8,120,9,0,0.75,0.8,1,Average,0,7,1
S01128,Female,E-commerce,DirectAdmission,2.07,1.72,2.55,2.33,2.17,125,1,0,0.78,0.86,1,Stable,0,8,0
S01129,Male,Information Technology,EntranceExam,1.11,1.63,1.82,1.54,1.52,130,6,0,0.82,0.78,0,Average,0,6,0
S01130,Female,Multimedia Technology,EntranceExam,3.03,3.36,2.46,2.88,2.93,125,0,0,0.89,0.71,0,Stable,1,4,1
S01131,Male,Computer Science,EntranceExam,2.31,2.46,2.48,1.75,2.25,130,2,0,0.73,0.79,1,Average,0,6,0
S01132,Male,Accounting,EntranceExam,1.96,2.28,1.94,2.32,2.12,130,7,0,0.87,1,1,Average,0,5,0
S01133,Male,Multimedia Communication,EntranceExam,1.99,2.33,2.02,2.93,2.32,125,4,0,0.64,0.94,3,Stable,0,5,0
S01134,Female,Game Design and Development,DirectAdmission,1.94,2.26,1.97,1.98,2.04,140,0,0,0.89,0.83,4,Average,1,4,1
S01135,Female,Financial Technology (Fintech),DirectAdmission,2.66,2.65,2.13,2.25,2.42,130,0,0,0.93,0.84,0,Stable,1,4,1
S01136,Female,E-commerce,EntranceExam,3.26,3.29,3.55,2.86,3.24,125,0,0,0.87,0.77,1,Average,1,4,0
S01137,Female,Notary Relations,EntranceExam,2.68,2.95,2.2,2.64,2.62,125,1,0,0.98,0.91,2,Stable,1,4,1
S01138,Female,Computer Science,DirectAdmission,3.37,3.64,3.53,3.28,3.45,130,0,0,0.88,0.66,1,Stable,1,4,0
S01139,Male,Automation,EntranceExam,3.16,3.41,3.66,3.57,3.45,140,0,0,0.82,0.92,2,Average,1,4,1
S01140,Female,Automation,EntranceExam,1.82,1.96,2.1,2.31,2.05,140,2,0,0.92,0.89,3,Average,0,6,1
S01141,Male,Computer Science,DirectAdmission,2.13,1.84,2.49,2.18,2.16,130,1,0,0.86,0.81,3,Stable,1,4,0
S01142,Male,Multimedia Communication,EntranceExam,3.16,3.61,3.47,3.17,3.35,125,0,0,0.86,0.89,2,Average,1,4,1
S01143,Female,Information Security,EntranceExam,2.76,3.04,2.1,2.01,2.48,130,4,0,0.76,0.79,3,Stable,0,7,1
S01144,Female,Artificial Intelligence,EntranceExam,3.35,3.5,3.51,3.3,3.42,130,0,0,0.88,1,3,Average,1,4,0
S01145,Female,Business Administration,EntranceExam,1.96,2.28,2.67,1.54,2.11,120,8,0,0.71,0.79,1,Difficult,0,5,1
S01146,Female,Artificial Intelligence,EntranceExam,2.2,2.39,2.38,2.49,2.37,130,6,0,0.77,0.65,3,Average,0,5,1
S01147,Female,Multimedia Communication,DirectAdmission,2.03,1.83,1.53,2.45,1.96,125,3,0,0.8,0.82,3,Difficult,0,8,1
S01148,Male,Business Administration,EntranceExam,3.69,3.77,2.78,3.86,3.52,120,0,0,0.85,0.65,3,Average,1,4,1
S01149,Female,Game Design and Development,EntranceExam,3.42,3.35,3.71,3.52,3.5,140,1,0,0.9,0.93,1,Average,1,4,1
S01150,Male,E-commerce,EntranceExam,1.53,2.14,2.24,2.01,1.98,125,6,1,0.82,0.88,3,Average,0,7,0
S01151,Male,Information Security,EntranceExam,2.26,3.05,2.75,2.33,2.6,130,1,0,0.86,0.86,2,Stable,1,4,0
S01152,Male,Information Technology,EntranceExam,2.46,2.27,2.39,2.32,2.36,130,5,1,0.7,0.84,1,Stable,0,5,0
S01153,Female,Journalism,EntranceExam,1.64,2,2.2,1.5,1.84,120,4,0,0.85,0.87,1,Stable,0,7,1
S01154,Female,Multimedia Communication,DirectAdmission,1.39,1.68,2.06,1.02,1.54,125,1,0,0.74,0.92,1,Stable,0,5,0
S01155,Male,Journalism,EntranceExam,2.2,2.87,2.07,2.47,2.4,120,1,0,0.84,0.82,0,Average,0,5,0
S01156,Male,Information Technology,EntranceExam,2.16,2.12,1.8,2.14,2.06,130,4,0,0.74,0.73,3,Average,0,5,0
S01157,Male,Game Design and Development,DirectAdmission,1.92,1.84,2.63,1.8,2.05,140,5,0,0.76,0.79,2,Stable,0,6,0
S01158,Female,Journalism,EntranceExam,3.03,3.55,3.32,3.27,3.29,120,0,0,0.82,0.66,3,Stable,1,4,0
S01159,Male,Information Technology,EntranceExam,2.53,2.95,2.81,2.43,2.68,130,0,0,0.83,0.77,0,Average,1,4,0
S01160,Female,Information Technology,EntranceExam,2.75,2.04,2.08,2.85,2.43,130,5,0,0.73,0.81,6,Stable,0,7,1
S01161,Male,Information Security,EntranceExam,3.37,2.79,2.77,2.38,2.83,130,0,0,0.9,0.72,2,Stable,1,4,0
S01162,Female,Marketing,EntranceExam,2.33,3.15,2.57,3.36,2.85,120,1,1,0.8,0.72,2,Average,0,5,1
S01163,Female,E-commerce,DirectAdmission,2.68,2.56,2.39,2.28,2.48,125,1,0,0.92,0.72,0,Stable,1,4,1
S01164,Male,Financial Technology (Fintech),EntranceExam,2.06,2.51,2.02,2.23,2.2,130,1,0,0.88,0.87,1,Stable,1,4,0
S01165,Male,Game Design and Development,EntranceExam,3.13,3.19,2.87,3.22,3.1,140,1,0,0.98,0.8,3,Average,1,4,1
S01166,Male,E-commerce,EntranceExam,2.08,2.01,2.32,1.73,2.04,125,3,1,0.84,0.93,2,Average,0,5,0
S01167,Male,Information Security,EntranceExam,1.82,1.96,1.29,1.48,1.64,130,5,1,0.8,0.89,1,Average,0,6,0
S01168,Female,Marketing,EntranceExam,3.11,3.21,2.65,3.21,3.04,120,0,0,0.85,0.8,1,Stable,1,4,1
S01169,Female,Financial Technology (Fintech),EntranceExam,2.82,2.71,3.19,3.04,2.94,130,0,0,0.89,0.86,0,Stable,1,4,1
S01170,Female,Financial Technology (Fintech),EntranceExam,2.33,2.62,3.28,2.93,2.79,130,0,0,0.82,0.82,2,Average,1,4,1
S01171,Female,Automation,DirectAdmission,2.14,2.69,2.73,2.27,2.46,140,2,0,0.88,0.77,2,Average,0,8,1
S01172,Female,Information Technology,EntranceExam,3.49,3.8,3.38,3.05,3.43,130,0,0,0.82,0.89,3,Stable,1,4,0
S01173,Female,Multimedia Technology,EntranceExam,1.79,2.11,2.1,1.65,1.91,125,8,1,0.86,0.84,2,Stable,0,5,1
S01174,Female,Automation,DirectAdmission,2.42,2.35,2.66,2.22,2.41,140,2,0,0.79,0.85,1,Stable,0,5,0
S01175,Female,Financial Technology (Fintech),DirectAdmission,3.13,3.4,3.07,3.53,3.28,130,0,1,0.9,0.7,4,Stable,1,4,0
S01176,Female,Computer Science,DirectAdmission,1.88,2.22,1.54,1.52,1.79,130,1,0,0.88,0.98,1,Stable,1,4,1
S01177,Female,Business Administration,EntranceExam,2.74,2.99,2.92,2.35,2.75,120,0,0,0.9,0.87,1,Stable,1,4,1
S01178,Male,Marketing,EntranceExam,2.36,2.44,2.75,2.58,2.53,120,0,0,0.85,0.99,0,Stable,1,4,0
S01179,Female,Multimedia Communication,EntranceExam,3.56,3.07,3.71,3.62,3.49,125,1,0,0.9,0.84,2,Average,1,4,0
S01180,Female,Multimedia Communication,EntranceExam,2.3,2.72,2.26,2.69,2.49,125,1,0,0.88,0.94,1,Stable,1,4,1
S01181,Male,Computer Science,DirectAdmission,3.76,4,4,4,3.94,130,0,0,0.84,0.98,1,Stable,1,4,1
S01182,Female,Information Security,EntranceExam,2.04,1.83,2.37,1.1,1.84,130,4,1,0.9,0.67,2,Average,0,7,1
S01183,Male,Information Security,EntranceExam,2.03,2.42,2.31,2.43,2.3,130,0,0,0.83,0.96,4,Average,1,4,0
S01184,Female,Computer Science,EntranceExam,2.67,3.41,3.59,2.79,3.12,130,0,0,0.86,0.91,3,Stable,1,4,0
S01185,Female,Multimedia Technology,EntranceExam,2.37,2.52,2.47,2.53,2.47,125,3,0,0.74,0.89,0,Average,0,8,1
S01186,Female,Notary Relations,EntranceExam,3.51,3.11,4,3.88,3.62,125,0,0,0.97,0.63,1,Average,1,4,0
S01187,Female,Business Administration,EntranceExam,2.81,3.38,3.33,3.06,3.14,120,0,0,0.84,0.88,0,Average,1,4,1
S01188,Male,Information Technology,EntranceExam,2.98,3.23,2.65,2.83,2.92,130,1,0,0.95,0.8,1,Average,1,4,1
S01189,Female,Artificial Intelligence,DirectAdmission,2.62,3.01,2.91,2.91,2.86,130,0,1,0.83,0.93,2,Stable,1,4,1
S01190,Female,Automation,DirectAdmission,1.55,1.92,1.62,1.97,1.76,140,5,0,1,0.81,1,Stable,0,5,1
S01191,Female,Accounting,EntranceExam,3.51,3.63,3.06,3.44,3.41,130,0,0,0.94,0.64,1,Average,1,4,0
S01192,Female,Financial Technology (Fintech),DirectAdmission,2.96,3.14,3.01,2.85,2.99,130,2,0,0.89,0.85,2,Average,1,4,0
S01193,Male,Accounting,EntranceExam,2.46,3.01,2.99,3.36,2.96,130,0,0,0.92,0.99,1,Stable,1,4,1
S01194,Male,Multimedia Communication,DirectAdmission,2.13,2.57,2.38,2.62,2.42,125,1,0,0.64,0.63,1,Difficult,0,5,0
S01195,Male,Automation,EntranceExam,1.86,2.38,2.07,2.82,2.28,140,1,0,0.92,0.93,1,Stable,1,4,0
S01196,Female,Automation,EntranceExam,2.44,3.18,2.62,2.89,2.78,140,0,0,0.87,0.85,1,Average,1,4,1
S01197,Male,Information Technology,DirectAdmission,3.16,3.57,3.89,3.71,3.58,130,0,0,0.99,0.96,0,Average,1,4,1
S01198,Male,Marketing,DirectAdmission,2.36,2.51,1.74,2.2,2.2,120,0,0,0.82,0.96,1,Stable,1,4,0
S01199,Female,Information Technology,EntranceExam,1.6,2.07,1.63,1.95,1.81,130,5,1,0.95,0.95,1,Stable,0,6,1
S01200,Female,Information Security,EntranceExam,2.77,2.43,2.46,2.7,2.59,130,0,0,0.94,0.95,1,Average,1,4,1
S01201,Male,Information Security,EntranceExam,2.01,2.14,1.83,2.12,2.03,130,0,0,1,0.77,1,Stable,1,4,0
S01202,Male,Automation,DirectAdmission,2.86,3.05,2.78,3.17,2.96,140,0,0,0.83,0.91,2,Difficult,1,4,0
S01203,Female,Information Technology,EntranceExam,2.22,2.69,2.52,2.73,2.54,130,2,0,0.85,0.74,3,Average,0,6,1
S01204,Male,Marketing,EntranceExam,1.99,1.63,2.03,1.98,1.91,120,4,0,0.71,0.74,2,Average,0,8,0
S01205,Female,Financial Technology (Fintech),EntranceExam,2.46,2.83,2.57,3.11,2.74,130,2,1,0.84,0.61,1,Average,0,7,1
S01206,Female,E-commerce,EntranceExam,2.52,2.68,2.48,1.78,2.36,125,0,0,0.94,0.93,4,Stable,1,4,1
S01207,Male,Artificial Intelligence,EntranceExam,3.07,2.8,3.11,3.25,3.06,130,0,0,0.84,0.66,1,Stable,1,4,1
S01208,Female,Computer Science,EntranceExam,2.22,2.26,2.26,2.09,2.21,130,1,0,0.93,0.65,2,Average,1,4,1
S01209,Female,Information Technology,EntranceExam,2.17,2.85,2.74,2.22,2.5,130,0,0,0.87,0.86,1,Stable,1,4,0
S01210,Female,Information Technology,EntranceExam,3.03,2.85,3.27,2.75,2.98,130,1,0,0.77,0.87,2,Difficult,0,6,1
S01211,Female,Multimedia Communication,EntranceExam,2.2,2.28,2.12,1.73,2.08,125,1,0,0.83,0.89,1,Stable,0,8,1
S01212,Female,Information Technology,EntranceExam,2.04,1.67,1.98,2.12,1.95,130,7,1,0.93,0.77,5,Stable,0,8,0
S01213,Female,Business Administration,EntranceExam,1.9,2.26,1.37,2.41,1.98,120,5,0,0.86,0.93,2,Average,0,5,1
S01214,Male,Automation,EntranceExam,2,2,1.75,1.46,1.8,140,2,1,0.89,1,0,Average,0,6,0
S01215,Female,E-commerce,EntranceExam,2.25,2.77,2.97,2.63,2.66,125,1,0,0.9,0.92,1,Stable,1,4,1
S01216,Female,Information Technology,EntranceExam,1.97,1.83,1.93,2,1.93,130,6,0,0.82,0.85,2,Stable,0,6,0
S01217,Male,Multimedia Technology,EntranceExam,2.88,3.38,3.61,3.13,3.25,125,0,1,0.8,0.89,0,Stable,1,4,1
S01218,Female,Multimedia Technology,EntranceExam,2.31,2.39,2.07,2.97,2.44,125,4,0,0.88,0.62,3,Stable,0,7,1
S01219,Female,Game Design and Development,EntranceExam,2.39,2.63,1.73,1.93,2.17,140,2,0,0.8,0.88,0,Average,1,4,0
S01220,Male,Marketing,EntranceExam,1.51,1.95,1.16,2.1,1.68,120,0,0,0.83,0.73,1,Stable,0,6,0
S01221,Female,Computer Science,EntranceExam,2.17,1.49,2.45,1.75,1.96,130,7,1,0.84,0.9,1,Average,0,5,1
S01222,Male,Information Technology,DirectAdmission,2.42,2.9,2.74,2.56,2.66,130,0,0,0.98,0.95,2,Stable,1,4,0
S01223,Female,Business Administration,DirectAdmission,2.29,2.74,2.9,3.18,2.78,120,0,0,0.91,0.83,2,Average,1,4,1
S01224,Female,Business Administration,DirectAdmission,2.02,2.41,2.09,2.52,2.26,120,1,0,0.95,0.98,2,Average,1,4,1
S01225,Female,Marketing,EntranceExam,2.9,2.69,2.82,2.56,2.74,120,0,0,0.96,0.86,4,Stable,1,4,1
S01226,Female,E-commerce,DirectAdmission,3.59,3.43,2.79,3.49,3.32,125,0,0,0.88,1,3,Stable,1,4,1
S01227,Male,Information Technology,EntranceExam,3.06,3.02,3.12,2.96,3.04,130,3,0,0.76,0.88,0,Average,0,8,0
S01228,Female,Automation,DirectAdmission,2.99,3.67,2.71,3.04,3.1,140,0,0,0.86,0.76,2,Average,1,4,0
S01229,Male,Multimedia Communication,EntranceExam,2.88,2.62,2.94,2.8,2.81,125,0,0,0.89,1,1,Stable,1,4,0
S01230,Female,Computer Science,EntranceExam,2.39,2.47,2.83,2.26,2.49,130,0,0,0.93,0.96,4,Stable,1,4,1
S01231,Female,Computer Science,EntranceExam,2.77,2.42,2.41,2.58,2.54,130,0,0,0.87,0.88,3,Stable,1,4,0
S01232,Female,Notary Relations,DirectAdmission,1.95,2.03,1.89,2.5,2.09,125,0,0,0.82,0.83,2,Stable,1,4,1
S01233,Male,Computer Science,EntranceExam,1.51,1.56,1.73,1.44,1.56,130,0,1,0.91,0.83,0,Average,0,7,0
S01234,Female,Automation,EntranceExam,3,3,3.29,3.18,3.12,140,0,0,0.93,0.77,1,Stable,1,4,0
S01235,Female,Information Technology,EntranceExam,2.08,3.05,2.02,2.17,2.33,130,6,0,0.88,0.67,2,Average,0,5,1
S01236,Female,Information Security,DirectAdmission,2.33,2.79,2.52,3.11,2.69,130,0,0,0.9,0.97,3,Stable,1,4,1
S01237,Male,Multimedia Communication,DirectAdmission,2.84,3.27,2.84,3.25,3.05,125,0,0,0.95,0.84,1,Stable,1,4,0
S01238,Male,Automation,EntranceExam,2.86,2.88,3.11,3.42,3.07,140,0,0,0.93,0.74,4,Average,1,4,1
S01239,Male,Notary Relations,EntranceExam,1.84,1.74,1.76,1.68,1.76,125,8,0,0.94,0.96,2,Stable,0,6,0
S01240,Male,Automation,EntranceExam,2.79,2.97,3.27,3.15,3.04,140,0,0,0.82,0.69,1,Stable,1,4,0
S01241,Female,Notary Relations,EntranceExam,2.42,2.58,2.69,1.97,2.42,125,2,0,0.86,0.98,2,Stable,1,4,1
S01242,Female,Financial Technology (Fintech),DirectAdmission,3.32,2.87,3.19,3.06,3.11,130,1,0,0.81,0.83,3,Average,1,4,0
S01243,Male,Marketing,EntranceExam,2.75,2.55,3.27,2.96,2.88,120,0,0,0.98,0.7,0,Average,1,4,0
S01244,Male,Multimedia Communication,EntranceExam,2.88,3.29,2.9,2.66,2.93,125,6,0,0.69,0.82,3,Difficult,0,5,0
S01245,Male,Information Technology,EntranceExam,2.83,1.7,2.49,2.1,2.28,130,1,0,0.87,0.8,3,Stable,1,4,0
S01246,Male,Information Security,EntranceExam,2.09,2.93,2.11,2.65,2.44,130,0,0,0.88,0.79,1,Average,1,4,0
S01247,Female,Business Administration,EntranceExam,3.12,3.05,2.99,3.34,3.12,120,0,0,0.91,0.87,1,Stable,1,4,0
S01248,Male,Information Security,EntranceExam,2.48,2.38,2.57,2.49,2.48,130,1,0,0.8,0.89,0,Average,0,6,0
S01249,Female,Information Technology,EntranceExam,2.31,2.43,2.17,2.91,2.46,130,1,0,0.85,0.86,2,Stable,1,4,1
S01250,Female,Notary Relations,EntranceExam,2.8,3.1,3.63,3.03,3.14,125,0,0,0.9,0.78,2,Average,1,4,0
S01251,Male,Artificial Intelligence,EntranceExam,2.68,2.45,2.57,1.73,2.36,130,4,0,0.69,0.77,0,Difficult,0,5,0
S01252,Male,Journalism,EntranceExam,2.32,2.46,3.21,2.83,2.7,120,0,0,1,0.85,4,Stable,1,4,1
S01253,Female,Accounting,EntranceExam,2.98,3.44,3.2,3.32,3.24,130,0,1,0.85,0.72,1,Stable,1,4,0
S01254,Female,Computer Science,EntranceExam,2.52,3.27,3.21,3.16,3.04,130,1,0,0.85,0.79,3,Average,1,4,0
S01255,Female,Game Design and Development,EntranceExam,1.39,1.57,2.2,1.72,1.72,140,8,0,0.8,0.79,0,Average,0,7,0
S01256,Male,Marketing,EntranceExam,2.5,2.81,2.85,2.96,2.78,120,0,0,0.83,0.77,1,Average,1,4,0
S01257,Male,Multimedia Technology,DirectAdmission,3.45,2.94,2.97,3.67,3.26,125,0,0,0.9,0.68,2,Stable,1,4,1
S01258,Male,Financial Technology (Fintech),EntranceExam,1.38,1.73,1.1,1.35,1.39,130,9,0,0.83,0.78,2,Stable,0,5,0
S01259,Male,E-commerce,EntranceExam,1.82,2.35,3.08,2.89,2.54,125,0,0,0.85,0.85,2,Stable,1,4,0
S01260,Male,Marketing,EntranceExam,2.61,3.02,2.68,3.04,2.84,120,0,0,0.82,0.72,2,Stable,1,4,0
S01261,Female,Information Technology,EntranceExam,2.11,2.39,2.57,2.26,2.33,130,1,0,0.87,0.85,2,Stable,1,4,1
S01262,Male,Marketing,DirectAdmission,1.89,2.68,2.37,2.27,2.3,120,2,0,0.85,0.83,1,Stable,0,7,0
S01263,Male,Financial Technology (Fintech),DirectAdmission,2.98,2.98,2.79,2.85,2.9,130,1,0,0.84,0.82,2,Stable,1,4,0
S01264,Male,Business Administration,EntranceExam,1.6,2.15,2.74,2.16,2.16,120,3,1,0.99,0.87,2,Difficult,0,7,0
S01265,Male,Information Technology,DirectAdmission,2.52,3.02,2.74,3.09,2.84,130,2,0,0.76,0.73,2,Average,0,5,0
S01266,Male,Accounting,EntranceExam,2.38,2.33,2.25,2.58,2.38,130,1,0,0.75,0.79,0,Stable,0,5,0
S01267,Male,Multimedia Technology,EntranceExam,2.43,2.03,2.73,1.91,2.28,125,0,0,0.98,1,2,Stable,1,4,0
S01268,Male,Business Administration,EntranceExam,3.12,4,4,3.93,3.76,120,0,0,0.82,1,2,Average,1,4,1
S01269,Male,Financial Technology (Fintech),EntranceExam,2.12,2.71,1.97,1.94,2.18,130,3,0,0.67,0.85,2,Stable,0,8,0
S01270,Male,Marketing,EntranceExam,1.71,2.65,2.44,2.23,2.26,120,0,0,0.9,0.92,0,Stable,1,4,0
S01271,Male,Automation,EntranceExam,3.31,3.01,3.11,3.09,3.13,140,1,0,0.97,0.89,2,Average,1,4,1
S01272,Female,Game Design and Development,EntranceExam,2.98,3.54,3.36,3.34,3.3,140,0,0,0.81,0.94,1,Stable,1,4,0
S01273,Male,Game Design and Development,EntranceExam,1.34,1.47,1.95,0.98,1.44,140,2,1,1,0.94,1,Average,0,5,0
S01274,Male,Artificial Intelligence,EntranceExam,3.11,2.64,2.64,2.97,2.84,130,1,0,0.77,0.92,0,Difficult,0,7,0
S01275,Female,Information Technology,EntranceExam,2.7,2.09,2.56,2.58,2.48,130,1,0,0.97,1,2,Stable,1,4,1
S01276,Male,Information Technology,EntranceExam,2.27,2.47,2.66,2.8,2.55,130,0,0,0.91,0.87,2,Stable,1,4,0
S01277,Female,Information Technology,DirectAdmission,3.32,2.87,2.74,2.79,2.93,130,1,0,0.93,0.92,0,Average,1,4,0
S01278,Male,Computer Science,DirectAdmission,2.08,1.87,1.12,1.43,1.62,130,7,0,0.9,0.7,0,Average,0,8,0
S01279,Female,Automation,EntranceExam,3.2,2.92,3.07,3.11,3.08,140,0,0,0.81,0.92,0,Average,1,4,1
S01280,Female,E-commerce,EntranceExam,2.24,2.34,2.36,2.08,2.26,125,4,0,0.79,0.76,1,Stable,0,5,1
S01281,Female,Computer Science,EntranceExam,2.04,1.24,1.45,1.92,1.66,130,5,0,0.8,0.77,0,Average,0,5,1
S01282,Female,Information Security,EntranceExam,2.86,2.8,2.83,3.23,2.93,130,0,0,0.8,0.68,2,Stable,1,4,1
S01283,Male,Information Security,DirectAdmission,2.14,2.41,2.04,1.71,2.08,130,0,0,0.98,0.93,1,Average,1,4,0
S01284,Male,Artificial Intelligence,EntranceExam,1.26,1.64,1.84,1.97,1.68,130,7,0,0.88,0.82,2,Stable,0,5,0
S01285,Female,E-commerce,EntranceExam,2.91,3.19,3.84,3.24,3.3,125,0,0,0.86,0.77,0,Stable,1,4,0
S01286,Male,Financial Technology (Fintech),DirectAdmission,2.19,2.35,2.34,2.41,2.32,130,1,0,0.85,0.91,2,Difficult,0,7,0
S01287,Male,Notary Relations,EntranceExam,1.32,1.76,2.44,1.69,1.8,125,5,0,0.76,0.63,0,Average,0,5,0
S01288,Male,Information Security,DirectAdmission,3.22,2.65,3.12,2.84,2.96,130,0,0,0.81,0.64,4,Stable,1,4,0
S01289,Female,Marketing,EntranceExam,2.74,2.93,2.67,2.57,2.73,120,0,0,0.85,0.93,3,Stable,1,4,1
S01290,Female,Accounting,EntranceExam,3.49,3.34,3.41,3.37,3.4,130,1,0,0.77,0.72,0,Difficult,0,5,1
S01291,Female,Multimedia Technology,EntranceExam,2.49,2.13,2.38,2.64,2.41,125,5,0,0.68,0.78,1,Stable,0,6,0
S01292,Female,Marketing,DirectAdmission,2.02,2.55,2.22,2.24,2.26,120,0,0,0.82,0.83,4,Stable,1,4,1
S01293,Male,Information Technology,EntranceExam,3.22,2.96,2.85,1.84,2.72,130,0,0,0.82,1,2,Average,1,4,0
S01294,Male,Financial Technology (Fintech),EntranceExam,1.96,2.36,1.63,2.1,2.01,130,0,0,1,0.82,3,Stable,1,4,0
S01295,Female,Notary Relations,EntranceExam,1.91,2.61,1.68,2.3,2.12,125,1,0,1,0.82,1,Stable,1,4,0
S01296,Female,Information Technology,EntranceExam,2.34,2.41,2.55,2.52,2.46,130,1,0,0.88,0.86,1,Stable,1,4,1
S01297,Male,Marketing,EntranceExam,3.38,4,3.36,4,3.68,120,0,0,0.81,0.85,6,Average,1,4,1
S01298,Male,Game Design and Development,EntranceExam,2.8,3.26,3.11,2.75,2.98,140,1,0,0.92,0.77,1,Average,1,4,1
S01299,Male,Automation,EntranceExam,2.92,3.05,2.17,2.95,2.77,140,0,0,1,0.83,2,Average,1,4,1
S01300,Female,Computer Science,DirectAdmission,2.95,3.22,2.93,2.67,2.94,130,0,0,0.97,0.97,1,Stable,1,4,1
S01301,Female,Information Security,EntranceExam,2.77,3.41,3.06,2.97,3.05,130,0,0,0.84,0.96,1,Stable,1,4,0
S01302,Male,Business Administration,EntranceExam,2.39,2.16,1.97,2.58,2.28,120,2,0,0.87,0.9,1,Stable,1,4,0
S01303,Female,Information Technology,DirectAdmission,1.52,2.02,2.08,1.79,1.85,130,6,1,0.95,0.95,1,Stable,0,6,1
S01304,Male,Multimedia Technology,EntranceExam,2.55,2.02,2.41,2.55,2.38,125,1,0,0.91,0.85,1,Stable,1,4,0
S01305,Male,Information Technology,DirectAdmission,2.86,3.32,1.89,3.26,2.83,130,0,0,0.92,0.76,2,Stable,1,4,0
S01306,Male,Business Administration,DirectAdmission,1.81,2.6,2.35,2.41,2.29,120,4,1,0.8,0.71,0,Difficult,0,6,0
S01307,Male,Business Administration,DirectAdmission,2.9,3.26,3.2,3.35,3.18,120,0,0,0.86,0.75,0,Average,1,4,1
S01308,Female,Computer Science,EntranceExam,2.22,2.5,2.79,2.45,2.49,130,0,0,0.97,0.71,3,Stable,1,4,1
S01309,Male,Artificial Intelligence,EntranceExam,1.54,2.04,1.89,2.37,1.96,130,8,0,0.84,0.62,0,Stable,0,8,0
S01310,Male,Accounting,EntranceExam,3.43,3.09,3.13,2.39,3.01,130,0,0,0.86,0.72,0,Stable,1,4,0
S01311,Female,Information Security,EntranceExam,2.71,2.51,2.19,2.23,2.41,130,0,0,0.81,0.79,1,Average,1,4,1
S01312,Female,Marketing,EntranceExam,1.87,1.82,1.47,1.79,1.74,120,6,0,0.8,0.67,0,Stable,0,6,1
S01313,Male,Game Design and Development,EntranceExam,1.96,2.29,1.94,2.07,2.06,140,1,0,0.89,0.89,1,Average,0,8,0
S01314,Male,Artificial Intelligence,EntranceExam,1.88,2.28,2.44,1.62,2.05,130,4,0,0.82,0.81,1,Stable,0,7,0
S01315,Female,Multimedia Technology,EntranceExam,2.34,2.4,2.45,2.6,2.45,125,1,0,0.92,0.83,1,Average,1,4,1
S01316,Male,Artificial Intelligence,DirectAdmission,3.32,3.8,3.26,3.04,3.35,130,1,0,0.83,0.77,1,Stable,1,4,1
S01317,Female,Information Security,EntranceExam,3.27,3.05,3.22,3.55,3.27,130,0,0,0.86,0.87,2,Stable,1,4,0
S01318,Female,Marketing,EntranceExam,2.53,2.21,2.51,2.8,2.51,120,1,0,0.81,0.81,2,Stable,1,4,1
S01319,Female,Journalism,DirectAdmission,2.65,3.06,2.75,2.97,2.86,120,1,0,1,0.77,3,Average,1,4,1
S01320,Female,Marketing,EntranceExam,2.12,2.27,2.28,2.25,2.23,120,5,1,0.9,0.86,0,Stable,0,8,1
S01321,Male,Financial Technology (Fintech),EntranceExam,2.03,2.14,2.17,2.67,2.25,130,0,0,0.86,0.79,4,Average,1,4,0
S01322,Male,Marketing,EntranceExam,2.55,3.26,3.37,2.51,2.92,120,0,0,0.92,0.85,0,Stable,1,4,0
S01323,Male,Computer Science,EntranceExam,2.14,2.65,2.26,1.93,2.24,130,1,0,0.86,0.71,3,Stable,1,4,0
S01324,Male,Information Technology,EntranceExam,3.04,3.21,2.76,3.14,3.04,130,0,0,0.93,0.74,3,Stable,1,4,1
S01325,Male,Artificial Intelligence,EntranceExam,2.88,2.82,2.93,3.98,3.15,130,0,0,0.93,0.85,1,Stable,1,4,1
S01326,Female,Game Design and Development,EntranceExam,2.41,2.43,2.33,2.32,2.37,140,0,0,0.95,0.73,1,Stable,1,4,1
S01327,Female,Computer Science,DirectAdmission,2.15,2.75,2.8,3.23,2.73,130,0,0,0.88,0.81,0,Stable,1,4,1
S01328,Female,Marketing,EntranceExam,1.58,1.61,1.48,2.07,1.68,120,4,0,0.91,0.91,0,Stable,0,5,0
S01329,Male,Information Technology,EntranceExam,1.95,2.38,2.33,1.5,2.04,130,0,0,0.93,0.78,0,Stable,1,4,0
S01330,Female,Information Technology,EntranceExam,2.14,2.05,1.96,2.6,2.19,130,2,0,0.93,0.83,0,Stable,1,4,0
S01331,Female,Information Technology,EntranceExam,1.24,1.7,1.24,2.1,1.57,130,8,1,0.77,0.73,4,Average,0,6,0
S01332,Male,Information Security,EntranceExam,3.15,3.49,3.3,3.74,3.42,130,0,0,0.85,0.83,5,Stable,1,4,1
S01333,Male,Artificial Intelligence,EntranceExam,2.56,3.1,2.54,2.83,2.76,130,0,0,0.96,0.99,0,Stable,1,4,0
S01334,Female,Information Technology,EntranceExam,1.84,2.19,1.69,2.67,2.1,130,2,0,0.85,0.67,4,Stable,1,4,1
S01335,Male,Business Administration,EntranceExam,1.47,1.54,1.77,1.05,1.46,120,2,1,0.93,0.86,0,Stable,0,5,0
S01336,Female,Multimedia Technology,DirectAdmission,3.81,3.6,4,4,3.85,125,0,0,0.85,0.75,0,Difficult,1,4,0
S01337,Female,Information Technology,EntranceExam,3.6,2.77,3.28,3.05,3.18,130,2,0,0.69,0.76,2,Average,0,8,1
S01338,Male,Computer Science,DirectAdmission,3.13,2.78,2.71,2.7,2.83,130,0,0,0.88,0.93,4,Stable,1,4,0
S01339,Male,Game Design and Development,EntranceExam,3.62,3.21,3.02,3.25,3.28,140,0,0,0.87,0.87,1,Average,1,4,1
S01340,Male,Artificial Intelligence,EntranceExam,3.19,3.39,3.05,3.68,3.33,130,0,0,0.89,0.84,0,Average,1,4,1
S01341,Female,Computer Science,EntranceExam,3.32,3.34,3.57,4,3.56,130,1,0,0.83,0.9,2,Stable,1,4,0
S01342,Female,Game Design and Development,EntranceExam,2.33,2.21,1.61,2.77,2.23,140,4,0,0.79,0.82,0,Average,0,7,0
S01343,Female,Automation,EntranceExam,1.4,1.1,1.07,1.73,1.33,140,12,0,0.69,0.75,2,Average,0,7,1
S01344,Female,Business Administration,EntranceExam,2.61,2.6,2.71,1.73,2.41,120,1,0,0.91,0.78,3,Stable,1,4,1
S01345,Male,Information Technology,EntranceExam,2.05,2.74,2.66,2.25,2.42,130,2,0,0.81,0.72,3,Stable,0,7,0
S01346,Female,Information Security,EntranceExam,2.34,1.77,2.08,2.03,2.05,130,6,1,0.79,0.94,2,Stable,0,6,1
S01347,Female,Business Administration,EntranceExam,2.35,2.57,2.42,2.48,2.46,120,1,0,0.91,0.85,1,Average,1,4,1
S01348,Male,Multimedia Communication,EntranceExam,1.41,0.89,1.27,1.6,1.29,125,7,0,0.86,0.57,2,Stable,0,6,0
S01349,Male,Artificial Intelligence,EntranceExam,2.7,2.74,2.65,2.83,2.73,130,0,0,0.91,1,3,Stable,1,4,0
S01350,Female,Information Security,EntranceExam,3.08,3.59,3.17,3.31,3.29,130,0,0,0.87,0.82,3,Stable,1,4,0
S01351,Female,Artificial Intelligence,EntranceExam,2.51,2.74,3.13,2.52,2.72,130,3,1,0.84,0.77,0,Average,0,8,1
S01352,Male,Financial Technology (Fintech),EntranceExam,1.75,1.9,2.44,2.44,2.13,130,4,0,0.86,0.98,0,Stable,0,6,0
S01353,Female,Information Technology,EntranceExam,2.14,2.4,2.18,2.23,2.24,130,0,0,0.9,0.7,5,Stable,1,4,1
S01354,Female,Marketing,DirectAdmission,2.96,2.48,2.26,2.99,2.67,120,0,0,0.99,0.91,0,Stable,1,4,1
S01355,Female,Accounting,EntranceExam,2.81,2.68,2.4,2.99,2.72,130,1,1,0.83,0.78,4,Average,1,4,1
S01356,Female,Multimedia Technology,EntranceExam,2.62,3.49,2.93,2.93,2.99,125,0,0,0.8,0.85,0,Average,1,4,1
S01357,Female,Financial Technology (Fintech),EntranceExam,2.95,3.1,3.35,3.55,3.24,130,0,0,0.89,0.84,0,Stable,1,4,0
S01358,Male,Journalism,DirectAdmission,1.57,1.23,1.81,1.53,1.54,120,8,1,0.8,0.84,1,Average,0,5,0
S01359,Female,E-commerce,DirectAdmission,1.7,2.33,1.65,2.25,1.98,125,4,0,0.86,0.77,1,Average,0,7,1
S01360,Male,Game Design and Development,EntranceExam,3.19,3.42,3.1,3.38,3.27,140,0,0,0.94,0.82,4,Stable,1,4,1
S01361,Female,Financial Technology (Fintech),EntranceExam,1.64,1.84,1.81,1.5,1.7,130,5,0,0.8,0.76,2,Difficult,0,5,0
S01362,Male,Automation,EntranceExam,1.23,1.35,1.69,2.14,1.6,140,2,0,0.87,0.98,1,Stable,0,6,0
S01363,Female,Automation,DirectAdmission,1.44,1.66,1.37,1.75,1.56,140,6,1,0.99,0.65,1,Stable,0,8,1
S01364,Female,Automation,EntranceExam,1.89,2.19,2.51,2.41,2.25,140,3,0,0.81,0.9,3,Average,0,5,1
S01365,Female,E-commerce,EntranceExam,0.8,1.13,0.93,0.84,0.92,125,7,0,0.9,0.8,0,Stable,0,5,0
S01366,Male,E-commerce,EntranceExam,2.28,2.82,2.61,2.29,2.5,125,1,0,0.83,0.66,1,Stable,1,4,0
S01367,Male,Financial Technology (Fintech),EntranceExam,2.63,2.58,2.79,2.3,2.58,130,1,0,0.83,0.82,1,Stable,1,4,0
S01368,Female,E-commerce,EntranceExam,2.19,1.71,2.08,1.91,1.97,125,6,0,0.87,0.72,1,Difficult,0,8,1
S01369,Female,Artificial Intelligence,EntranceExam,2.63,2.6,2.21,2.72,2.54,130,3,0,0.85,0.8,3,Stable,1,4,0
S01370,Female,Information Technology,EntranceExam,2.27,2.43,2.25,2.09,2.26,130,1,1,0.74,0.92,0,Stable,0,6,1
S01371,Male,Computer Science,EntranceExam,2.2,2.34,2.16,2.51,2.3,130,2,0,0.85,0.96,4,Stable,1,4,0
S01372,Male,Marketing,EntranceExam,2.85,2.65,2.7,3.27,2.87,120,2,1,0.66,0.53,0,Average,0,5,0
S01373,Male,Multimedia Communication,EntranceExam,2.37,2.8,3.12,2.96,2.81,125,1,0,0.94,0.88,2,Average,1,4,0
S01374,Female,Automation,EntranceExam,2.49,2.54,2.09,2.53,2.41,140,6,0,0.74,0.84,0,Difficult,0,6,1
S01375,Female,Information Technology,EntranceExam,1.45,0.86,1.08,0.92,1.08,130,8,0,0.75,1,3,Average,0,7,0
S01376,Male,E-commerce,EntranceExam,3.12,3,2.91,3.85,3.22,125,0,0,0.85,0.74,0,Average,1,4,0
S01377,Female,Computer Science,EntranceExam,2.18,2.05,2.56,2.45,2.31,130,4,2,0.9,0.76,0,Average,0,6,0
S01378,Male,Marketing,EntranceExam,2.42,2.53,2.95,2.03,2.48,120,2,0,0.85,1,0,Difficult,0,5,0
S01379,Male,Information Technology,EntranceExam,2.17,2.51,2.05,2.43,2.29,130,2,0,0.9,0.77,0,Average,0,6,0
S01380,Female,Artificial Intelligence,DirectAdmission,3.38,3.55,3.73,3.94,3.65,130,0,0,0.9,0.84,1,Stable,1,4,0
S01381,Female,Multimedia Technology,EntranceExam,2.78,2.98,2.98,2.75,2.87,125,1,1,0.74,0.69,2,Stable,0,7,1
S01382,Female,Notary Relations,EntranceExam,2.93,3.19,2.82,2.33,2.82,125,0,0,0.87,0.9,4,Average,1,4,1
S01383,Female,Notary Relations,DirectAdmission,2.77,2.44,2.57,2.5,2.57,125,0,0,0.89,0.92,1,Stable,1,4,1
S01384,Female,Artificial Intelligence,DirectAdmission,2.13,2.45,2.35,2.23,2.29,130,1,0,0.85,0.97,2,Stable,1,4,1
S01385,Male,Game Design and Development,EntranceExam,2.43,2.55,1.78,1.85,2.15,140,0,0,0.93,0.81,0,Stable,0,7,0
S01386,Male,Multimedia Technology,DirectAdmission,2.56,2.14,2.23,2.34,2.32,125,0,0,0.86,0.96,0,Average,1,4,0
S01387,Male,Artificial Intelligence,EntranceExam,3.24,3.34,3.18,3.49,3.31,130,0,0,0.84,0.82,0,Average,1,4,1
S01388,Female,Financial Technology (Fintech),EntranceExam,2.11,2.12,2.52,2.24,2.25,130,3,0,0.77,0.8,1,Stable,0,5,1
S01389,Female,Journalism,EntranceExam,2.05,2.41,2.98,2.58,2.5,120,0,0,0.93,1,1,Stable,1,4,1
S01390,Male,Automation,EntranceExam,2.56,2.57,2.34,2.7,2.54,140,0,0,0.86,0.76,2,Average,1,4,0
S01391,Male,Multimedia Communication,EntranceExam,2.23,2.05,2.16,1.88,2.08,125,2,0,0.97,0.84,5,Stable,1,4,0
S01392,Female,Information Technology,EntranceExam,2.35,2.64,2.01,1.57,2.14,130,0,0,0.88,0.93,0,Stable,1,4,1
S01393,Female,Financial Technology (Fintech),EntranceExam,1.29,1.29,1.12,1.07,1.19,130,9,0,0.81,0.85,1,Stable,0,6,0
S01394,Female,Computer Science,EntranceExam,2.14,2.2,2.76,1.8,2.22,130,3,0,0.83,0.8,2,Stable,0,7,1
S01395,Female,Artificial Intelligence,EntranceExam,1.77,2.06,2.03,2.29,2.04,130,2,0,0.94,0.91,2,Stable,1,4,1
S01396,Male,Game Design and Development,EntranceExam,2.84,2.88,3.15,2.64,2.88,140,3,0,0.77,0.73,1,Difficult,0,5,0
S01397,Female,Information Technology,EntranceExam,1.84,1.93,1.96,1.59,1.83,130,8,0,0.97,0.69,1,Average,0,5,1
S01398,Female,Artificial Intelligence,DirectAdmission,1.97,2.74,2.66,2.22,2.4,130,1,0,0.92,0.86,3,Stable,1,4,1
S01399,Female,Information Technology,EntranceExam,1.8,1.82,2.45,2.03,2.02,130,3,0,0.98,1,5,Average,0,7,1
S01400,Female,Accounting,EntranceExam,2.35,3.09,3.19,2.95,2.89,130,0,0,0.91,0.98,2,Average,1,4,0
S01401,Female,Game Design and Development,DirectAdmission,2.42,2.62,2.72,3.5,2.82,140,0,0,1,0.71,4,Stable,1,4,1
S01402,Female,Computer Science,EntranceExam,2.24,2.36,1.9,1.88,2.09,130,3,0,0.83,0.77,2,Average,0,5,1
S01403,Male,Computer Science,EntranceExam,2.72,3.1,2.74,2.75,2.83,130,0,0,0.8,0.86,0,Average,1,4,0
S01404,Male,Artificial Intelligence,EntranceExam,1.14,1,1.59,1.47,1.3,130,4,0,0.81,0.79,1,Average,0,6,0
S01405,Male,Computer Science,DirectAdmission,3.46,2.94,3.11,3.57,3.27,130,0,0,0.94,0.9,3,Stable,1,4,1
S01406,Female,Business Administration,EntranceExam,2.19,2.66,3.02,2.23,2.52,120,2,0,0.78,0.69,0,Stable,0,5,1
S01407,Male,Notary Relations,EntranceExam,1.42,1.45,2.44,0.91,1.56,125,2,0,0.98,0.66,1,Average,0,6,0
S01408,Male,Marketing,EntranceExam,1.47,1.69,1.95,1.93,1.76,120,0,0,0.97,0.91,2,Stable,1,4,0
S01409,Male,Computer Science,EntranceExam,2.53,2.75,3.02,2.85,2.79,130,2,0,0.8,0.83,2,Stable,1,4,0
S01410,Female,Game Design and Development,EntranceExam,3.06,3.24,3.11,2.84,3.06,140,0,0,0.98,0.85,1,Average,1,4,0
S01411,Male,Information Technology,EntranceExam,1.61,2.31,2.18,2.63,2.18,130,4,1,0.86,0.94,1,Average,0,5,0
S01412,Female,Accounting,DirectAdmission,2.58,3.08,2.84,2.75,2.81,130,0,0,0.87,0.79,1,Average,1,4,1
S01413,Female,Information Technology,EntranceExam,2.92,2.98,3.33,3.19,3.1,130,0,0,0.81,0.64,2,Average,1,4,1
S01414,Female,Computer Science,DirectAdmission,2.11,2.11,2.56,2.2,2.24,130,3,0,0.85,0.73,0,Stable,0,6,0
S01415,Female,Computer Science,EntranceExam,2.62,2.85,3.17,2.98,2.9,130,1,0,0.85,0.69,3,Average,0,7,1
S01416,Female,Accounting,DirectAdmission,2.67,2.41,2.46,2.42,2.49,130,1,0,0.85,0.91,5,Stable,1,4,1
S01417,Male,Multimedia Communication,EntranceExam,2.71,3,3.29,2.44,2.86,125,0,0,0.89,0.97,1,Average,1,4,0
S01418,Female,Business Administration,EntranceExam,2.58,2.7,2.61,2.04,2.48,120,0,0,0.93,0.66,1,Stable,1,4,1
S01419,Male,Journalism,EntranceExam,2.22,2.41,2.48,2.43,2.39,120,1,0,0.95,0.92,1,Stable,1,4,0
S01420,Male,Artificial Intelligence,DirectAdmission,2.29,1.88,2.1,2.14,2.1,130,1,0,0.91,1,0,Average,0,5,0
S01421,Female,Artificial Intelligence,EntranceExam,3.16,2.8,2.62,2.98,2.89,130,0,0,0.81,0.74,3,Average,1,4,1
S01422,Male,Multimedia Technology,EntranceExam,3,2.85,2.65,2.6,2.78,125,4,0,0.72,0.7,0,Average,0,7,0
S01423,Male,Information Security,EntranceExam,2.87,3.27,2.6,3.38,3.03,130,0,0,0.96,0.92,0,Stable,1,4,1
S01424,Female,Information Technology,DirectAdmission,2.63,2.82,2.2,2.85,2.62,130,0,0,0.98,0.85,3,Average,1,4,1
S01425,Female,Information Technology,EntranceExam,2.88,2.2,3.26,2.63,2.74,130,0,0,0.99,0.95,1,Stable,1,4,1
S01426,Female,Marketing,EntranceExam,2,2.05,2.29,2.57,2.23,120,5,0,0.82,0.79,0,Difficult,0,7,1
S01427,Male,Financial Technology (Fintech),EntranceExam,2.59,2.32,2.58,3.35,2.71,130,1,0,0.84,0.9,2,Average,1,4,0
S01428,Female,Multimedia Communication,EntranceExam,2.48,3.13,2.67,2.58,2.72,125,0,0,0.8,0.8,1,Average,1,4,0
S01429,Female,Information Technology,DirectAdmission,2.77,2.54,2.53,2.61,2.61,130,0,0,0.89,0.77,4,Stable,1,4,1
S01430,Female,Artificial Intelligence,EntranceExam,2.01,1.89,2.3,2.51,2.18,130,4,0,0.86,0.82,2,Difficult,0,6,1
S01431,Female,Artificial Intelligence,EntranceExam,2.07,2.04,2.1,2.18,2.1,130,4,0,0.82,0.83,1,Average,0,5,1
S01432,Male,Multimedia Communication,EntranceExam,2.41,2.37,1.88,2.04,2.17,125,0,0,0.89,0.86,1,Stable,1,4,0
S01433,Female,Financial Technology (Fintech),EntranceExam,1.93,2.2,2.04,2.35,2.13,130,3,1,0.93,0.75,2,Stable,0,8,0
S01434,Female,Financial Technology (Fintech),EntranceExam,2.68,3.4,3.43,3.7,3.3,130,0,0,0.86,0.84,3,Difficult,1,4,0
S01435,Female,Information Security,EntranceExam,2.5,2.17,2.62,1.93,2.31,130,3,0,0.8,0.71,2,Stable,0,5,0
S01436,Male,Multimedia Communication,EntranceExam,1.46,1.49,1.44,1.54,1.48,125,7,0,0.79,1,2,Difficult,0,6,0
S01437,Male,E-commerce,DirectAdmission,2.89,3.17,3.08,3.03,3.04,125,0,0,0.8,0.77,1,Stable,1,4,0
S01438,Male,Financial Technology (Fintech),EntranceExam,2.15,2.14,2.51,2.41,2.3,130,0,0,0.86,0.7,0,Stable,1,4,0
S01439,Female,Artificial Intelligence,EntranceExam,1.61,2.89,2.95,2.89,2.58,130,4,0,0.77,0.66,1,Average,0,6,1
S01440,Male,Game Design and Development,EntranceExam,2.62,2.85,2.59,2.74,2.7,140,3,0,0.78,0.73,2,Difficult,0,7,0
S01441,Male,Automation,EntranceExam,2.15,2.24,2.18,1.84,2.1,140,2,0,0.74,0.76,3,Stable,0,6,0
S01442,Male,Notary Relations,DirectAdmission,1.21,1.73,2.53,2.6,2.02,125,1,0,0.8,0.78,1,Average,0,6,0
S01443,Male,Artificial Intelligence,DirectAdmission,2.77,2.14,2.45,2.84,2.55,130,1,0,0.97,0.94,2,Stable,1,4,0
S01444,Male,Information Security,EntranceExam,2.65,2.42,2.21,2.12,2.35,130,0,0,0.86,0.68,0,Stable,1,4,0
S01445,Female,Information Technology,EntranceExam,3.83,3.82,4,3.92,3.89,130,0,0,0.88,0.81,5,Stable,1,4,0
S01446,Female,Computer Science,EntranceExam,2.76,2.69,2.74,2.8,2.75,130,2,0,0.74,0.89,3,Average,0,8,1
S01447,Female,Multimedia Communication,EntranceExam,2.44,2.46,2,2.17,2.27,125,1,0,0.79,0.81,4,Difficult,0,5,1
S01448,Female,Information Technology,EntranceExam,2,2.4,2.44,2.15,2.25,130,5,0,0.85,0.69,2,Difficult,0,7,0
S01449,Female,Automation,EntranceExam,2.89,2.76,2.92,3.11,2.92,140,0,0,1,0.96,2,Average,1,4,0
S01450,Female,Accounting,EntranceExam,2.56,2.28,2.35,2.11,2.32,130,0,0,0.97,0.87,0,Stable,1,4,0
S01451,Male,Automation,EntranceExam,2.8,3.04,2.4,2.16,2.6,140,0,0,0.88,0.94,0,Stable,1,4,0
S01452,Male,Notary Relations,DirectAdmission,4,3.85,3.43,3.91,3.8,125,0,0,0.96,1,1,Average,1,4,1
S01453,Female,Information Security,EntranceExam,2.26,2.47,2,2.86,2.4,130,1,0,0.84,0.88,1,Stable,1,4,1
S01454,Male,Financial Technology (Fintech),EntranceExam,1.65,1.03,1.19,1.3,1.29,130,5,0,0.73,0.71,1,Average,0,5,0
S01455,Female,Artificial Intelligence,EntranceExam,1.84,2.3,1.83,1.78,1.94,130,4,0,0.79,0.96,2,Stable,0,6,0
S01456,Female,Artificial Intelligence,EntranceExam,3.73,3.69,3.34,3.25,3.5,130,0,0,0.83,0.88,1,Average,1,4,0
S01457,Male,Marketing,EntranceExam,2.98,2.87,2.72,2.68,2.81,120,0,0,0.87,0.78,0,Stable,1,4,0
S01458,Male,Computer Science,DirectAdmission,2.68,3.39,3.29,2.95,3.08,130,0,0,1,1,1,Average,1,4,1
S01459,Male,Information Technology,DirectAdmission,2.43,2.74,2.84,2.32,2.58,130,4,0,0.75,0.54,2,Stable,0,7,0
S01460,Female,Multimedia Technology,EntranceExam,1.76,2.32,2.31,1.97,2.09,125,8,0,0.93,0.97,3,Stable,0,6,1
S01461,Male,Computer Science,EntranceExam,1.72,1.58,2.05,2.45,1.95,130,4,0,0.8,0.7,0,Difficult,0,6,0
S01462,Female,Marketing,DirectAdmission,1.79,2.34,1.79,1.44,1.84,120,10,0,0.92,0.77,1,Stable,0,6,1
S01463,Female,Financial Technology (Fintech),EntranceExam,2.55,2.64,3.03,3.72,2.98,130,1,0,0.85,0.63,3,Average,1,4,1
S01464,Male,Journalism,EntranceExam,3.12,3.27,3.79,3.01,3.3,120,0,0,0.88,0.9,3,Average,1,4,1
S01465,Male,Information Security,EntranceExam,1.96,1.88,1.75,2.15,1.94,130,1,0,0.93,0.8,0,Stable,1,4,0
S01466,Female,Financial Technology (Fintech),EntranceExam,2.21,2.26,2.51,1.91,2.22,130,1,0,0.93,0.8,1,Stable,1,4,1
S01467,Male,Accounting,DirectAdmission,2.45,2.51,2.46,2.93,2.59,130,1,0,0.89,0.85,1,Stable,1,4,0
S01468,Female,Notary Relations,EntranceExam,3.46,3.07,3.23,2.99,3.19,125,1,0,0.87,0.7,4,Average,1,4,0
S01469,Female,Multimedia Technology,DirectAdmission,1.86,2.24,2.22,2.34,2.16,125,3,0,0.7,0.88,1,Stable,0,5,1
S01470,Male,Information Technology,EntranceExam,2.22,1.87,2.48,1.67,2.06,130,0,0,0.81,0.57,1,Stable,0,5,0
S01471,Female,Information Technology,EntranceExam,1.41,2.51,1.42,1.96,1.82,130,6,0,0.81,1,1,Average,0,6,1
S01472,Male,E-commerce,EntranceExam,2.37,2.37,2.73,2.21,2.42,125,2,0,0.93,0.96,1,Average,0,5,0
S01473,Female,E-commerce,EntranceExam,2.71,2.46,2.94,2.88,2.75,125,0,0,0.89,1,1,Stable,1,4,1
S01474,Female,Information Technology,EntranceExam,2.67,2.08,2.18,2.02,2.24,130,0,0,0.83,1,1,Average,0,7,1
S01475,Female,Information Security,EntranceExam,2.11,2.23,2.77,2.19,2.32,130,2,0,0.84,0.77,3,Average,0,5,1
S01476,Female,Artificial Intelligence,EntranceExam,2.82,2.58,2.54,3.04,2.74,130,0,0,0.84,1,0,Average,1,4,1
S01477,Female,Financial Technology (Fintech),EntranceExam,1.83,2.05,1.79,1.3,1.74,130,4,1,0.72,0.67,1,Stable,0,5,0
S01478,Female,Notary Relations,EntranceExam,2.55,2.51,2.17,3.02,2.56,125,1,0,0.91,0.83,2,Stable,1,4,1
S01479,Female,Information Technology,DirectAdmission,2.63,2.93,2.45,2.7,2.68,130,0,0,0.92,0.78,2,Average,1,4,1
S01480,Male,Notary Relations,DirectAdmission,2.16,2.14,2.63,1.99,2.23,125,3,0,0.83,0.67,1,Average,0,7,0
S01481,Male,Information Technology,EntranceExam,2.54,2.56,2.84,2.9,2.71,130,0,0,0.92,0.73,2,Stable,1,4,0
S01482,Female,Multimedia Technology,EntranceExam,1.98,2.26,2.63,1.94,2.2,125,5,0,0.84,0.83,1,Stable,0,7,1
S01483,Female,Accounting,EntranceExam,2.38,2.54,2.51,2.58,2.5,130,5,1,0.94,0.86,2,Difficult,0,6,1
S01484,Female,Automation,EntranceExam,2.69,3.35,3.12,3.34,3.12,140,0,0,1,0.82,4,Average,1,4,1
S01485,Male,Automation,DirectAdmission,3.17,2.99,3.47,3.06,3.17,140,0,0,0.88,0.7,3,Stable,1,4,1
S01486,Male,Information Technology,EntranceExam,2.97,3.15,3.61,3.03,3.19,130,0,0,0.81,0.77,2,Stable,1,4,1
S01487,Male,Business Administration,EntranceExam,2.37,1.88,2,1.84,2.02,120,4,0,0.94,0.71,1,Stable,0,5,0
S01488,Male,Information Technology,EntranceExam,1.9,1.91,2.31,2.08,2.05,130,2,1,0.9,0.73,4,Average,0,5,0
S01489,Male,Information Technology,EntranceExam,3,3.01,2.75,3.04,2.95,130,1,0,0.98,0.94,3,Stable,1,4,1
S01490,Male,Business Administration,EntranceExam,3.04,2.61,3.3,3.06,3,120,0,0,0.81,0.83,2,Stable,1,4,0
S01491,Female,Artificial Intelligence,EntranceExam,2.47,2.83,3.4,2.83,2.88,130,1,0,0.84,1,2,Stable,1,4,1
S01492,Female,Game Design and Development,EntranceExam,1.25,1.11,0.97,0.6,0.98,140,6,1,0.9,0.72,1,Average,0,7,1
S01493,Female,Information Technology,DirectAdmission,1.95,2.39,2.23,2.04,2.15,130,3,0,0.81,0.76,0,Average,0,5,1
S01494,Female,Artificial Intelligence,EntranceExam,2.51,2.43,2.37,2.03,2.34,130,4,0,0.69,0.7,5,Average,0,6,1
S01495,Female,Financial Technology (Fintech),EntranceExam,2.21,1.99,2.39,2.14,2.18,130,2,0,0.81,0.8,2,Stable,1,4,1
S01496,Female,E-commerce,EntranceExam,2.35,2.37,2.9,2.86,2.62,125,0,0,0.8,0.76,2,Stable,1,4,1
S01497,Male,Computer Science,DirectAdmission,3.01,3.4,3.21,2.9,3.13,130,1,0,0.89,0.89,0,Average,1,4,1
S01498,Female,Accounting,DirectAdmission,2.09,1.83,2.05,2.04,2,130,2,0,0.75,0.82,4,Average,0,6,0
S01499,Female,Business Administration,EntranceExam,2.94,2.42,3.18,2.66,2.8,120,0,1,0.91,0.88,1,Average,1,4,1
S01500,Male,Business Administration,EntranceExam,2.53,2.36,2.03,2.22,2.28,120,4,0,0.79,0.94,1,Average,0,5,0
S01501,Female,Computer Science,EntranceExam,2.43,2.1,2.07,2.34,2.24,130,0,0,0.82,0.76,2,Stable,1,4,1
S01502,Male,Journalism,EntranceExam,2.13,2.45,2.3,2.44,2.33,120,2,0,0.82,0.86,1,Stable,1,4,0
S01503,Female,Computer Science,EntranceExam,2.42,1.94,1.78,2.21,2.09,130,2,1,0.87,0.96,1,Average,0,5,1
S01504,Male,Automation,EntranceExam,2.16,2.37,2.52,2.53,2.4,140,2,1,0.81,0.82,0,Average,0,6,0
S01505,Female,Computer Science,EntranceExam,2.27,2.18,1.87,1.72,2.01,130,3,0,0.77,0.91,2,Average,0,7,0
S01506,Male,E-commerce,DirectAdmission,2.28,1.8,2.4,1.8,2.07,125,2,0,0.84,0.83,1,Average,0,5,0
S01507,Male,Multimedia Technology,DirectAdmission,2.77,2.99,3.42,2.71,2.97,125,0,0,0.83,0.8,0,Average,1,4,0
S01508,Female,Marketing,EntranceExam,2.34,2.66,3.6,2.75,2.84,120,0,0,0.88,0.85,0,Average,1,4,1
S01509,Male,Computer Science,EntranceExam,3.17,3.28,3.22,3.63,3.32,130,0,0,1,0.82,4,Stable,1,4,1
S01510,Female,Automation,EntranceExam,1.7,1.75,1.52,1.35,1.58,140,3,1,0.86,0.9,2,Stable,0,6,1
S01511,Male,Artificial Intelligence,DirectAdmission,2.35,2.38,1.87,2.23,2.21,130,3,0,0.9,0.99,0,Stable,0,6,0
S01512,Female,Computer Science,EntranceExam,3.22,3.07,2.81,3.31,3.1,130,0,1,0.83,0.88,4,Stable,1,4,0
S01513,Male,Business Administration,DirectAdmission,3.07,3.44,3.63,3.68,3.46,120,0,0,0.86,0.75,2,Average,1,4,1
S01514,Male,Information Technology,EntranceExam,3.19,2.18,3,2.47,2.71,130,1,0,0.83,0.85,0,Average,1,4,0
S01515,Female,Financial Technology (Fintech),EntranceExam,2.71,1.68,2.3,2.28,2.24,130,0,0,0.78,0.83,2,Difficult,0,5,1
S01516,Female,Automation,EntranceExam,2.48,2.51,2.7,2.38,2.52,140,2,0,0.75,0.74,2,Stable,0,5,1
S01517,Female,Multimedia Technology,EntranceExam,1.97,2.08,2.72,2.48,2.31,125,2,1,0.67,0.6,0,Average,0,5,0
S01518,Female,Game Design and Development,EntranceExam,2.24,2.09,2.48,2.54,2.34,140,2,1,0.87,0.87,0,Average,0,7,1
S01519,Female,Multimedia Technology,DirectAdmission,2.12,2.12,1.83,2.04,2.03,125,0,0,0.93,0.88,1,Average,1,4,0
S01520,Male,Automation,EntranceExam,2.15,2.75,3.02,2.54,2.62,140,0,0,0.87,0.93,1,Stable,1,4,0
S01521,Male,Information Technology,EntranceExam,2.51,2.36,2.8,2.66,2.58,130,0,0,0.86,0.78,4,Difficult,0,6,0
S01522,Female,Computer Science,EntranceExam,2.86,3.03,3.01,2.9,2.95,130,0,0,0.82,0.92,4,Stable,1,4,1
S01523,Female,Artificial Intelligence,EntranceExam,2.11,2.1,2.55,2.23,2.25,130,3,0,0.94,0.89,1,Stable,1,4,1
S01524,Female,Business Administration,EntranceExam,2.52,2.19,2.43,2.35,2.37,120,1,0,0.94,0.91,1,Stable,1,4,1
S01525,Female,Artificial Intelligence,EntranceExam,2.06,1.77,2.86,2.24,2.23,130,0,0,0.93,0.88,5,Stable,1,4,1
S01526,Male,Accounting,EntranceExam,2.1,2.13,2.11,1.91,2.06,130,3,0,0.79,0.89,0,Average,0,7,0
S01527,Male,Multimedia Technology,EntranceExam,2.58,2.32,2.73,2.23,2.47,125,0,0,0.88,0.98,0,Stable,1,4,0
S01528,Female,Game Design and Development,EntranceExam,2.55,2.77,2.52,3.24,2.77,140,2,0,0.87,0.85,2,Average,1,4,1
S01529,Female,Game Design and Development,EntranceExam,3.87,3.55,4,4,3.86,140,0,0,0.94,0.74,1,Difficult,1,4,0
S01530,Male,Computer Science,EntranceExam,2.45,2.04,2.89,2.96,2.58,130,1,0,0.84,0.8,1,Average,1,4,0
S01531,Male,Computer Science,EntranceExam,2.65,2.97,2.47,2.65,2.68,130,0,0,0.92,0.77,2,Stable,1,4,0
S01532,Male,Marketing,EntranceExam,3.22,3.08,2.85,2.57,2.93,120,3,0,0.78,0.92,0,Difficult,0,6,0
S01533,Female,Accounting,EntranceExam,2.97,3.38,2.96,2.77,3.02,130,0,0,0.89,0.94,0,Average,1,4,0
S01534,Male,Computer Science,EntranceExam,2.73,2.3,2.92,2.82,2.69,130,0,0,0.99,0.91,1,Stable,1,4,0
S01535,Male,Financial Technology (Fintech),EntranceExam,2.59,2.77,3.03,2.32,2.68,130,0,0,0.86,0.81,3,Average,1,4,0
S01536,Female,Artificial Intelligence,EntranceExam,2.09,1.83,2.32,2.03,2.07,130,3,0,0.97,0.76,1,Stable,1,4,1
S01537,Female,Information Security,EntranceExam,1.78,2.18,1.22,1.66,1.71,130,4,0,0.92,0.87,3,Stable,0,6,1
S01538,Female,Game Design and Development,EntranceExam,3.85,3.9,3.65,4,3.85,140,0,0,0.85,0.81,4,Average,1,4,1
S01539,Male,Journalism,EntranceExam,1.86,2.1,1.54,2.36,1.96,120,3,0,0.87,0.76,1,Stable,1,4,0
S01540,Female,Information Technology,EntranceExam,2.33,2.67,2.68,2.51,2.55,130,2,0,0.84,0.99,2,Stable,1,4,1
S01541,Male,Multimedia Communication,EntranceExam,2.15,3.05,2.92,2.71,2.71,125,1,0,0.86,0.61,1,Average,1,4,0
S01542,Male,Computer Science,DirectAdmission,3.31,3.24,3.77,2.6,3.23,130,0,0,0.84,0.86,0,Difficult,1,4,1
S01543,Female,Business Administration,EntranceExam,1.4,1.72,2.03,1.95,1.78,120,5,1,0.89,0.84,1,Stable,0,5,1
S01544,Male,Multimedia Technology,EntranceExam,3.03,3.04,2.5,2.84,2.85,125,1,0,0.96,0.77,2,Stable,1,4,0
S01545,Male,E-commerce,EntranceExam,2.83,3.04,2.75,2.5,2.78,125,1,0,0.96,0.87,1,Stable,1,4,0
S01546,Female,Business Administration,EntranceExam,3.14,3.69,3.37,3.41,3.4,120,0,0,0.86,0.8,2,Stable,1,4,0
S01547,Male,Automation,EntranceExam,1.82,2.77,2.76,2.62,2.49,140,0,0,0.78,0.63,1,Stable,0,5,0
S01548,Male,Financial Technology (Fintech),EntranceExam,2.35,2.21,2.31,2.49,2.34,130,1,0,0.87,0.8,5,Average,0,6,0
S01549,Male,Information Technology,EntranceExam,2.37,2.75,2.45,3.7,2.82,130,0,0,0.98,0.86,1,Stable,1,4,0
S01550,Female,Information Security,EntranceExam,1.98,2.22,2.64,2.53,2.34,130,1,0,0.93,1,1,Stable,1,4,1
S01551,Male,Multimedia Communication,DirectAdmission,3.21,3.46,3.23,3.33,3.31,125,0,0,0.81,0.85,3,Average,1,4,1
S01552,Female,Artificial Intelligence,EntranceExam,2.9,2.92,3.57,3.58,3.24,130,0,1,0.94,0.89,2,Stable,1,4,0
S01553,Female,Financial Technology (Fintech),DirectAdmission,2.43,2.63,2.86,3.03,2.74,130,0,0,0.96,0.76,1,Stable,1,4,1
S01554,Male,Information Technology,EntranceExam,2.05,2.2,2.68,2.44,2.34,130,0,0,0.93,0.87,0,Stable,1,4,0
S01555,Female,Information Technology,EntranceExam,2.69,2.8,2.4,2.29,2.54,130,0,0,0.87,0.95,0,Stable,1,4,0
S01556,Male,Financial Technology (Fintech),EntranceExam,1.74,1.67,1.66,1.56,1.66,130,6,0,0.96,0.82,1,Stable,0,7,0
S01557,Female,Automation,DirectAdmission,2.16,1.63,1.64,2,1.86,140,4,0,0.89,0.99,3,Difficult,0,5,1
S01558,Female,Multimedia Communication,EntranceExam,2.72,2.71,2.48,2.94,2.71,125,0,0,0.83,0.72,3,Stable,1,4,1
S01559,Male,Automation,EntranceExam,2.54,2.46,2.67,2.26,2.48,140,2,1,0.96,0.89,3,Average,0,7,0
S01560,Male,Financial Technology (Fintech),EntranceExam,2.86,2.76,2.61,2,2.56,130,0,0,0.91,0.79,0,Stable,1,4,0
S01561,Male,Journalism,EntranceExam,1.65,1.28,2.01,1.65,1.65,120,6,1,0.77,0.93,0,Stable,0,7,0
S01562,Male,Automation,EntranceExam,2.82,2.16,2.74,2.66,2.6,140,0,0,0.9,0.94,1,Average,1,4,0
S01563,Female,E-commerce,EntranceExam,2.62,2.61,2.55,2.88,2.66,125,0,0,0.87,0.89,1,Average,1,4,1
S01564,Male,E-commerce,EntranceExam,2.73,3.14,2.77,3.18,2.96,125,1,0,0.91,1,3,Stable,1,4,1
S01565,Female,Game Design and Development,EntranceExam,2.55,2.31,2.29,2.58,2.43,140,2,0,0.97,0.8,1,Stable,1,4,1
S01566,Female,Information Technology,EntranceExam,1.64,1.65,2.06,2.45,1.95,130,7,0,0.78,0.88,1,Average,0,7,0
S01567,Male,Information Security,DirectAdmission,3.17,3.52,3.36,3.77,3.45,130,0,0,0.81,0.77,1,Average,1,4,1
S01568,Male,Computer Science,EntranceExam,1.88,1.56,1.62,1.6,1.66,130,9,0,0.79,0.65,4,Difficult,0,6,0
S01569,Male,E-commerce,EntranceExam,2.68,2.87,2.85,2.96,2.84,125,1,0,0.68,0.52,1,Average,0,5,0
S01570,Female,Artificial Intelligence,EntranceExam,2.43,3.08,3.11,2.75,2.84,130,0,0,0.99,0.8,1,Average,1,4,0
S01571,Male,Journalism,EntranceExam,1.89,2.57,1.49,1.85,1.95,120,4,0,0.96,0.83,0,Average,0,5,0
S01572,Female,Multimedia Communication,EntranceExam,2.32,2.52,2.49,2.65,2.5,125,5,0,0.89,0.92,0,Stable,0,5,1
S01573,Male,Artificial Intelligence,EntranceExam,3.32,3.25,3.46,2.92,3.24,130,1,0,0.86,0.83,2,Stable,1,4,1
S01574,Female,Multimedia Communication,EntranceExam,2.92,2.68,2.45,2.68,2.68,125,1,0,0.99,0.68,1,Stable,1,4,1
S01575,Male,E-commerce,DirectAdmission,1.97,2.46,2.24,2.39,2.26,125,1,0,0.77,0.79,3,Stable,0,7,0
S01576,Female,Computer Science,EntranceExam,2.38,3.08,2.91,2.93,2.82,130,0,0,0.85,0.82,1,Stable,1,4,1
S01577,Female,Multimedia Technology,EntranceExam,1.42,1.93,1.1,1.78,1.56,125,8,1,0.87,0.87,2,Average,0,5,0
S01578,Male,Marketing,EntranceExam,2.94,3.25,3.04,3.3,3.13,120,0,0,0.81,0.66,0,Stable,1,4,1
S01579,Female,Computer Science,EntranceExam,2.54,2.53,2.38,2.45,2.48,130,1,0,0.85,0.88,1,Stable,1,4,1
S01580,Female,Game Design and Development,EntranceExam,2.62,2.3,1.7,2.01,2.16,140,1,0,0.88,0.88,0,Stable,1,4,1
S01581,Male,Automation,EntranceExam,3.58,3.87,4,4,3.86,140,1,0,1,0.78,0,Stable,1,4,1
S01582,Male,Information Technology,EntranceExam,1.5,2.61,2.5,2.7,2.33,130,4,0,0.84,0.77,0,Stable,0,6,0
S01583,Male,Marketing,EntranceExam,2.86,3.16,2.85,3.47,3.08,120,0,0,0.83,0.82,0,Stable,1,4,0
S01584,Female,Multimedia Communication,EntranceExam,2.58,2.2,1.79,1.95,2.13,125,4,0,0.87,0.9,2,Stable,1,4,1
S01585,Male,Information Technology,EntranceExam,1.73,1.72,1.58,1.79,1.7,130,4,1,0.83,0.71,3,Difficult,0,5,0
S01586,Male,Notary Relations,DirectAdmission,2.94,2.61,3.22,3.17,2.98,125,0,0,0.87,0.82,3,Stable,1,4,1
S01587,Female,Notary Relations,EntranceExam,2.88,3.51,3.01,2.84,3.06,125,0,0,0.84,0.84,2,Stable,1,4,0
S01588,Female,Game Design and Development,EntranceExam,2.89,2.82,2.79,2.74,2.81,140,1,0,0.83,0.89,2,Difficult,0,5,1
S01589,Male,Automation,EntranceExam,2.42,3.37,2.92,3.66,3.09,140,0,0,0.88,0.82,2,Stable,1,4,1
S01590,Female,Multimedia Technology,EntranceExam,2.03,2.02,2.12,2.16,2.08,125,4,0,0.99,0.91,2,Stable,0,6,1
S01591,Male,Information Security,EntranceExam,2.86,3.51,3.13,3.44,3.24,130,0,0,0.82,0.74,2,Average,1,4,1
S01592,Female,Automation,EntranceExam,3.56,2.73,3.04,2.23,2.89,140,1,0,0.91,0.86,1,Stable,1,4,1
S01593,Female,Marketing,EntranceExam,2.76,1.84,2.37,2.91,2.47,120,1,0,0.82,0.83,0,Average,1,4,1
S01594,Female,Game Design and Development,EntranceExam,3.24,3.06,3.22,3.16,3.17,140,0,0,0.95,0.95,0,Stable,1,4,0
S01595,Female,Marketing,EntranceExam,2.15,2.01,2.54,2.11,2.2,120,0,0,0.9,0.72,2,Stable,1,4,1
S01596,Female,Financial Technology (Fintech),EntranceExam,2.77,2.63,3.28,3.45,3.03,130,0,0,0.85,0.7,1,Stable,1,4,0
S01597,Female,Multimedia Communication,DirectAdmission,1.62,2.16,1.47,1.67,1.73,125,3,1,1,0.9,4,Average,0,5,1
S01598,Male,Multimedia Technology,EntranceExam,2.73,3.34,3.29,3.46,3.2,125,0,0,0.95,0.88,3,Average,1,4,1
S01599,Female,Notary Relations,EntranceExam,2.91,2.84,3,3.1,2.96,125,0,0,1,0.96,2,Average,1,4,0
S01600,Male,Journalism,DirectAdmission,2.43,2.51,2.72,2.57,2.56,120,1,0,0.91,0.9,0,Stable,1,4,0
S01601,Female,Automation,EntranceExam,2.22,1.63,2.62,1.57,2.01,140,5,0,0.92,0.7,2,Average,0,5,0
S01602,Female,Journalism,DirectAdmission,2.53,2.56,2.83,2.33,2.56,120,1,0,0.75,0.48,2,Difficult,0,7,0
S01603,Male,Information Technology,EntranceExam,2.07,1.6,1.66,2.51,1.96,130,1,0,0.74,0.63,1,Average,0,5,0
S01604,Female,Information Security,DirectAdmission,2.92,3.12,2.99,3.16,3.05,130,1,0,0.93,0.77,3,Difficult,1,4,1
S01605,Male,Marketing,EntranceExam,2.55,3.09,3.15,3.05,2.96,120,1,0,0.9,0.97,2,Stable,1,4,1
S01606,Female,Marketing,EntranceExam,2.51,2.72,3.23,2.88,2.84,120,0,0,0.87,0.89,1,Difficult,1,4,0
S01607,Male,Journalism,DirectAdmission,1.71,1.49,1.53,1.81,1.64,120,5,0,0.85,1,0,Average,0,7,0
S01608,Male,Notary Relations,EntranceExam,2.77,2.86,2.86,2.78,2.82,125,2,2,0.87,0.84,1,Average,0,5,0
S01609,Male,Information Technology,EntranceExam,3.71,3.66,3.78,3.71,3.72,130,0,0,0.93,0.85,1,Average,1,4,1
S01610,Male,Artificial Intelligence,DirectAdmission,3.25,3.62,3.5,3.07,3.36,130,0,0,0.82,0.6,3,Stable,1,4,1
S01611,Female,Multimedia Communication,EntranceExam,2.28,2.2,2.37,1.92,2.19,125,1,0,0.86,0.79,1,Stable,0,6,1
S01612,Female,E-commerce,DirectAdmission,2.27,2.67,2.34,2.54,2.46,125,1,0,0.9,0.91,2,Average,1,4,1
S01613,Female,Computer Science,EntranceExam,1.75,2.21,1.81,2.13,1.98,130,1,1,0.68,0.6,0,Difficult,0,6,0
S01614,Male,Business Administration,EntranceExam,3.02,3.32,3,3.12,3.12,120,3,0,0.86,0.84,3,Average,1,4,1
S01615,Female,E-commerce,EntranceExam,2,2.03,1.79,2,1.95,125,5,1,0.95,0.87,2,Average,0,5,1
S01616,Female,Information Technology,EntranceExam,2.11,1.82,1.94,1.89,1.94,130,3,0,0.72,0.52,1,Stable,0,8,0
S01617,Female,Information Security,EntranceExam,2.47,2.74,1.76,2.58,2.39,130,0,0,0.8,0.73,2,Stable,1,4,1
S01618,Female,Artificial Intelligence,EntranceExam,3.72,3.39,3.34,2.77,3.3,130,1,0,0.83,0.65,2,Stable,1,4,0
S01619,Female,Information Security,EntranceExam,2.21,2.54,2.65,2.73,2.53,130,0,0,0.9,0.85,3,Stable,1,4,1
S01620,Female,Automation,EntranceExam,2.48,2.21,2.43,2.29,2.35,140,1,0,0.82,0.96,4,Average,1,4,1
S01621,Male,Information Security,EntranceExam,2.2,2.52,2.41,3.06,2.55,130,1,0,0.87,0.87,2,Stable,1,4,0
S01622,Female,Financial Technology (Fintech),EntranceExam,2.69,2.45,2.64,2.19,2.49,130,2,0,0.75,0.58,2,Average,0,5,1
S01623,Female,Business Administration,DirectAdmission,2.73,2.22,2.84,2.66,2.61,120,1,0,0.8,0.84,0,Stable,1,4,1
S01624,Male,Information Technology,EntranceExam,1.07,1.43,1.31,0.98,1.2,130,8,1,0.87,0.65,1,Stable,0,5,0
S01625,Male,Information Technology,EntranceExam,1.98,2.39,2.21,2.35,2.23,130,1,0,0.91,0.93,1,Average,0,5,0
S01626,Female,Business Administration,EntranceExam,1.99,2.3,2.17,2.13,2.15,120,2,0,0.87,0.76,0,Average,0,5,1
S01627,Female,E-commerce,EntranceExam,2.62,2.5,2.48,2.96,2.64,125,0,0,0.92,0.89,1,Stable,1,4,0
S01628,Female,Multimedia Communication,EntranceExam,2.56,2.45,2.9,2.74,2.66,125,1,0,0.93,0.97,1,Stable,1,4,1
S01629,Female,Multimedia Communication,EntranceExam,2.33,2.31,2.89,2.82,2.59,125,1,0,0.92,0.89,1,Stable,1,4,1
S01630,Female,Automation,DirectAdmission,2.22,2.47,2.37,1.96,2.26,140,2,0,0.68,0.67,4,Difficult,0,6,1
S01631,Male,Computer Science,DirectAdmission,2.09,2.23,2.58,1.55,2.11,130,1,0,0.94,0.82,2,Average,1,4,0
S01632,Male,Multimedia Communication,DirectAdmission,2.73,2.48,2.62,2.59,2.6,125,0,0,0.83,0.68,0,Average,1,4,0
S01633,Female,Marketing,EntranceExam,3.13,2.82,2.66,2.87,2.87,120,0,0,0.89,0.88,0,Stable,1,4,1
S01634,Male,Automation,EntranceExam,1.91,1.81,1.89,2.06,1.92,140,5,1,0.66,0.73,1,Difficult,0,5,0
S01635,Male,Information Technology,DirectAdmission,1.79,2.13,1.91,1.84,1.92,130,4,0,0.75,0.84,1,Average,0,6,0
S01636,Male,Game Design and Development,EntranceExam,1.29,0.95,1.43,0.99,1.16,140,4,0,0.85,0.77,1,Stable,0,8,0
S01637,Female,Information Technology,EntranceExam,1.82,2.01,2.21,2.34,2.09,130,2,0,0.95,0.72,0,Stable,1,4,0
S01638,Male,Accounting,DirectAdmission,3.43,2.64,2.83,3.1,3,130,0,0,0.88,0.92,1,Stable,1,4,1
S01639,Male,Multimedia Communication,EntranceExam,1.72,1.76,2.09,1.84,1.85,125,1,0,1,0.95,0,Stable,1,4,0
S01640,Female,Multimedia Technology,EntranceExam,1.64,1.49,2.46,2,1.9,125,5,1,0.89,0.93,2,Stable,0,7,0
S01641,Female,E-commerce,EntranceExam,1.96,1.82,2.26,2.58,2.16,125,2,0,0.83,0.9,2,Average,1,4,1
S01642,Male,Accounting,EntranceExam,1.26,1.76,1.19,1.33,1.38,130,2,0,0.86,0.89,2,Average,0,6,0
S01643,Female,Marketing,EntranceExam,3.38,2.94,2.77,3.39,3.12,120,0,1,0.86,0.87,2,Stable,1,4,0
S01644,Male,Marketing,EntranceExam,2.31,2.71,2.01,2.31,2.34,120,2,0,0.86,0.7,1,Stable,0,5,0
S01645,Female,Information Technology,EntranceExam,2.55,2.11,2.41,2.11,2.3,130,1,0,0.74,0.85,4,Difficult,0,5,1
S01646,Female,Financial Technology (Fintech),EntranceExam,2.97,3.01,3.4,3.09,3.12,130,0,0,0.83,0.91,4,Stable,1,4,0
S01647,Male,Multimedia Communication,EntranceExam,2.63,3.09,1.73,2.29,2.43,125,4,1,0.7,0.75,2,Stable,0,5,0
S01648,Male,Marketing,EntranceExam,2.19,2.13,2.87,2.27,2.37,120,0,0,0.85,0.79,1,Stable,0,6,0
S01649,Female,Marketing,EntranceExam,1.97,2.26,2.41,2.53,2.29,120,0,0,0.93,0.78,1,Stable,1,4,1
S01650,Male,Information Technology,EntranceExam,2.75,2.72,3.48,3.48,3.11,130,1,0,0.82,0.86,1,Stable,1,4,1
S01651,Male,Automation,EntranceExam,2.07,2.14,2.2,2.12,2.13,140,5,0,0.71,0.74,3,Average,0,8,0
S01652,Male,Computer Science,EntranceExam,1.63,2.3,2.93,2.56,2.36,130,0,1,0.88,0.74,0,Stable,0,6,0
S01653,Female,Artificial Intelligence,EntranceExam,1.71,2.03,1.59,1.66,1.75,130,7,0,0.79,1,2,Average,0,8,0
S01654,Male,Notary Relations,DirectAdmission,2.71,2.8,2.72,3.07,2.82,125,0,0,1,0.95,0,Average,1,4,1
S01655,Male,Computer Science,EntranceExam,1.82,2.37,1.46,1.89,1.88,130,1,0,0.92,0.8,1,Stable,0,8,0
S01656,Male,Artificial Intelligence,DirectAdmission,3.23,3.42,3.43,2.76,3.21,130,1,0,0.9,1,2,Stable,1,4,1
S01657,Male,E-commerce,EntranceExam,2.61,2.56,2.95,2.5,2.66,125,0,0,0.81,0.7,2,Stable,1,4,0
S01658,Female,Computer Science,EntranceExam,3.01,3.21,2.97,3.13,3.08,130,0,0,0.97,0.94,3,Stable,1,4,1
S01659,Male,Artificial Intelligence,EntranceExam,3.73,3.88,3.98,4,3.9,130,0,0,0.82,0.87,1,Average,1,4,1
S01660,Male,Financial Technology (Fintech),EntranceExam,2.51,2.33,2.3,1.73,2.22,130,1,0,0.85,1,2,Stable,1,4,0
S01661,Female,Computer Science,EntranceExam,2.97,3.72,3.72,3.55,3.49,130,0,0,0.92,0.86,2,Stable,1,4,0
S01662,Female,Information Technology,EntranceExam,2.72,2.33,2.73,2.62,2.6,130,0,0,0.93,0.92,3,Average,1,4,1
S01663,Female,Marketing,EntranceExam,1.95,2.14,2.28,1.61,2,120,1,0,0.78,0.68,2,Stable,0,6,1
S01664,Female,E-commerce,DirectAdmission,2.53,2.38,2.5,2.61,2.5,125,0,0,0.94,1,2,Stable,1,4,0
S01665,Female,Financial Technology (Fintech),DirectAdmission,1.81,2.39,2.77,1.78,2.19,130,1,0,0.9,1,2,Average,0,7,1
S01666,Female,Automation,EntranceExam,2.9,3.1,2.58,2.27,2.71,140,4,0,0.81,0.74,3,Average,0,7,1
S01667,Female,Information Technology,EntranceExam,3.23,2.95,2.97,3.21,3.09,130,0,0,0.89,0.9,2,Stable,1,4,0
S01668,Female,Computer Science,EntranceExam,2.44,2.99,2.51,2.98,2.73,130,2,0,0.8,0.82,2,Stable,1,4,0
S01669,Female,Marketing,DirectAdmission,2.81,2.8,3.14,3.63,3.1,120,0,1,0.83,0.85,2,Average,1,4,0
S01670,Male,Multimedia Communication,EntranceExam,1.84,2.34,2.39,2.05,2.16,125,2,0,0.88,0.71,1,Stable,0,5,0
S01671,Female,E-commerce,EntranceExam,2.45,1.86,2.15,2.42,2.22,125,5,0,0.76,0.75,2,Average,0,7,1
S01672,Female,Business Administration,EntranceExam,2.27,3.15,2.87,2.57,2.72,120,1,0,0.97,0.89,0,Average,1,4,0
S01673,Female,E-commerce,DirectAdmission,3.11,3.34,2.97,2.89,3.08,125,0,0,0.9,1,2,Difficult,1,4,0
S01674,Female,Financial Technology (Fintech),EntranceExam,3.25,3.51,3.27,3.79,3.46,130,0,0,0.8,0.69,2,Stable,1,4,0
S01675,Male,Financial Technology (Fintech),EntranceExam,2.2,2.05,2.17,2.27,2.17,130,1,0,1,0.87,1,Average,1,4,0
S01676,Female,Artificial Intelligence,EntranceExam,2.25,2.73,1.74,2.52,2.31,130,1,0,0.88,0.85,0,Average,1,4,1
S01677,Female,Computer Science,EntranceExam,1.4,1.82,1.39,1.09,1.42,130,4,0,0.88,0.98,1,Stable,0,7,1
S01678,Female,Information Security,EntranceExam,3.19,2.74,2.57,2.3,2.7,130,0,0,0.94,0.86,0,Stable,1,4,0
S01679,Female,Multimedia Technology,EntranceExam,2.94,2.96,3.3,3.12,3.08,125,1,0,0.9,0.9,4,Stable,1,4,0
S01680,Male,Journalism,DirectAdmission,1.87,2.3,2.44,2.48,2.27,120,2,0,0.8,0.81,0,Stable,1,4,0
S01681,Female,Financial Technology (Fintech),EntranceExam,2.86,2.95,3.04,2.79,2.91,130,0,0,0.91,0.78,0,Average,1,4,1
S01682,Male,E-commerce,EntranceExam,2.19,2.64,3.25,2.41,2.62,125,0,0,0.89,0.85,3,Average,1,4,0
S01683,Female,Multimedia Technology,EntranceExam,1.96,2.29,2.15,2.55,2.24,125,2,0,0.86,0.76,2,Average,0,6,1
S01684,Male,Accounting,EntranceExam,2.39,2.45,3.22,2,2.52,130,0,0,0.8,0.89,0,Stable,1,4,0
S01685,Male,Computer Science,EntranceExam,1.35,1.67,2.31,1.84,1.79,130,4,0,0.78,0.71,0,Stable,0,7,0
S01686,Male,Accounting,EntranceExam,2.17,2.5,1.88,1.53,2.02,130,2,1,0.87,0.82,2,Stable,0,6,0
S01687,Male,Artificial Intelligence,EntranceExam,2.58,2.35,2.42,2.27,2.4,130,1,0,0.86,0.72,1,Difficult,0,7,0
S01688,Female,E-commerce,EntranceExam,1.96,2.07,2.78,2.5,2.33,125,0,0,0.85,0.67,1,Stable,1,4,1
S01689,Female,Computer Science,EntranceExam,1.56,1.57,1.64,1.98,1.69,130,7,0,0.61,0.72,3,Stable,0,7,1
S01690,Female,Business Administration,EntranceExam,1.1,1.87,1.44,1.6,1.5,120,3,0,0.82,0.8,1,Difficult,0,5,1
S01691,Female,Artificial Intelligence,EntranceExam,2.46,1.98,2.89,2.43,2.44,130,0,0,0.83,0.9,1,Stable,1,4,0
S01692,Female,Computer Science,EntranceExam,3.33,2.86,3.2,3.59,3.24,130,0,0,0.91,0.95,2,Stable,1,4,0
S01693,Female,Accounting,EntranceExam,2.97,2.5,2.56,2.79,2.7,130,1,0,0.91,0.75,2,Stable,1,4,1
S01694,Male,Notary Relations,EntranceExam,3.32,3.65,3.94,3.96,3.72,125,0,0,0.9,0.91,1,Stable,1,4,1
S01695,Male,E-commerce,EntranceExam,2.23,2.33,2.52,2.7,2.45,125,5,0,0.79,0.83,0,Stable,0,7,0
S01696,Male,Journalism,EntranceExam,2.34,2.73,2.75,2.06,2.47,120,1,0,0.85,0.7,1,Stable,1,4,0
S01697,Female,Financial Technology (Fintech),EntranceExam,2.75,2.51,3.22,2.66,2.78,130,0,0,0.87,0.66,2,Difficult,0,8,1
S01698,Female,Multimedia Technology,DirectAdmission,1.84,1.7,1.86,2.3,1.92,125,3,1,0.9,0.88,1,Stable,0,7,1
S01699,Female,Information Security,EntranceExam,1.4,1.88,2.62,1.87,1.94,130,1,0,0.8,0.67,0,Average,0,5,1
S01700,Female,Journalism,EntranceExam,2.12,2.62,2.8,2.7,2.56,120,0,1,0.88,0.98,2,Stable,0,5,0
S01701,Male,E-commerce,EntranceExam,2.69,3.09,3.26,3.18,3.06,125,0,0,0.94,0.99,1,Stable,1,4,1
S01702,Male,Marketing,EntranceExam,3,3.34,3.09,3.16,3.15,120,0,0,0.91,0.91,0,Stable,1,4,1
S01703,Male,Business Administration,EntranceExam,2.5,2.69,3.25,2.56,2.75,120,0,0,1,0.95,1,Average,1,4,1
S01704,Male,Computer Science,EntranceExam,2.85,2.5,2.5,3.04,2.72,130,0,0,0.92,0.88,3,Stable,1,4,0
S01705,Male,Journalism,EntranceExam,3.89,3.42,3.54,3.73,3.65,120,0,0,0.97,0.86,0,Average,1,4,1
S01706,Female,Accounting,EntranceExam,2.95,2.73,2.56,2.42,2.66,130,0,0,0.93,0.82,4,Stable,1,4,1
S01707,Female,Multimedia Communication,DirectAdmission,2.55,2.87,2.81,2.46,2.67,125,3,0,0.8,0.58,0,Difficult,0,6,1
S01708,Male,Multimedia Communication,EntranceExam,2.52,2.44,2.74,2.72,2.6,125,0,0,0.87,0.81,0,Average,1,4,0
S01709,Male,Marketing,EntranceExam,2.76,2.71,2.82,3.56,2.96,120,0,0,0.96,0.79,1,Stable,1,4,0
S01710,Female,Financial Technology (Fintech),EntranceExam,2.88,3.45,3.94,3.59,3.46,130,0,0,0.95,0.89,3,Stable,1,4,0
S01711,Female,Financial Technology (Fintech),EntranceExam,2.17,2.36,3,2.53,2.51,130,0,0,0.85,0.87,3,Stable,1,4,1
S01712,Male,Multimedia Technology,EntranceExam,3.04,2.69,2.7,2.76,2.8,125,1,0,0.84,0.87,1,Average,1,4,0
S01713,Male,Information Technology,DirectAdmission,3.35,3.23,2.5,2.81,2.97,130,3,0,0.8,0.7,3,Difficult,0,5,0
S01714,Male,Multimedia Communication,EntranceExam,2.43,2.54,2.08,1.6,2.16,125,2,0,0.81,0.85,3,Average,0,7,0
S01715,Female,Game Design and Development,EntranceExam,2.92,3.08,2.96,2.12,2.77,140,0,0,0.99,0.91,2,Average,1,4,0
S01716,Male,Game Design and Development,EntranceExam,2.03,2.44,1.74,2.01,2.05,140,3,0,0.8,0.72,1,Average,0,5,0
S01717,Female,Computer Science,DirectAdmission,3.16,3.23,3.31,3.14,3.21,130,0,0,0.83,0.86,3,Stable,1,4,0
S01718,Female,Information Technology,DirectAdmission,2.64,2.45,2.48,2.64,2.55,130,1,0,0.82,0.6,2,Stable,1,4,0
S01719,Female,Multimedia Technology,EntranceExam,3.23,2.44,3.2,2.94,2.95,125,0,0,0.92,0.86,1,Stable,1,4,1
S01720,Female,Accounting,EntranceExam,2.55,2.71,3.32,3.08,2.92,130,0,0,0.84,0.86,3,Stable,1,4,1
S01721,Male,E-commerce,EntranceExam,1.99,2.22,2.07,2.05,2.08,125,3,0,0.76,0.83,0,Average,0,6,0
S01722,Male,Information Technology,DirectAdmission,3.58,3.63,3.01,2.54,3.19,130,0,0,0.88,0.95,1,Stable,1,4,1
S01723,Male,Information Security,EntranceExam,3.14,2.77,3.35,3.05,3.08,130,0,0,0.88,0.86,1,Average,1,4,1
S01724,Male,Computer Science,EntranceExam,2.94,3.64,3.27,3.05,3.22,130,0,0,0.95,0.91,0,Stable,1,4,1
S01725,Male,Information Technology,DirectAdmission,2.54,2.3,2.02,2.54,2.35,130,2,0,0.88,1,1,Stable,1,4,0
S01726,Male,Multimedia Communication,DirectAdmission,2.83,3.41,3.36,2.87,3.12,125,0,0,0.94,0.88,0,Average,1,4,1
S01727,Male,E-commerce,DirectAdmission,1.72,1.81,1.79,2.47,1.95,125,3,0,0.92,0.89,1,Stable,0,6,0
S01728,Male,Notary Relations,EntranceExam,2.07,2.51,2.55,2.35,2.37,125,3,0,0.66,0.88,0,Stable,0,5,0
S01729,Female,E-commerce,EntranceExam,3.31,3.62,3.76,2.91,3.4,125,0,0,0.86,0.87,0,Stable,1,4,0
S01730,Male,Journalism,EntranceExam,2.48,2.82,2.24,3.08,2.66,120,0,0,0.8,0.76,1,Average,1,4,0
S01731,Female,Artificial Intelligence,EntranceExam,2.45,2.37,2.09,2.14,2.26,130,5,0,0.83,1,2,Difficult,0,6,1
S01732,Male,Multimedia Communication,EntranceExam,1.6,2,2.05,2.07,1.93,125,9,0,0.77,0.81,2,Stable,0,6,0
S01733,Female,Game Design and Development,EntranceExam,1.39,1.11,1.6,1.47,1.39,140,6,0,0.71,0.8,1,Stable,0,6,1
S01734,Female,Notary Relations,DirectAdmission,2.56,3.1,2.71,2.33,2.68,125,0,0,0.72,0.85,2,Average,0,8,1
S01735,Male,Game Design and Development,EntranceExam,1.92,1.93,2.33,2.36,2.13,140,1,0,0.82,0.73,0,Average,0,5,0
S01736,Male,Multimedia Technology,EntranceExam,1.92,2.27,1.71,2,1.98,125,5,1,0.92,0.8,1,Average,0,5,0
S01737,Male,Multimedia Technology,EntranceExam,2.82,2.92,2.35,2.78,2.72,125,4,0,0.81,0.65,0,Average,0,8,0
S01738,Female,Multimedia Communication,EntranceExam,2.66,2.54,3.33,2.79,2.83,125,1,0,0.94,0.8,2,Difficult,1,4,0
S01739,Male,Marketing,DirectAdmission,2.68,2.29,2.91,3.69,2.89,120,0,0,0.85,0.92,3,Average,1,4,0
S01740,Male,Marketing,EntranceExam,1.71,1.82,2.15,2.2,1.97,120,2,1,0.86,0.49,2,Stable,0,6,0
S01741,Female,Automation,EntranceExam,3,3.41,3.6,3.27,3.32,140,0,0,0.82,0.86,1,Stable,1,4,0
S01742,Female,Information Technology,EntranceExam,2.47,3.18,3.08,2.51,2.81,130,0,0,0.88,0.9,0,Average,1,4,1
S01743,Female,Information Technology,EntranceExam,3.36,3.41,2.79,3.28,3.21,130,0,0,1,0.71,4,Stable,1,4,0
S01744,Male,Financial Technology (Fintech),EntranceExam,3.47,3.9,3.74,3.46,3.64,130,0,0,0.8,0.74,3,Average,1,4,1
S01745,Female,Business Administration,EntranceExam,1.88,1.67,2.17,1.67,1.85,120,4,0,0.84,0.81,7,Stable,0,5,1
S01746,Male,Computer Science,EntranceExam,2.43,2.19,2.52,2.3,2.36,130,1,0,0.84,0.91,1,Average,0,5,0
S01747,Male,Game Design and Development,DirectAdmission,2.24,2.37,2.51,2.25,2.34,140,5,0,0.77,0.74,4,Average,0,5,0
S01748,Female,Marketing,DirectAdmission,2.74,1.87,2.05,2.69,2.34,120,4,0,0.84,0.8,1,Average,0,8,1
S01749,Female,Financial Technology (Fintech),EntranceExam,2.63,2.69,3.28,3.43,3.01,130,0,0,0.97,0.8,2,Stable,1,4,0
S01750,Female,Information Technology,EntranceExam,1.65,1.58,1.82,1.72,1.69,130,7,1,0.88,0.83,1,Average,0,6,0
S01751,Female,Multimedia Communication,DirectAdmission,2.17,2.9,2.48,2.03,2.4,125,0,0,0.89,0.91,1,Average,1,4,1
S01752,Male,Information Technology,EntranceExam,2.3,2.54,2.57,1.78,2.3,130,1,0,0.82,0.79,1,Stable,1,4,0
S01753,Female,Computer Science,EntranceExam,1.99,2.24,2.48,2.79,2.38,130,3,1,0.84,0.84,0,Stable,0,8,0
S01754,Male,Artificial Intelligence,EntranceExam,2.48,2.47,2.64,2.3,2.47,130,3,0,0.78,0.83,2,Average,0,8,0
S01755,Female,E-commerce,EntranceExam,2.09,2.46,2.23,2.29,2.27,125,0,0,0.86,0.92,0,Stable,1,4,1
S01756,Male,Information Technology,EntranceExam,2.33,2.76,3.16,2.55,2.7,130,0,0,0.84,1,2,Stable,1,4,0
S01757,Male,Information Security,EntranceExam,2.49,2.6,2.54,2.97,2.65,130,0,0,0.86,0.87,0,Stable,1,4,0
S01758,Male,Computer Science,EntranceExam,2.46,2.57,3.07,3.31,2.85,130,0,0,0.96,0.69,0,Stable,1,4,1
S01759,Female,E-commerce,EntranceExam,1.77,2.04,1.75,1.45,1.75,125,3,1,0.98,0.89,1,Stable,0,7,1
S01760,Female,Computer Science,DirectAdmission,2.13,2.2,1.94,1.35,1.9,130,5,0,0.85,0.9,0,Stable,0,7,1
S01761,Male,Information Technology,DirectAdmission,2.43,2.96,3.12,3.03,2.88,130,0,0,0.85,0.91,1,Stable,1,4,0
S01762,Female,Business Administration,EntranceExam,2.23,3.42,2.73,2.8,2.8,120,0,0,0.88,0.83,1,Difficult,1,4,1
S01763,Male,Financial Technology (Fintech),EntranceExam,1.76,1.8,2.6,2.35,2.13,130,3,0,0.82,0.76,1,Average,0,8,0
S01764,Male,Automation,EntranceExam,2.45,2.85,3.27,2.94,2.88,140,0,0,0.98,0.9,4,Stable,1,4,1
S01765,Female,Multimedia Communication,DirectAdmission,3.03,3.07,3.05,3.25,3.1,125,0,0,1,0.71,3,Difficult,1,4,0
S01766,Female,Business Administration,EntranceExam,1.93,2.01,1.66,2.3,1.98,120,8,0,0.81,0.78,2,Stable,0,5,1
S01767,Female,Computer Science,EntranceExam,2.7,2.69,2.87,2.55,2.7,130,2,0,0.71,0.45,0,Stable,0,5,1
S01768,Male,Computer Science,EntranceExam,2.12,2.02,2.11,2.57,2.2,130,2,0,0.8,0.85,1,Average,0,6,0
S01769,Male,Business Administration,DirectAdmission,2.16,2.66,2.23,2.21,2.32,120,7,0,0.69,0.73,1,Difficult,0,6,0
S01770,Female,Journalism,DirectAdmission,1.86,1.77,2.02,1.08,1.68,120,2,0,0.84,0.66,0,Stable,0,5,1
S01771,Female,Computer Science,EntranceExam,2.64,2.75,3.32,2.89,2.9,130,3,1,0.73,0.74,0,Average,0,7,1
S01772,Female,Business Administration,EntranceExam,2.21,2.63,2.5,2.79,2.53,120,0,0,1,0.81,2,Stable,1,4,1
S01773,Male,Artificial Intelligence,EntranceExam,2.82,2.94,2.18,2.3,2.56,130,0,0,0.81,0.77,0,Stable,1,4,0
S01774,Female,Accounting,EntranceExam,2.36,1.9,1.9,2.36,2.13,130,4,0,0.81,0.69,1,Average,0,8,1
S01775,Male,Artificial Intelligence,EntranceExam,1.76,2.26,2.45,1.62,2.02,130,1,0,0.83,1,2,Stable,1,4,0
S01776,Male,Multimedia Technology,EntranceExam,2.2,2.76,2.68,2.98,2.66,125,1,0,0.71,0.67,1,Average,0,6,0
S01777,Female,Information Technology,EntranceExam,2.54,2.48,2.24,2.18,2.36,130,0,0,0.83,0.71,2,Average,1,4,1
S01778,Male,Information Technology,EntranceExam,2.63,2.69,2.99,3.04,2.84,130,0,0,1,0.89,3,Average,1,4,0
S01779,Female,Multimedia Technology,EntranceExam,1.95,2.02,1.97,2.64,2.14,125,3,0,0.85,0.76,0,Average,0,5,0
S01780,Female,Business Administration,EntranceExam,2.6,3.27,3.2,3.08,3.04,120,5,1,0.84,0.81,0,Average,0,5,1
S01781,Male,Computer Science,EntranceExam,2.44,2.88,2.31,1.92,2.39,130,0,1,0.84,0.88,1,Stable,1,4,0
S01782,Female,Multimedia Technology,EntranceExam,2.52,2.86,2.21,2.61,2.55,125,6,0,0.74,0.96,1,Average,0,7,1
S01783,Female,Business Administration,EntranceExam,2.52,2.95,2.93,2.5,2.72,120,0,0,0.8,0.87,2,Stable,1,4,0
S01784,Male,Financial Technology (Fintech),EntranceExam,2.25,2.12,2.52,2.26,2.29,130,4,0,0.91,0.9,1,Difficult,0,7,0
S01785,Male,Automation,EntranceExam,2.22,2.38,2.65,2.67,2.48,140,0,0,0.92,0.78,1,Average,1,4,0
S01786,Male,Journalism,DirectAdmission,1.94,2.46,2.5,2.54,2.36,120,3,0,0.8,0.78,1,Stable,1,4,0
S01787,Female,Information Security,EntranceExam,2.2,2.38,2.33,3.05,2.49,130,1,0,0.85,0.84,2,Average,0,6,1
S01788,Male,Multimedia Technology,EntranceExam,1.77,2.43,2.03,2.18,2.1,125,0,1,0.75,0.74,0,Average,0,7,0
S01789,Female,Game Design and Development,EntranceExam,2.62,2.05,2.62,2.87,2.54,140,1,0,0.73,0.71,4,Average,0,5,1
S01790,Female,Information Technology,EntranceExam,2.5,3.03,2.63,2.27,2.61,130,0,0,0.95,0.95,4,Stable,1,4,1
S01791,Male,Game Design and Development,EntranceExam,2.03,2.54,2.79,2.05,2.35,140,3,0,0.88,0.84,2,Average,0,5,0
S01792,Female,Information Technology,DirectAdmission,3.05,3.42,2.99,3.71,3.29,130,0,0,0.88,0.69,1,Stable,1,4,0
S01793,Male,Financial Technology (Fintech),EntranceExam,0.91,0.61,0.84,0.6,0.74,130,4,1,0.83,0.8,1,Average,0,6,0
S01794,Male,Computer Science,EntranceExam,2.72,2.8,2.79,2.54,2.71,130,2,0,0.79,0.79,1,Stable,0,7,0
S01795,Male,Multimedia Communication,EntranceExam,1.67,2.04,2.26,1.57,1.88,125,6,1,0.85,0.94,1,Average,0,5,0
S01796,Male,Automation,EntranceExam,3.15,3.12,2.82,2.33,2.86,140,0,0,0.85,1,0,Average,1,4,0
S01797,Male,Game Design and Development,EntranceExam,1.91,2.17,2.43,2.08,2.15,140,1,0,0.88,0.69,2,Average,0,8,0
S01798,Female,Automation,EntranceExam,1.93,2.18,2.39,2.03,2.13,140,2,0,0.86,0.64,3,Stable,0,7,1
S01799,Female,Multimedia Technology,EntranceExam,2.19,2.09,1.93,2.62,2.21,125,0,0,1,0.98,1,Stable,1,4,1
S01800,Male,Accounting,EntranceExam,3.09,3.13,2.85,2.99,3.02,130,0,0,1,0.87,0,Stable,1,4,1
S01801,Male,Marketing,EntranceExam,2.92,3.01,2.54,2.6,2.77,120,0,0,0.91,1,2,Stable,1,4,0
S01802,Male,Automation,DirectAdmission,1.39,1.89,2.01,2.22,1.88,140,1,0,0.8,0.97,4,Stable,1,4,0
S01803,Male,Game Design and Development,EntranceExam,2.38,2.29,2.38,2.11,2.29,140,2,0,0.75,0.72,5,Stable,0,7,0
S01804,Female,Financial Technology (Fintech),EntranceExam,2.18,2.52,2.52,2.29,2.38,130,0,0,1,0.86,2,Average,1,4,0
S01805,Female,Information Security,EntranceExam,2.49,3.03,2.89,2.25,2.66,130,0,0,0.9,0.81,3,Stable,1,4,1
S01806,Male,Multimedia Communication,EntranceExam,2.53,2.01,1.72,2.47,2.18,125,2,0,0.89,0.89,0,Stable,0,6,0
S01807,Male,Information Technology,EntranceExam,2.37,2.97,2.82,2.24,2.6,130,0,0,0.85,0.91,1,Average,1,4,0
S01808,Female,Multimedia Communication,EntranceExam,1.63,2.24,2.37,2.05,2.07,125,4,0,0.91,0.94,1,Difficult,0,7,0
S01809,Female,Information Security,EntranceExam,3.23,3.78,3.45,3.99,3.61,130,0,0,0.84,1,0,Stable,1,4,0
S01810,Female,Information Security,EntranceExam,2.88,2.67,2.97,3.72,3.06,130,0,0,0.83,0.87,3,Difficult,1,4,0
S01811,Female,Artificial Intelligence,EntranceExam,1.69,2.12,2.42,1.72,1.99,130,1,1,0.83,0.85,2,Average,0,5,1
S01812,Male,Information Security,EntranceExam,2.86,2.57,2.86,3.18,2.87,130,2,0,0.88,0.74,0,Difficult,0,7,0
S01813,Male,Game Design and Development,EntranceExam,2.13,2.07,2.15,1.39,1.93,140,5,0,0.87,0.77,1,Stable,0,6,0
S01814,Female,Marketing,EntranceExam,2.47,2.65,2.41,2.97,2.62,120,0,0,0.87,0.67,4,Average,1,4,1
S01815,Male,Multimedia Communication,EntranceExam,3.07,3.08,2.98,2.57,2.92,125,0,0,0.97,0.83,0,Stable,1,4,0
S01816,Female,Artificial Intelligence,EntranceExam,3.22,3.19,2.93,2.83,3.04,130,0,0,0.87,0.84,0,Stable,1,4,1
S01817,Female,Information Technology,EntranceExam,1.81,1.74,1.96,1.78,1.82,130,4,0,0.83,0.79,3,Stable,0,5,1
S01818,Male,Marketing,DirectAdmission,2.01,2.57,2.19,2.68,2.36,120,1,0,0.79,0.89,2,Stable,0,8,0
S01819,Female,E-commerce,EntranceExam,3.17,3.46,3.82,3.45,3.47,125,0,0,0.83,0.85,3,Difficult,1,4,0
S01820,Male,Financial Technology (Fintech),EntranceExam,2.99,2.7,2.72,3.36,2.94,130,0,0,0.96,0.93,3,Stable,1,4,1
S01821,Female,Automation,EntranceExam,1.62,2.06,1.45,1.69,1.7,140,5,0,0.91,0.8,1,Stable,0,7,1
S01822,Female,Accounting,EntranceExam,1.41,1.59,2.06,1.88,1.74,130,4,1,0.9,0.85,2,Average,0,8,1
S01823,Female,Information Technology,EntranceExam,2.9,2.96,3.6,2.48,2.98,130,0,0,0.82,0.94,0,Average,1,4,1
S01824,Male,Computer Science,EntranceExam,2.7,2.75,2.49,2.8,2.68,130,1,0,0.92,0.93,0,Average,1,4,0
S01825,Female,Computer Science,EntranceExam,3.37,3.2,3.41,3.43,3.35,130,0,0,0.98,0.8,3,Stable,1,4,0
S01826,Male,E-commerce,EntranceExam,1.96,1.86,2.47,2.63,2.23,125,8,0,0.95,0.81,0,Average,0,5,0
S01827,Male,Artificial Intelligence,EntranceExam,3.21,3.13,2.71,3.23,3.07,130,1,1,0.96,0.94,3,Stable,1,4,1
S01828,Female,Multimedia Technology,EntranceExam,2.52,2.2,2.97,2.58,2.57,125,0,0,1,0.96,0,Stable,1,4,1
S01829,Female,Artificial Intelligence,EntranceExam,2.12,1.58,2.58,2.42,2.17,130,3,0,0.9,0.84,0,Stable,0,5,1
S01830,Male,Artificial Intelligence,EntranceExam,1.6,1.92,1.95,1.99,1.86,130,7,0,0.79,0.68,0,Average,0,6,0
S01831,Male,Multimedia Technology,EntranceExam,3.34,3.45,3.48,3.3,3.39,125,0,0,0.94,0.84,1,Average,1,4,1
S01832,Male,Marketing,EntranceExam,2.37,2.22,2.88,1.88,2.34,120,1,0,0.73,1,0,Stable,0,6,0
S01833,Female,Marketing,EntranceExam,2.11,2.27,1.25,1.44,1.77,120,3,0,0.87,0.94,0,Stable,1,4,0
S01834,Male,E-commerce,EntranceExam,2.67,2.62,3.02,3.46,2.94,125,1,0,0.84,0.63,3,Stable,1,4,0
S01835,Male,Computer Science,EntranceExam,1.51,2.4,1.92,1.93,1.94,130,2,0,0.83,0.89,2,Average,0,5,0
S01836,Female,E-commerce,EntranceExam,3.01,3.03,3.16,3.06,3.06,125,1,0,0.89,0.86,1,Stable,1,4,0
S01837,Male,Game Design and Development,EntranceExam,2.52,3.17,2.47,3.25,2.85,140,3,1,0.76,0.78,0,Average,0,7,0
S01838,Male,Multimedia Communication,EntranceExam,2.96,3.69,3.08,3.76,3.37,125,0,0,1,0.74,1,Stable,1,4,1
S01839,Female,E-commerce,EntranceExam,2.63,2.35,2.38,2.55,2.48,125,4,0,0.87,0.81,2,Average,0,5,1
S01840,Female,Multimedia Communication,EntranceExam,2.43,1.96,2.91,2.55,2.46,125,0,0,1,0.78,2,Stable,1,4,1
S01841,Male,E-commerce,EntranceExam,3.4,3.78,3.48,3.22,3.47,125,0,0,0.87,0.95,3,Stable,1,4,1
S01842,Female,Automation,EntranceExam,3.59,3.03,3.52,3.18,3.33,140,1,1,0.82,0.9,2,Stable,1,4,0
S01843,Female,Financial Technology (Fintech),EntranceExam,1.76,2.49,1.6,2.82,2.17,130,2,0,0.81,0.99,2,Stable,0,6,1
S01844,Female,Journalism,EntranceExam,3.11,2.68,2.89,2.71,2.85,120,1,0,0.89,0.73,1,Average,1,4,0
S01845,Female,Information Technology,DirectAdmission,2.04,2.65,2.98,2.64,2.58,130,0,0,0.84,0.78,0,Stable,1,4,1
S01846,Male,Artificial Intelligence,EntranceExam,2.4,1.64,2.8,1.87,2.18,130,1,0,0.9,0.77,2,Stable,1,4,0
S01847,Female,Computer Science,DirectAdmission,2.63,2.32,2.42,2.06,2.36,130,3,0,0.87,0.76,2,Average,1,4,1
S01848,Male,Business Administration,EntranceExam,3.28,3.12,3.13,3.26,3.2,120,1,0,0.81,0.69,2,Average,1,4,1
S01849,Male,Notary Relations,EntranceExam,3.16,2.91,2.86,2.58,2.88,125,0,0,0.96,0.64,2,Stable,1,4,0
S01850,Female,Artificial Intelligence,EntranceExam,2.31,2.61,2.01,2.33,2.32,130,3,0,0.72,0.76,4,Stable,0,5,0
S01851,Male,Accounting,EntranceExam,2.44,3.11,3.2,2.55,2.82,130,1,0,0.83,0.8,2,Stable,1,4,0
S01852,Male,Automation,EntranceExam,1.79,1.6,1.74,2.08,1.8,140,7,0,0.84,0.85,0,Stable,0,6,0
S01853,Male,Artificial Intelligence,EntranceExam,1.73,1.87,2.68,2.45,2.18,130,0,0,0.77,0.77,0,Stable,0,5,0
S01854,Female,Game Design and Development,EntranceExam,2.44,2.39,2.15,2.12,2.28,140,1,0,0.84,0.74,0,Stable,1,4,0
S01855,Male,Multimedia Communication,EntranceExam,2.06,2.13,2.07,2.04,2.08,125,4,0,0.93,0.94,0,Average,0,5,0
S01856,Female,Business Administration,EntranceExam,2.3,2.74,2.64,1.96,2.41,120,0,0,1,0.95,1,Stable,1,4,1
S01857,Male,E-commerce,EntranceExam,2.46,2.42,2.64,2.52,2.51,125,1,0,0.95,0.93,1,Stable,1,4,0
S01858,Female,Multimedia Technology,DirectAdmission,1.73,2.52,1.9,2.07,2.06,125,2,0,0.98,0.84,2,Stable,1,4,1
S01859,Female,Information Security,EntranceExam,2.13,2.22,2.37,1.84,2.14,130,1,0,0.99,0.91,0,Stable,1,4,1
S01860,Female,Marketing,EntranceExam,2.61,2.44,2.39,2.38,2.46,120,1,0,0.81,0.87,0,Stable,1,4,0
S01861,Male,E-commerce,EntranceExam,2.4,2.96,2.92,3,2.82,125,0,0,0.88,0.9,1,Stable,1,4,0
S01862,Male,Game Design and Development,EntranceExam,1.94,1.86,1.95,2.4,2.04,140,0,0,0.92,0.93,1,Average,1,4,0
S01863,Female,Accounting,EntranceExam,2.75,2.94,2.97,2.71,2.84,130,0,0,0.91,0.63,2,Stable,1,4,1
S01864,Male,Financial Technology (Fintech),EntranceExam,3.29,2.96,2.44,3.39,3.02,130,0,0,0.97,0.87,1,Average,1,4,1
S01865,Male,Business Administration,EntranceExam,2.31,3.02,2.15,2.77,2.56,120,1,0,0.89,0.97,0,Stable,1,4,0
S01866,Female,Automation,DirectAdmission,2.87,2.85,2.35,2.53,2.65,140,1,0,0.9,0.78,0,Stable,1,4,1
S01867,Male,Business Administration,EntranceExam,2.84,2.94,2.43,2.75,2.74,120,2,0,0.71,0.53,1,Average,0,5,0
S01868,Male,Artificial Intelligence,EntranceExam,1.8,1.71,1.91,1.68,1.78,130,6,0,0.91,0.85,4,Stable,0,6,0
S01869,Male,Journalism,DirectAdmission,2.65,3.22,2.92,3.35,3.03,120,0,0,0.83,0.83,2,Stable,1,4,1
S01870,Male,Notary Relations,EntranceExam,2.8,3.14,2.83,3.07,2.96,125,0,0,0.97,0.9,1,Average,1,4,1
S01871,Male,Multimedia Communication,EntranceExam,2.26,2.93,2.78,2.66,2.66,125,1,0,0.87,0.66,2,Stable,1,4,0
S01872,Female,Information Technology,EntranceExam,2.72,2.38,2.85,2.82,2.69,130,0,0,0.8,0.75,2,Average,1,4,1
S01873,Female,Information Security,EntranceExam,3.24,3.46,2.86,3.29,3.21,130,0,0,0.95,0.86,1,Average,1,4,0
S01874,Female,Information Technology,EntranceExam,2.65,3.31,3.36,3.45,3.19,130,0,0,0.88,0.74,0,Stable,1,4,1
S01875,Female,Artificial Intelligence,DirectAdmission,2.1,2.13,2.03,2.44,2.17,130,0,0,1,0.89,4,Stable,1,4,1
S01876,Male,Information Technology,EntranceExam,1.63,1.59,2.08,2.02,1.83,130,5,1,0.8,0.81,5,Average,0,6,0
S01877,Female,Computer Science,DirectAdmission,2.93,2.58,2.84,2.72,2.77,130,0,0,0.86,0.86,2,Stable,1,4,1
S01878,Female,Artificial Intelligence,DirectAdmission,3.41,2.99,3.33,3.31,3.26,130,1,0,0.83,0.73,3,Average,1,4,0
S01879,Female,Information Technology,EntranceExam,2.71,3.06,3.19,2.36,2.83,130,0,0,0.94,0.73,3,Average,1,4,0
S01880,Female,Information Security,EntranceExam,1.97,2.5,3.13,2.4,2.5,130,5,0,0.77,0.81,1,Stable,0,5,0
S01881,Female,Multimedia Communication,EntranceExam,2.55,3.06,2.59,2.84,2.76,125,1,0,1,0.85,2,Stable,1,4,1
S01882,Female,Accounting,EntranceExam,2.7,3.7,3.28,3.33,3.25,130,0,0,0.86,0.91,0,Stable,1,4,0
S01883,Male,Computer Science,EntranceExam,2.18,2.2,2.02,2.51,2.23,130,1,0,0.86,0.88,3,Average,0,7,0
S01884,Male,Artificial Intelligence,EntranceExam,3.16,3.11,3.08,2.96,3.08,130,0,0,0.8,0.86,1,Stable,1,4,0
S01885,Female,Computer Science,EntranceExam,2.01,1.99,2.35,2.05,2.1,130,5,1,0.79,0.66,2,Average,0,5,1
S01886,Male,Automation,EntranceExam,2.18,1.81,1.84,1.6,1.86,140,6,0,0.87,0.78,5,Stable,0,5,0
S01887,Female,Computer Science,EntranceExam,1.38,1.74,2.27,1.91,1.83,130,6,0,0.68,0.92,1,Stable,0,8,1
S01888,Male,Game Design and Development,EntranceExam,2.18,2.53,2.17,2.22,2.28,140,0,0,0.88,0.86,2,Stable,1,4,0
S01889,Female,Artificial Intelligence,EntranceExam,2.87,2.95,2.71,3.4,2.98,130,0,0,0.96,0.85,1,Stable,1,4,0
S01890,Female,Computer Science,EntranceExam,2.77,2.49,2.55,2.28,2.52,130,2,0,0.85,1,0,Average,0,5,1
S01891,Male,Automation,EntranceExam,3.71,2.93,3.61,3.35,3.4,140,0,0,0.89,0.75,2,Difficult,1,4,1
S01892,Female,E-commerce,DirectAdmission,3.26,3.02,3.68,3.74,3.42,125,0,0,0.81,0.57,0,Average,1,4,0
S01893,Male,Automation,DirectAdmission,2.61,2.62,2.66,2.61,2.62,140,0,0,0.85,0.93,2,Stable,1,4,0
S01894,Female,Business Administration,EntranceExam,2.27,2.54,2.68,3.01,2.62,120,2,0,0.88,0.84,2,Stable,1,4,1
S01895,Male,Marketing,DirectAdmission,2.14,2.89,2.62,3.03,2.67,120,2,0,0.79,0.75,2,Average,0,7,0
S01896,Male,Game Design and Development,EntranceExam,2.37,2.34,2.46,2.06,2.31,140,1,0,0.75,0.71,2,Stable,0,5,0
S01897,Male,Financial Technology (Fintech),EntranceExam,2.82,3.12,3.62,2.69,3.06,130,2,0,0.94,0.8,3,Average,1,4,0
S01898,Male,Financial Technology (Fintech),EntranceExam,2.28,2.57,2.37,2.98,2.55,130,0,0,0.94,0.94,0,Stable,1,4,0
S01899,Female,Automation,EntranceExam,2.33,1.89,1.68,2.3,2.05,140,3,0,0.83,0.84,3,Stable,1,4,1
S01900,Male,Journalism,EntranceExam,2.36,2.56,2.83,2.78,2.63,120,1,0,0.83,0.56,1,Stable,1,4,0
S01901,Female,Multimedia Communication,EntranceExam,2.93,3.52,2.57,3.02,3.01,125,0,0,0.87,0.87,0,Average,1,4,0
S01902,Male,Notary Relations,EntranceExam,2.4,2.38,2.38,1.76,2.23,125,4,0,0.78,0.77,0,Stable,0,5,0
S01903,Male,Game Design and Development,EntranceExam,2.93,3.3,3.47,2.89,3.15,140,1,0,0.88,0.84,3,Stable,1,4,1
S01904,Female,Computer Science,DirectAdmission,2.19,2.66,2.23,2.73,2.45,130,0,0,0.9,0.77,2,Average,1,4,0
S01905,Male,Financial Technology (Fintech),EntranceExam,2.66,3.27,3.63,3.26,3.2,130,0,0,0.93,0.73,1,Stable,1,4,1
S01906,Male,Multimedia Communication,DirectAdmission,2.66,2.58,2.4,2.78,2.6,125,4,0,0.74,0.58,1,Average,0,8,0
S01907,Female,E-commerce,DirectAdmission,2.24,2.51,1.85,2.4,2.25,125,1,0,0.84,0.91,1,Stable,1,4,1
S01908,Male,Artificial Intelligence,EntranceExam,3.06,3,3.64,3.49,3.3,130,0,0,1,0.92,4,Stable,1,4,1
S01909,Female,Game Design and Development,EntranceExam,2,2.04,1.87,1.73,1.91,140,5,0,0.98,0.75,2,Difficult,0,5,1
S01910,Male,Multimedia Communication,EntranceExam,1.91,2.57,2.46,2.59,2.38,125,0,1,0.91,0.81,3,Stable,1,4,0
S01911,Female,Accounting,EntranceExam,2.57,1.93,1.91,1.97,2.1,130,0,0,0.9,0.88,1,Stable,1,4,1
S01912,Female,Journalism,EntranceExam,2.1,2.55,3.02,2.93,2.65,120,0,0,0.92,0.95,2,Stable,1,4,1
S01913,Female,Marketing,EntranceExam,2.84,3.16,2.9,3.51,3.1,120,1,0,0.94,0.85,0,Stable,1,4,0
S01914,Female,Business Administration,EntranceExam,1.88,3.02,2.79,2.63,2.58,120,0,0,0.82,0.91,1,Stable,1,4,1
S01915,Female,Information Technology,DirectAdmission,2.25,2.2,2.2,2.51,2.29,130,3,0,0.91,0.74,1,Average,0,5,1
S01916,Female,Accounting,EntranceExam,2.73,2.5,1.88,1.61,2.18,130,1,0,0.84,0.77,3,Difficult,0,7,1
S01917,Male,Accounting,EntranceExam,2.09,1.83,2.23,1.75,1.98,130,3,1,0.93,0.9,2,Stable,0,7,0
S01918,Female,Multimedia Technology,EntranceExam,2.41,2.63,2.88,2.33,2.56,125,6,0,0.76,0.63,1,Average,0,5,1
S01919,Male,Information Technology,EntranceExam,2.07,2.61,1.74,2.47,2.22,130,5,0,0.85,0.86,2,Average,0,5,0
S01920,Female,Multimedia Communication,EntranceExam,1.9,2.07,3.06,3.13,2.54,125,0,0,0.94,0.79,2,Stable,1,4,1
S01921,Female,Game Design and Development,EntranceExam,2.58,2.67,3.16,3.39,2.95,140,0,0,0.91,0.76,0,Stable,1,4,0
S01922,Female,Multimedia Technology,EntranceExam,2.16,2.51,2.5,2.28,2.36,125,0,0,0.87,0.82,1,Stable,1,4,1
S01923,Female,Information Security,EntranceExam,1.83,2.01,2.35,1.94,2.03,130,5,1,0.82,0.96,2,Stable,0,7,1
S01924,Female,Computer Science,EntranceExam,2.14,2.12,2.54,2.26,2.26,130,1,0,0.9,0.91,3,Stable,1,4,1
S01925,Male,Artificial Intelligence,EntranceExam,2.92,2.63,2.54,3.21,2.82,130,6,0,0.92,0.85,2,Difficult,0,5,0
S01926,Male,Journalism,EntranceExam,1.8,1.76,1.81,2.26,1.91,120,6,1,0.9,0.93,3,Average,0,5,0
S01927,Male,Multimedia Technology,DirectAdmission,2.5,3.1,2.96,2.95,2.88,125,0,0,0.84,0.84,1,Stable,1,4,0
S01928,Female,Artificial Intelligence,DirectAdmission,2.58,2.79,2.71,2.03,2.53,130,1,0,0.87,0.85,1,Average,1,4,1
S01929,Male,Business Administration,EntranceExam,2.32,1.89,1.91,1.78,1.98,120,5,0,0.87,0.55,1,Average,0,5,0
S01930,Female,Artificial Intelligence,EntranceExam,1.73,2.2,2.14,2.94,2.25,130,1,0,0.8,0.8,0,Stable,1,4,1
S01931,Female,Multimedia Communication,EntranceExam,2.78,2.98,2.4,2.27,2.61,125,1,0,0.91,1,4,Stable,1,4,1
S01932,Male,Information Technology,EntranceExam,1.22,1.34,1.19,1.58,1.33,130,3,1,0.94,0.92,0,Stable,0,5,0
S01933,Male,E-commerce,EntranceExam,1.77,2.34,1.83,1.9,1.96,125,6,0,0.56,0.8,1,Stable,0,5,0
S01934,Male,Information Security,EntranceExam,1.97,2.01,2.05,2.53,2.14,130,0,0,0.96,1,2,Stable,1,4,0
S01935,Male,Game Design and Development,EntranceExam,2.51,2.27,2.32,2.77,2.47,140,1,0,0.9,0.87,2,Stable,1,4,0
S01936,Male,Automation,EntranceExam,2.61,2.09,2.45,2.72,2.47,140,1,0,0.81,0.77,1,Average,0,7,0
S01937,Male,Artificial Intelligence,DirectAdmission,2.1,2.05,2.16,2.14,2.11,130,3,0,0.85,0.76,0,Average,0,5,0
S01938,Female,Marketing,EntranceExam,3.1,4,2.94,3.44,3.37,120,1,0,0.87,0.86,0,Stable,1,4,0
S01939,Male,Information Technology,EntranceExam,2.71,2.5,2.25,2.34,2.45,130,1,0,0.89,0.87,0,Stable,1,4,0
S01940,Male,Information Security,EntranceExam,2.34,2.66,2.1,1.89,2.25,130,2,0,0.77,0.82,1,Average,0,7,0
S01941,Female,Information Technology,EntranceExam,2.62,3.4,3.53,3.41,3.24,130,0,0,0.89,0.94,2,Stable,1,4,0
S01942,Male,Artificial Intelligence,EntranceExam,2.53,2.68,2.56,2.05,2.46,130,1,0,0.77,0.65,0,Stable,0,6,0
S01943,Female,Accounting,DirectAdmission,2.67,2.41,3.23,3.58,2.97,130,0,0,0.94,1,2,Stable,1,4,0
S01944,Female,Business Administration,EntranceExam,2.37,2.19,2.71,2.37,2.41,120,2,0,0.93,0.69,4,Average,1,4,1
S01945,Male,Journalism,EntranceExam,3.41,3.65,3.35,4,3.6,120,0,0,0.82,0.93,0,Average,1,4,1
S01946,Female,Notary Relations,DirectAdmission,2.12,2.11,2.39,2.33,2.24,125,3,0,0.76,0.7,1,Stable,0,6,1
S01947,Female,Multimedia Communication,EntranceExam,2.47,2.73,2.41,2.93,2.64,125,0,0,0.94,0.96,1,Stable,1,4,0
S01948,Female,Automation,DirectAdmission,3.1,2.65,3.41,3.29,3.11,140,1,0,0.91,0.85,5,Average,1,4,0
S01949,Female,Artificial Intelligence,EntranceExam,2.22,2.34,2.23,2.34,2.28,130,5,0,0.88,0.89,0,Average,0,6,1
S01950,Female,Artificial Intelligence,EntranceExam,2.43,3.14,2.4,2.66,2.66,130,0,0,0.83,0.79,1,Stable,1,4,0
S01951,Male,Computer Science,EntranceExam,1.8,2.31,2.13,2.11,2.09,130,1,0,0.9,0.88,5,Average,0,5,0
S01952,Female,E-commerce,EntranceExam,3.08,2.46,2.71,2.97,2.8,125,1,0,0.82,0.7,0,Stable,1,4,1
S01953,Male,E-commerce,EntranceExam,2.42,2.46,2.7,2.8,2.6,125,0,1,0.89,0.81,2,Average,0,7,0
S01954,Female,Multimedia Communication,EntranceExam,2.27,2.95,2.2,2.79,2.55,125,0,0,0.99,0.82,0,Stable,1,4,1
S01955,Male,Automation,EntranceExam,1.84,1.81,1.97,1.82,1.86,140,4,0,0.96,0.86,4,Stable,1,4,0
S01956,Female,Business Administration,EntranceExam,2.19,2.07,1.91,2.61,2.19,120,1,0,0.85,0.82,1,Stable,1,4,1
S01957,Male,Financial Technology (Fintech),EntranceExam,3.07,3.63,3.46,3.05,3.3,130,0,0,0.85,0.92,3,Stable,1,4,1
S01958,Male,Marketing,DirectAdmission,3.54,3.75,3.89,2.86,3.51,120,0,0,0.84,0.76,3,Average,1,4,1
S01959,Male,Marketing,DirectAdmission,3.04,3.51,3.05,3.52,3.28,120,0,0,0.92,0.79,0,Stable,1,4,0
S01960,Female,Computer Science,DirectAdmission,1.92,2.38,2.05,2.39,2.18,130,2,0,0.93,0.98,2,Average,1,4,0
S01961,Male,Marketing,EntranceExam,3.79,3.42,3.47,3.52,3.55,120,0,0,0.8,0.89,0,Stable,1,4,1
S01962,Female,Financial Technology (Fintech),EntranceExam,2.16,2.39,2.92,2.39,2.47,130,3,0,0.69,0.6,2,Stable,0,6,0
S01963,Male,Financial Technology (Fintech),EntranceExam,1.2,1.51,0.94,1.95,1.4,130,10,0,0.94,0.79,1,Stable,0,8,0
S01964,Male,Accounting,EntranceExam,2.45,2.02,2.28,2.44,2.3,130,0,0,0.97,0.8,2,Stable,1,4,0
S01965,Female,Financial Technology (Fintech),DirectAdmission,1.97,1.83,2.02,1.64,1.86,130,4,0,0.86,0.81,1,Difficult,0,5,0
S01966,Female,Information Technology,EntranceExam,2.5,2.81,2.53,2.49,2.58,130,1,1,0.83,0.73,3,Average,0,6,0
S01967,Female,Multimedia Communication,EntranceExam,1.96,2.17,2.25,2.57,2.24,125,5,0,0.79,0.6,1,Stable,0,6,1
S01968,Male,Computer Science,EntranceExam,3.01,2.96,3.01,2.9,2.97,130,3,0,0.69,0.76,2,Difficult,0,5,0
S01969,Male,Computer Science,EntranceExam,2.67,2.86,3.13,2.96,2.9,130,0,1,0.82,0.9,1,Average,1,4,0
S01970,Male,Business Administration,DirectAdmission,2.21,2.62,2.92,2.23,2.5,120,1,0,0.83,0.91,0,Stable,1,4,0
S01971,Female,Marketing,EntranceExam,3.63,2.49,2.81,2.83,2.94,120,0,0,0.9,0.86,2,Stable,1,4,0
S01972,Male,Computer Science,EntranceExam,2.91,2.94,2.93,2.48,2.82,130,1,0,0.96,0.82,4,Stable,1,4,0
S01973,Female,Business Administration,EntranceExam,1.92,2.13,2.31,1.62,2,120,2,0,0.76,0.71,1,Stable,0,5,1
S01974,Male,Computer Science,EntranceExam,2.01,2.32,2.42,2.42,2.29,130,6,0,0.91,0.86,1,Difficult,0,8,0
S01975,Female,Information Technology,EntranceExam,2.19,1.9,2.06,2.14,2.07,130,1,0,0.94,0.81,2,Stable,0,7,1
S01976,Male,Marketing,EntranceExam,1.73,1.58,1.5,1.72,1.63,120,4,0,0.89,0.87,1,Average,0,5,0
S01977,Female,Marketing,EntranceExam,1.95,2.44,2.68,2.43,2.38,120,0,0,1,0.84,1,Stable,1,4,1
S01978,Female,Information Technology,DirectAdmission,2.69,2.24,2.79,2.33,2.51,130,2,0,0.81,0.84,1,Stable,0,5,1
S01979,Female,Marketing,EntranceExam,2.91,2.79,2.66,3.37,2.93,120,4,1,0.76,0.77,1,Stable,0,6,1
S01980,Female,Information Technology,EntranceExam,2.21,2.69,2.31,2.36,2.39,130,0,0,0.87,0.99,0,Average,1,4,1
S01981,Female,Computer Science,DirectAdmission,2.46,3.13,2.7,2.95,2.81,130,5,0,0.79,0.69,1,Difficult,0,5,1
S01982,Female,Information Technology,EntranceExam,2.18,2.25,2.42,1.33,2.04,130,6,0,0.83,0.76,0,Stable,0,8,1
S01983,Male,Game Design and Development,EntranceExam,2.12,2.55,1.87,2.39,2.23,140,1,0,0.59,0.78,3,Stable,0,6,0
S01984,Female,Information Security,EntranceExam,1.95,2.63,2.31,1.47,2.09,130,3,0,0.84,0.91,1,Average,0,5,1
S01985,Female,Marketing,EntranceExam,1.98,2.71,2.66,2.32,2.42,120,1,0,0.97,0.77,0,Stable,1,4,1
S01986,Male,Information Security,DirectAdmission,2.3,2.51,2.86,2.68,2.59,130,0,1,0.93,0.84,0,Average,1,4,0
S01987,Female,Multimedia Technology,EntranceExam,1.82,1.75,1.88,1.94,1.85,125,2,0,0.89,0.8,1,Stable,0,5,0
S01988,Male,Automation,EntranceExam,3.15,2.97,2.89,2.69,2.92,140,1,0,0.94,0.74,3,Stable,1,4,1
S01989,Female,Information Technology,EntranceExam,3.66,3.55,4,3.74,3.74,130,0,0,0.97,0.88,0,Average,1,4,0
S01990,Male,Accounting,EntranceExam,3.52,3.28,3.06,2.65,3.13,130,0,1,0.81,0.78,1,Stable,1,4,1
S01991,Female,E-commerce,DirectAdmission,1.44,1.45,1.49,1.46,1.46,125,4,2,0.89,1,3,Difficult,0,7,0
S01992,Male,Marketing,EntranceExam,2.14,2.33,2.57,2.51,2.39,120,5,0,0.73,0.52,2,Difficult,0,7,0
S01993,Female,Computer Science,EntranceExam,2.27,3.18,2.32,2.68,2.61,130,0,0,0.87,1,3,Average,1,4,1
S01994,Female,Accounting,EntranceExam,2.07,1.92,1.82,2.03,1.96,130,2,1,1,0.83,2,Stable,0,7,1
S01995,Female,Marketing,EntranceExam,2.7,2.87,3.24,3.19,3,120,0,0,0.89,0.83,1,Average,1,4,0
S01996,Male,Automation,EntranceExam,1.54,2.01,1.6,1.43,1.64,140,6,0,0.83,0.93,0,Stable,0,5,0
S01997,Female,Financial Technology (Fintech),EntranceExam,1.92,2.1,1.8,2.18,2,130,4,1,0.9,0.82,0,Stable,0,6,1
S01998,Female,Information Technology,EntranceExam,2.59,2.34,2.57,2.66,2.54,130,4,0,0.8,0.73,0,Difficult,0,5,1
S01999,Female,Information Technology,EntranceExam,2.55,2.41,2.97,2.73,2.66,130,0,0,0.86,0.9,3,Stable,1,4,0
S02000,Male,Marketing,EntranceExam,2.41,2.23,3.18,2.62,2.61,120,0,0,0.82,0.62,1,Stable,1,4,0
S02001,Female,Notary Relations,EntranceExam,2.48,2.44,1.89,2.48,2.32,125,2,0,0.86,0.86,5,Average,0,5,0
S02002,Male,E-commerce,EntranceExam,2.22,2.74,2.74,2.03,2.43,125,2,0,0.85,0.88,3,Stable,1,4,0
S02003,Female,Information Technology,EntranceExam,3.43,3.44,3.36,2.79,3.26,130,0,0,0.82,0.94,4,Stable,1,4,0
S02004,Male,Information Technology,EntranceExam,2.73,3.11,3.17,2.62,2.91,130,8,1,0.77,0.78,2,Difficult,0,6,0
S02005,Male,Notary Relations,EntranceExam,2.45,2.93,3.05,3.17,2.9,125,0,0,0.84,0.76,1,Stable,1,4,0
S02006,Male,Information Security,EntranceExam,3.98,3.81,3.7,3.91,3.85,130,0,0,0.95,0.76,1,Difficult,1,4,1
S02007,Female,Business Administration,DirectAdmission,1.88,2.58,3.13,2.98,2.64,120,0,0,0.98,0.74,2,Stable,1,4,1
S02008,Female,Notary Relations,EntranceExam,3.12,2.84,3,3.08,3.01,125,0,0,0.83,0.83,3,Stable,1,4,0
S02009,Female,Accounting,EntranceExam,2.96,3.17,2.69,3.37,3.05,130,2,0,0.86,0.57,1,Average,0,7,0
S02010,Female,Business Administration,EntranceExam,1.6,1.64,2.23,1.95,1.86,120,4,2,0.81,0.66,1,Average,0,5,1
S02011,Female,Marketing,EntranceExam,2.56,3.07,2.19,3.2,2.76,120,1,0,0.84,0.68,1,Average,1,4,1
S02012,Male,Accounting,EntranceExam,2.49,2.74,2.78,3.27,2.82,130,1,0,0.85,0.79,1,Average,1,4,0
S02013,Female,Multimedia Communication,EntranceExam,2.88,3.15,2.94,3.2,3.04,125,0,0,0.97,0.95,1,Average,1,4,0
S02014,Male,Accounting,EntranceExam,1.61,2.35,2.24,2.04,2.06,130,5,0,0.86,0.73,3,Average,0,6,0
S02015,Female,Business Administration,DirectAdmission,1.95,2.22,2.09,1.49,1.94,120,3,0,0.89,0.75,2,Stable,0,6,1
S02016,Female,Business Administration,EntranceExam,1.95,2.35,2.69,2.47,2.37,120,1,0,1,0.9,0,Difficult,0,6,1
S02017,Female,Computer Science,EntranceExam,2.08,2.14,2.05,1.42,1.92,130,1,2,0.86,0.78,1,Stable,0,5,0
S02018,Female,Computer Science,DirectAdmission,1.44,1.93,1.14,1.3,1.45,130,6,0,0.91,0.92,0,Average,0,5,0
S02019,Male,Computer Science,EntranceExam,2.52,2.91,1.96,2.87,2.56,130,1,0,0.88,0.67,1,Stable,1,4,0
S02020,Male,Multimedia Communication,EntranceExam,2.44,1.91,2.84,2.12,2.33,125,3,0,0.68,0.88,1,Stable,0,6,0
S02021,Female,E-commerce,EntranceExam,2,2.74,2.56,2.21,2.38,125,1,0,0.86,0.91,1,Stable,1,4,0
S02022,Female,Information Technology,EntranceExam,1.67,2.1,0.65,2.13,1.64,130,6,1,0.75,0.59,1,Average,0,7,1
S02023,Female,Financial Technology (Fintech),EntranceExam,2.37,2.53,2.33,2.59,2.46,130,0,0,1,0.98,2,Stable,1,4,1
S02024,Male,Financial Technology (Fintech),EntranceExam,3.19,3.18,3.64,3.56,3.39,130,0,0,0.87,0.9,2,Average,1,4,1
S02025,Male,Marketing,EntranceExam,3.07,3.31,3.57,2.81,3.19,120,0,0,0.84,0.77,2,Difficult,1,4,1
S02026,Male,Computer Science,EntranceExam,1.44,1.63,2.37,1.81,1.81,130,4,0,0.63,0.74,0,Stable,0,8,0
S02027,Female,Business Administration,EntranceExam,2.08,2.54,2.23,2.36,2.3,120,2,0,0.83,0.82,0,Average,0,7,0
S02028,Male,Game Design and Development,DirectAdmission,1.94,2.39,2.84,2.71,2.47,140,3,0,0.73,0.78,2,Average,0,5,0
S02029,Male,Notary Relations,DirectAdmission,2.82,2.6,2.83,2.7,2.74,125,0,0,0.92,0.71,2,Stable,1,4,0
S02030,Female,Information Security,DirectAdmission,3.17,3,3.13,3.55,3.21,130,0,0,0.97,0.79,1,Stable,1,4,1
S02031,Male,Multimedia Communication,DirectAdmission,2.35,2.74,2.57,3.15,2.7,125,1,0,0.84,0.79,3,Average,1,4,0
S02032,Female,Financial Technology (Fintech),EntranceExam,1.99,1.69,2.29,1.81,1.94,130,9,0,0.76,0.65,1,Stable,0,7,1
S02033,Male,Accounting,DirectAdmission,3.22,2.92,3.1,3.42,3.16,130,0,0,0.84,0.82,0,Average,1,4,1
S02034,Female,Marketing,EntranceExam,2.19,2.68,2.78,1.99,2.41,120,2,0,0.94,0.8,0,Stable,1,4,1
S02035,Male,Information Technology,EntranceExam,2.98,3.18,4,3.27,3.36,130,1,1,0.94,0.89,3,Difficult,1,4,1
S02036,Male,Information Technology,EntranceExam,2.74,3.21,3.03,2.47,2.86,130,1,0,0.81,1,1,Stable,1,4,0
S02037,Male,Information Security,EntranceExam,3.5,3.62,4,3.76,3.72,130,1,0,1,0.95,0,Stable,1,4,1
S02038,Female,E-commerce,EntranceExam,2.58,3.28,3.16,3.25,3.07,125,1,0,0.82,0.96,1,Stable,1,4,0
S02039,Female,Computer Science,DirectAdmission,2.56,1.78,1.74,2.25,2.08,130,2,0,0.81,0.84,1,Stable,0,8,1
S02040,Male,Marketing,EntranceExam,3.1,3.17,2.62,2.83,2.93,120,2,0,0.98,1,1,Stable,1,4,0
S02041,Female,Accounting,EntranceExam,2.28,2.52,3.1,2.77,2.67,130,3,1,0.73,0.79,3,Difficult,0,7,1
S02042,Male,Computer Science,EntranceExam,3.33,3.5,3.95,3.38,3.54,130,0,0,0.83,0.94,2,Stable,1,4,1
S02043,Female,Financial Technology (Fintech),EntranceExam,2.72,2.74,2.82,3.12,2.85,130,0,0,0.88,0.94,2,Average,1,4,0
S02044,Female,Financial Technology (Fintech),DirectAdmission,3.13,3.15,3.05,2.92,3.06,130,0,0,0.81,0.71,1,Stable,1,4,1
S02045,Male,Marketing,EntranceExam,3.05,3.14,2.93,3.07,3.05,120,1,0,0.82,0.72,2,Average,1,4,1
S02046,Male,Marketing,DirectAdmission,1.71,1.69,1.97,1.49,1.72,120,1,0,0.73,0.81,0,Difficult,0,6,0
S02047,Female,Computer Science,EntranceExam,2.79,2.49,2.49,1.83,2.4,130,0,0,0.95,0.73,1,Average,1,4,1
S02048,Male,Accounting,DirectAdmission,3.21,2.9,3,3.3,3.1,130,1,0,0.9,0.99,6,Stable,1,4,1
S02049,Male,Journalism,EntranceExam,2.38,2.19,2.77,2.72,2.52,120,0,0,0.87,0.77,0,Stable,1,4,0
S02050,Female,Information Technology,EntranceExam,3.02,3.57,3.13,3.58,3.32,130,1,0,0.94,0.89,3,Average,1,4,1
S02051,Female,Journalism,DirectAdmission,2.27,2.73,2.35,2.9,2.56,120,4,1,0.83,0.84,1,Average,0,7,1
S02052,Female,Multimedia Technology,EntranceExam,3.24,3.03,2.87,3.1,3.06,125,0,0,0.96,0.94,3,Average,1,4,0
S02053,Male,Information Technology,EntranceExam,1.84,1.63,2.28,2.09,1.96,130,1,0,0.79,0.65,1,Average,0,7,0
S02054,Female,Artificial Intelligence,EntranceExam,2.92,2.74,3.29,2.99,2.98,130,0,0,0.86,0.8,1,Stable,1,4,1
S02055,Male,Accounting,EntranceExam,2.58,2.86,2.7,2.79,2.73,130,0,0,0.86,0.84,2,Average,1,4,0
S02056,Female,Artificial Intelligence,EntranceExam,2.09,2.02,2.43,2.22,2.19,130,3,0,0.74,0.8,0,Average,0,5,0
S02057,Female,Multimedia Technology,EntranceExam,2.37,2.3,2.57,3.38,2.66,125,1,0,0.9,0.9,2,Average,1,4,1
S02058,Male,Information Security,DirectAdmission,2.66,2.42,2.48,2.52,2.52,130,0,0,0.84,0.81,3,Stable,1,4,0
S02059,Male,Multimedia Communication,EntranceExam,2.16,2.77,2.3,2.17,2.35,125,0,0,1,0.8,1,Stable,1,4,0
S02060,Male,Game Design and Development,EntranceExam,2.39,2.98,2.41,3.23,2.75,140,0,0,0.82,0.95,3,Average,1,4,0
S02061,Female,Game Design and Development,EntranceExam,2.88,2.99,2.99,2.88,2.93,140,0,0,0.83,0.77,2,Average,1,4,1
S02062,Male,Business Administration,EntranceExam,2.77,3.09,2.76,3.14,2.94,120,0,0,0.87,0.83,2,Average,1,4,0
S02063,Female,Game Design and Development,EntranceExam,2.94,2.15,3.16,3.05,2.82,140,0,1,0.97,0.72,3,Average,1,4,1
S02064,Male,E-commerce,EntranceExam,2.27,2.46,2.32,2.34,2.35,125,2,0,0.71,0.86,1,Average,0,6,0
S02065,Female,Business Administration,EntranceExam,1.28,1.26,1.23,1.98,1.44,120,6,1,0.73,0.82,1,Difficult,0,6,0
S02066,Male,E-commerce,EntranceExam,2.44,2.15,3.08,2.08,2.44,125,1,0,0.82,0.74,2,Average,1,4,0
S02067,Female,Information Technology,DirectAdmission,2.49,2.23,2.29,2.62,2.41,130,0,0,0.83,0.86,2,Stable,1,4,1
S02068,Female,Game Design and Development,DirectAdmission,2.51,3.14,2.86,2.45,2.74,140,0,0,0.89,0.97,1,Stable,1,4,1
S02069,Female,Financial Technology (Fintech),DirectAdmission,3.54,3.51,3.52,3.76,3.58,130,0,0,0.83,0.73,0,Average,1,4,0
S02070,Female,Financial Technology (Fintech),EntranceExam,1.94,2.38,1.93,1.73,2,130,4,0,0.86,0.71,3,Stable,0,5,1
S02071,Male,Information Security,EntranceExam,3.21,3.23,3.14,3.43,3.25,130,0,0,0.95,0.87,1,Average,1,4,1
S02072,Male,Multimedia Communication,EntranceExam,2.46,2.39,2.79,2.77,2.6,125,0,0,0.83,0.83,1,Stable,1,4,0
S02073,Male,Journalism,EntranceExam,2.83,3.48,3.45,3.41,3.29,120,0,0,0.91,0.98,0,Stable,1,4,1
S02074,Female,Business Administration,EntranceExam,3.45,3.76,3.37,2.72,3.32,120,0,0,1,0.84,1,Stable,1,4,0
S02075,Male,Multimedia Technology,EntranceExam,1.46,1.72,0.87,1.56,1.4,125,4,0,0.84,0.86,1,Stable,0,7,0
S02076,Male,Information Technology,DirectAdmission,2.25,2.57,3.05,3.22,2.77,130,0,0,0.92,0.97,3,Average,1,4,0
S02077,Male,Notary Relations,EntranceExam,1.75,2.34,2.28,1.99,2.09,125,3,0,0.82,0.82,1,Average,0,5,0
S02078,Female,Accounting,DirectAdmission,3.5,3.16,3.18,3.76,3.4,130,0,0,0.82,0.77,2,Stable,1,4,0
S02079,Female,Marketing,EntranceExam,2.18,2.17,2.11,2.2,2.16,120,0,0,0.89,0.79,1,Stable,1,4,0
S02080,Male,Marketing,DirectAdmission,2.37,2.46,2.21,2.02,2.26,120,1,0,0.9,0.63,1,Stable,1,4,0
S02081,Female,Marketing,EntranceExam,2.86,2.78,2.91,2.73,2.82,120,1,0,0.85,0.87,1,Stable,1,4,1
S02082,Male,Financial Technology (Fintech),DirectAdmission,3.1,2.67,2.68,2.87,2.83,130,0,0,0.89,0.83,2,Stable,1,4,0
S02083,Male,Automation,EntranceExam,3.12,2.94,3.21,3.16,3.11,140,0,0,1,0.83,1,Stable,1,4,0
S02084,Male,Artificial Intelligence,EntranceExam,2.63,2.9,2.3,2.21,2.51,130,3,0,0.74,0.77,1,Stable,0,5,0
S02085,Male,Information Security,EntranceExam,2.09,2.55,2.37,2.2,2.3,130,0,0,0.87,0.88,1,Stable,1,4,0
S02086,Female,Information Technology,EntranceExam,1.8,2.21,1.69,1.68,1.84,130,3,0,0.81,0.85,0,Stable,0,5,0
S02087,Male,Information Technology,EntranceExam,2.08,1.96,2.44,2.27,2.19,130,7,0,0.7,0.7,4,Average,0,8,0
S02088,Male,Business Administration,DirectAdmission,2.05,1.94,1.8,1.2,1.75,120,5,0,0.85,0.64,4,Stable,0,8,0
S02089,Female,Accounting,DirectAdmission,2.99,2.67,2.89,3.6,3.04,130,1,0,0.8,0.84,1,Stable,1,4,1
S02090,Male,Artificial Intelligence,DirectAdmission,2.67,3.19,3.6,2.55,3,130,0,1,0.95,0.85,2,Stable,1,4,1
S02091,Male,Artificial Intelligence,EntranceExam,1.89,1.53,2.1,2.16,1.92,130,3,0,0.83,0.93,5,Stable,1,4,0
S02092,Female,Business Administration,EntranceExam,2.02,2.42,2.2,2.18,2.2,120,4,0,0.72,0.77,1,Stable,0,6,1
S02093,Male,Multimedia Technology,EntranceExam,2.17,1.78,2.17,2.07,2.05,125,3,0,0.86,0.85,1,Average,0,5,0
S02094,Female,Information Security,DirectAdmission,2.31,2.86,2.33,3.13,2.66,130,0,0,0.94,1,1,Stable,1,4,1
S02095,Female,Marketing,EntranceExam,2.1,2.28,3.17,2.98,2.63,120,0,0,0.85,0.82,2,Difficult,0,5,1
S02096,Male,Notary Relations,EntranceExam,2.9,2.59,3.31,2.73,2.88,125,1,0,0.86,0.94,1,Average,1,4,0
S02097,Female,Automation,EntranceExam,2.59,2.97,3.27,2.28,2.78,140,2,0,0.68,0.75,0,Difficult,0,6,1
S02098,Male,Journalism,EntranceExam,1.83,1.86,1.96,1.41,1.76,120,4,0,0.83,0.88,1,Stable,0,6,0
S02099,Female,Multimedia Technology,DirectAdmission,3.07,2.95,2.96,3.05,3.01,125,1,0,0.96,0.95,1,Stable,1,4,0
S02100,Female,Automation,EntranceExam,2.51,2.88,2.72,2.63,2.68,140,1,0,0.9,0.7,0,Average,1,4,0
S02101,Male,Artificial Intelligence,EntranceExam,2.44,2.69,3.1,3.05,2.82,130,0,0,0.92,0.83,1,Stable,1,4,0
S02102,Female,Information Technology,EntranceExam,2.29,2.78,2.59,2.65,2.58,130,1,0,0.85,0.88,1,Average,1,4,1
S02103,Female,Financial Technology (Fintech),EntranceExam,2.54,2.9,2.77,2.39,2.65,130,0,0,0.99,0.74,0,Stable,1,4,1
S02104,Female,Journalism,EntranceExam,2.11,2.66,2.01,1.98,2.19,120,0,0,0.85,0.85,2,Stable,1,4,1
S02105,Female,Multimedia Communication,EntranceExam,2.11,1.7,1.37,1.62,1.7,125,2,0,1,0.86,2,Stable,1,4,1
S02106,Male,Artificial Intelligence,DirectAdmission,2.34,2.41,2.46,1.98,2.3,130,3,0,0.72,0.72,1,Average,0,6,0
S02107,Male,Information Technology,EntranceExam,2.44,2.58,2.36,2.2,2.39,130,1,0,0.93,0.91,0,Stable,1,4,0
S02108,Female,Information Security,EntranceExam,3.67,2.97,3.65,3.29,3.4,130,0,0,0.8,1,1,Average,1,4,0
S02109,Male,Multimedia Technology,DirectAdmission,1.93,1.97,2.16,1.79,1.96,125,3,1,0.77,0.65,1,Difficult,0,8,0
S02110,Male,Information Technology,EntranceExam,2.38,3.6,3.47,2.85,3.08,130,0,0,0.9,0.61,3,Average,1,4,0
S02111,Female,Marketing,EntranceExam,2.7,2.55,2.53,2.13,2.48,120,0,0,0.96,0.75,0,Stable,1,4,1
S02112,Female,Game Design and Development,EntranceExam,2.93,2.84,2.8,2.49,2.76,140,3,0,0.75,0.8,2,Difficult,0,5,0
S02113,Female,Game Design and Development,EntranceExam,2.32,2.55,2.71,3.09,2.67,140,2,2,0.65,0.65,3,Average,0,7,1
S02114,Male,Multimedia Technology,DirectAdmission,3.11,2.98,3.44,2.83,3.09,125,0,1,0.81,0.7,1,Stable,1,4,1
S02115,Female,Notary Relations,EntranceExam,1.63,2.1,1.66,1.69,1.77,125,6,0,0.92,0.76,1,Stable,0,8,1
S02116,Female,Artificial Intelligence,EntranceExam,2.08,2.47,2.12,2.44,2.28,130,2,0,0.95,1,2,Stable,1,4,1
S02117,Female,Computer Science,DirectAdmission,2.36,2.58,2.62,2.52,2.52,130,1,0,0.84,0.86,0,Stable,1,4,1
S02118,Male,Accounting,EntranceExam,2.85,2.45,2.97,2.87,2.78,130,0,0,0.95,0.79,2,Average,1,4,0
S02119,Female,Information Security,EntranceExam,2.45,2,2.5,2.54,2.37,130,4,0,0.68,0.79,2,Stable,0,6,0
S02120,Female,Artificial Intelligence,DirectAdmission,2.5,2.86,2.75,3.61,2.93,130,0,0,0.99,0.81,0,Average,1,4,0
S02121,Female,Computer Science,DirectAdmission,2.87,3.08,3.51,3.71,3.29,130,0,0,0.88,0.94,2,Average,1,4,0
S02122,Female,Information Technology,EntranceExam,2.23,1.9,2.44,2.28,2.21,130,1,0,0.88,0.81,1,Stable,1,4,1
S02123,Male,Multimedia Technology,EntranceExam,1.78,2.31,2.86,2.67,2.4,125,1,0,0.9,0.75,2,Stable,1,4,0
S02124,Female,Accounting,EntranceExam,2.28,3.11,3.13,2.75,2.82,130,0,0,0.83,0.88,2,Stable,1,4,0
S02125,Male,Information Technology,DirectAdmission,2.19,2.19,2.14,2.61,2.28,130,1,0,0.79,0.87,0,Average,0,5,0
S02126,Male,Artificial Intelligence,EntranceExam,2.42,2.97,3.09,2.99,2.87,130,0,0,0.87,0.86,2,Stable,1,4,0
S02127,Male,Accounting,DirectAdmission,2.68,2.89,2.54,3.01,2.78,130,1,0,0.82,1,0,Stable,1,4,0
S02128,Female,Artificial Intelligence,EntranceExam,1.9,1.58,2.04,1.68,1.8,130,5,0,0.84,0.73,0,Average,0,5,0
S02129,Male,Information Technology,EntranceExam,2.55,2.46,2.56,2.86,2.61,130,0,1,0.88,0.88,0,Stable,1,4,0
S02130,Male,Computer Science,EntranceExam,2.98,3,3.11,2.76,2.96,130,0,0,0.81,0.68,3,Average,1,4,0
S02131,Male,Game Design and Development,EntranceExam,2.6,2.88,2.81,2.44,2.68,140,0,0,0.85,1,0,Average,1,4,0
S02132,Male,E-commerce,EntranceExam,2.78,2.88,2.34,2.39,2.6,125,2,0,0.8,0.84,0,Difficult,0,5,0
S02133,Male,Information Security,EntranceExam,2.06,2.64,2.96,2.91,2.64,130,1,0,0.88,0.95,2,Average,1,4,0
S02134,Male,Automation,DirectAdmission,1.9,2.15,2.49,2.36,2.22,140,7,0,0.77,0.76,3,Stable,0,7,0
S02135,Female,Multimedia Communication,EntranceExam,2.03,2.51,2.73,2.83,2.52,125,1,0,0.88,0.89,1,Average,1,4,1
S02136,Female,Multimedia Communication,EntranceExam,3.19,3.17,2.45,3.35,3.04,125,0,0,0.87,0.8,1,Stable,1,4,0
S02137,Male,Accounting,EntranceExam,1.83,2.43,2.34,2.18,2.19,130,2,0,0.74,0.78,2,Stable,0,5,0
S02138,Male,Information Security,EntranceExam,3.38,3.64,3.26,3.44,3.43,130,1,0,0.97,0.9,1,Stable,1,4,1
S02139,Male,Financial Technology (Fintech),EntranceExam,0.95,1.17,1.62,1.21,1.24,130,8,0,0.67,0.74,5,Stable,0,6,0
S02140,Female,Information Technology,EntranceExam,2.24,1.95,2.74,1.89,2.2,130,3,0,0.75,0.8,3,Stable,0,5,1
S02141,Female,Computer Science,EntranceExam,3.07,3.21,2.38,2.96,2.9,130,0,0,0.82,0.78,2,Stable,1,4,1
S02142,Female,Journalism,EntranceExam,2.32,2.48,2.72,2.92,2.61,120,5,0,0.72,0.91,1,Average,0,6,1
S02143,Male,Artificial Intelligence,DirectAdmission,3.35,3.13,3.31,3.48,3.32,130,1,1,0.91,0.66,4,Stable,1,4,1
S02144,Male,Computer Science,DirectAdmission,1.79,2.68,2.52,2.34,2.33,130,7,0,0.81,0.77,1,Difficult,0,5,0
S02145,Male,Multimedia Technology,EntranceExam,3.29,3.71,3.49,3.13,3.4,125,0,0,1,0.84,1,Average,1,4,1
S02146,Male,Multimedia Communication,EntranceExam,2.16,1.84,1.86,2.17,2.01,125,2,0,0.89,0.8,0,Difficult,0,6,0
S02147,Female,Computer Science,EntranceExam,2.81,2.65,2.81,2.42,2.67,130,0,0,0.93,0.73,1,Stable,1,4,1
S02148,Male,Computer Science,EntranceExam,1.83,2.49,1.78,2.09,2.05,130,4,0,0.83,0.77,1,Stable,0,6,0
S02149,Female,Accounting,EntranceExam,2.82,2.86,2.76,2.08,2.63,130,1,0,0.8,0.96,1,Stable,1,4,1
S02150,Male,Information Security,EntranceExam,3.39,3.98,3.65,3.69,3.68,130,0,0,0.8,0.64,3,Difficult,1,4,1
S02151,Male,Game Design and Development,EntranceExam,3.29,2.62,2.64,3.13,2.92,140,0,0,0.85,0.63,1,Stable,1,4,0
S02152,Female,Multimedia Communication,EntranceExam,2.78,2.86,2.66,2.68,2.74,125,1,0,0.92,0.84,1,Stable,1,4,1
S02153,Male,Information Technology,EntranceExam,2.71,2.82,2.8,2.93,2.81,130,1,0,0.8,0.69,1,Stable,1,4,0
S02154,Male,Information Security,EntranceExam,2.68,2.61,2.6,2.62,2.63,130,4,0,0.87,0.61,1,Average,0,7,0
S02155,Male,Game Design and Development,EntranceExam,2.69,2.73,3.43,2.99,2.96,140,0,0,0.83,0.8,1,Stable,1,4,0
S02156,Female,Financial Technology (Fintech),EntranceExam,2.37,3.04,2.09,1.77,2.32,130,0,0,0.88,0.82,1,Stable,1,4,1
S02157,Male,Game Design and Development,EntranceExam,2.79,2.91,3.48,2.92,3.02,140,0,0,0.82,0.74,2,Difficult,1,4,0
S02158,Male,E-commerce,EntranceExam,3.68,4,3.68,4,3.84,125,0,1,0.96,0.86,2,Average,1,4,1
S02159,Female,Automation,DirectAdmission,2.86,3.3,2.87,3.31,3.09,140,2,0,0.85,0.77,1,Difficult,1,4,0
S02160,Male,Information Security,EntranceExam,2.81,3,3.04,2.99,2.96,130,0,0,0.82,0.85,2,Stable,1,4,0
S02161,Female,Journalism,DirectAdmission,3.5,3.66,3.89,4,3.76,120,0,0,0.86,1,1,Average,1,4,0
S02162,Male,Automation,EntranceExam,2.26,2.67,1.95,2.21,2.27,140,1,1,0.99,0.9,2,Average,0,8,0
S02163,Female,Notary Relations,EntranceExam,1.59,1.84,2.39,2.06,1.97,125,3,0,0.78,0.8,1,Difficult,0,6,0
S02164,Female,Financial Technology (Fintech),EntranceExam,2.14,2.4,2.64,2.56,2.44,130,2,0,0.77,0.74,1,Stable,0,6,1
S02165,Female,Business Administration,EntranceExam,2.91,2.55,3.53,3.09,3.02,120,0,0,1,0.8,3,Average,1,4,1
S02166,Female,Computer Science,EntranceExam,2.52,2.76,3.47,3.39,3.04,130,0,0,0.86,0.76,3,Stable,1,4,1
S02167,Female,Information Security,EntranceExam,1.92,2.12,1.88,1.34,1.82,130,8,0,0.85,0.88,2,Stable,0,5,1
S02168,Female,Computer Science,DirectAdmission,2.07,2.08,2.01,1.69,1.96,130,6,0,0.89,0.84,1,Stable,0,5,0
S02169,Female,Information Security,EntranceExam,2.61,3.22,3.55,3.44,3.2,130,0,0,0.91,0.82,0,Stable,1,4,0
S02170,Female,Business Administration,EntranceExam,2.36,2.54,2.47,2.67,2.51,120,1,0,0.88,0.89,2,Stable,1,4,1
S02171,Female,Business Administration,DirectAdmission,3.62,3.52,3.89,3.29,3.58,120,0,0,0.93,0.71,0,Stable,1,4,0
S02172,Male,Accounting,EntranceExam,2.54,2.5,3.13,2.92,2.77,130,0,0,0.82,0.69,2,Average,1,4,0
S02173,Male,Information Technology,EntranceExam,3.02,3.08,2.59,1.99,2.67,130,0,0,0.98,0.98,3,Stable,1,4,0
S02174,Male,Multimedia Communication,EntranceExam,3.13,3.31,2.66,3.28,3.1,125,0,0,0.82,0.64,0,Stable,1,4,0
S02175,Male,Multimedia Communication,EntranceExam,2.74,2.79,2.35,2.04,2.48,125,2,0,0.82,0.64,2,Average,0,5,0
S02176,Female,Multimedia Technology,EntranceExam,3.04,2.97,2.85,2.31,2.79,125,0,0,0.9,1,1,Stable,1,4,1
S02177,Male,Game Design and Development,EntranceExam,3.34,2.9,2.86,3.57,3.17,140,0,0,0.83,0.9,1,Stable,1,4,1
S02178,Female,Journalism,EntranceExam,2.94,2.71,3.15,2.55,2.84,120,0,0,0.85,0.9,0,Average,1,4,1
S02179,Male,Artificial Intelligence,DirectAdmission,2.97,2.7,2.76,2.84,2.82,130,0,0,0.93,0.73,0,Average,1,4,0
S02180,Male,Business Administration,EntranceExam,1.83,2.37,2.5,1.95,2.16,120,3,0,0.88,0.75,1,Stable,0,6,0
S02181,Male,Information Technology,EntranceExam,3.14,2.59,2.74,2.21,2.67,130,0,0,0.9,0.96,1,Average,1,4,0
S02182,Female,Information Security,EntranceExam,2.74,2.61,2.85,2.7,2.72,130,0,0,0.93,0.93,2,Stable,1,4,1
S02183,Male,Financial Technology (Fintech),EntranceExam,2.2,3.13,2.58,2.96,2.72,130,2,0,0.75,0.83,3,Difficult,0,7,0
S02184,Male,E-commerce,DirectAdmission,2.66,3.47,2.64,3.31,3.02,125,0,0,0.8,0.68,2,Average,1,4,0
S02185,Female,Artificial Intelligence,EntranceExam,1.43,1.65,2.28,2.47,1.96,130,6,1,0.93,0.57,1,Stable,0,5,0
S02186,Female,Artificial Intelligence,EntranceExam,2.93,3.14,2.7,2.78,2.89,130,0,0,0.82,0.72,2,Average,1,4,1
S02187,Female,Information Security,EntranceExam,1.94,2.1,2.53,2.06,2.16,130,2,0,1,0.87,1,Average,0,6,1
S02188,Male,Artificial Intelligence,EntranceExam,3.08,2.46,2.69,2.44,2.67,130,0,0,0.95,0.87,1,Average,1,4,0
S02189,Male,Game Design and Development,EntranceExam,2.03,1.9,1.91,1.77,1.9,140,6,1,0.77,1,3,Stable,0,6,0
S02190,Male,Financial Technology (Fintech),EntranceExam,2.66,2.9,2.95,2.73,2.81,130,0,0,0.9,0.89,3,Stable,1,4,0
S02191,Male,Automation,EntranceExam,2.55,2.02,2.39,2.55,2.38,140,0,0,0.87,0.82,4,Average,0,6,0
S02192,Female,Multimedia Technology,EntranceExam,2.43,2.18,3.01,2.22,2.46,125,2,0,0.89,0.9,0,Average,1,4,1
S02193,Female,Information Technology,EntranceExam,1.99,2.07,2.51,1.92,2.12,130,2,0,0.92,0.8,0,Stable,0,8,1
S02194,Female,Automation,EntranceExam,2.77,2.06,2.44,2.89,2.54,140,0,0,0.91,0.79,2,Stable,1,4,1
S02195,Male,Marketing,EntranceExam,2.3,2.5,2.46,2.9,2.54,120,1,0,0.68,0.56,4,Stable,0,6,0
S02196,Female,Computer Science,DirectAdmission,3.62,4,3.34,3.5,3.62,130,0,0,0.92,0.81,1,Stable,1,4,0
S02197,Female,E-commerce,EntranceExam,2.73,3.28,2.46,2.93,2.85,125,0,0,0.93,0.84,2,Stable,1,4,0
S02198,Male,Multimedia Communication,EntranceExam,2.79,2.86,3.03,2.67,2.84,125,0,0,0.89,0.82,1,Average,1,4,0
S02199,Female,Computer Science,EntranceExam,1.4,1.1,1.54,1.34,1.34,130,2,0,0.95,1,1,Average,0,7,1
S02200,Male,Artificial Intelligence,EntranceExam,1.75,1.97,2.26,1.59,1.89,130,7,1,0.79,0.92,1,Average,0,5,0
S02201,Female,Multimedia Communication,EntranceExam,3.26,3.04,3.43,3.14,3.22,125,0,0,0.85,0.75,0,Stable,1,4,0
S02202,Female,Business Administration,EntranceExam,2.84,2.65,3.19,2.63,2.83,120,1,0,0.84,0.75,0,Stable,1,4,1
S02203,Female,Accounting,EntranceExam,2.34,2.54,2.54,2.61,2.51,130,3,0,0.78,0.95,0,Average,0,5,1
S02204,Female,Multimedia Technology,EntranceExam,2.81,3.28,2.79,2.82,2.92,125,0,0,0.95,0.61,0,Stable,1,4,0
S02205,Female,Automation,EntranceExam,3.07,2.82,3.32,2.87,3.02,140,0,0,0.82,0.89,0,Stable,1,4,1
S02206,Male,Business Administration,EntranceExam,2.53,2.83,2.94,2.26,2.64,120,0,0,0.85,0.76,0,Stable,1,4,0
S02207,Female,Game Design and Development,EntranceExam,2.32,2.23,2.52,2.71,2.45,140,0,0,0.94,1,0,Stable,1,4,1
S02208,Male,Information Technology,EntranceExam,2.6,3.12,2.78,3.29,2.95,130,0,0,0.89,0.8,0,Stable,1,4,0
S02209,Male,E-commerce,DirectAdmission,2.45,2.51,2.6,2.24,2.45,125,4,0,0.64,0.6,3,Difficult,0,5,0
S02210,Female,Information Technology,EntranceExam,2.32,2.13,2.64,2.4,2.37,130,2,0,1,0.97,3,Stable,1,4,1
S02211,Female,Game Design and Development,EntranceExam,1.76,1.95,1.98,1.9,1.9,140,2,1,0.76,0.6,3,Stable,0,7,0
S02212,Female,Computer Science,DirectAdmission,2.49,2.53,2.21,3.09,2.58,130,2,0,0.88,0.64,3,Average,1,4,1
S02213,Female,Journalism,EntranceExam,2.89,3.23,2.33,3.05,2.88,120,1,0,0.76,0.67,2,Difficult,0,5,1
S02214,Female,Marketing,EntranceExam,1.91,2.2,2.17,1.88,2.04,120,3,0,0.9,0.81,2,Stable,1,4,1
S02215,Male,Information Security,EntranceExam,1.7,2.76,2.56,2.51,2.38,130,0,0,0.93,0.86,3,Stable,1,4,0
S02216,Female,Information Technology,DirectAdmission,1.83,2.18,2.05,2.23,2.07,130,1,0,1,0.89,0,Average,0,6,1
S02217,Male,Business Administration,EntranceExam,2.07,1.61,1.59,1.54,1.7,120,7,0,0.93,0.96,0,Stable,0,8,0
S02218,Male,Financial Technology (Fintech),DirectAdmission,2.4,2.74,2.51,2.27,2.48,130,4,0,0.82,0.54,0,Average,0,6,0
S02219,Male,Notary Relations,EntranceExam,2.27,2.49,2.36,2.94,2.51,125,2,0,0.87,0.89,2,Stable,1,4,0
S02220,Male,Computer Science,EntranceExam,2.24,1.81,1.97,2.31,2.08,130,2,0,0.68,0.82,1,Average,0,5,0
S02221,Male,Multimedia Communication,EntranceExam,1.71,1.69,1.17,1.55,1.53,125,7,0,0.82,0.76,0,Stable,0,6,0
S02222,Male,Multimedia Technology,DirectAdmission,3.25,3.39,3.22,3.12,3.24,125,0,0,0.84,0.75,2,Stable,1,4,1
S02223,Male,Multimedia Technology,EntranceExam,2.3,1.92,2.56,2.45,2.31,125,0,0,0.84,0.71,1,Stable,0,6,0
S02224,Male,Information Technology,EntranceExam,2.46,3.08,3.01,3.01,2.89,130,2,0,0.82,0.86,3,Average,0,5,0
S02225,Female,Business Administration,EntranceExam,3.23,3.14,3.42,3.44,3.31,120,0,0,0.84,0.76,0,Average,1,4,0
S02226,Female,Multimedia Communication,DirectAdmission,2.68,2.55,3.09,3.09,2.85,125,0,0,0.81,0.92,0,Stable,1,4,1
S02227,Male,Automation,DirectAdmission,2.88,3.64,3.29,2.85,3.16,140,0,0,0.9,0.78,1,Stable,1,4,1
S02228,Male,Notary Relations,EntranceExam,2.13,2.56,2.17,2.78,2.41,125,0,0,0.8,0.85,2,Average,1,4,0
S02229,Female,Game Design and Development,EntranceExam,1.98,2.1,1.82,1.47,1.84,140,5,0,0.89,0.94,1,Difficult,0,6,1
S02230,Female,E-commerce,EntranceExam,1.59,1.79,1.56,1.78,1.68,125,7,0,0.97,0.78,3,Stable,0,7,1
S02231,Male,Information Technology,EntranceExam,2.71,3.03,2.82,3.43,3,130,0,0,0.87,0.96,2,Stable,1,4,1
S02232,Male,Automation,EntranceExam,2.47,2.67,2.53,2.87,2.64,140,1,0,0.82,0.87,1,Stable,1,4,0
S02233,Female,Financial Technology (Fintech),EntranceExam,2.8,3.1,2.18,2.84,2.73,130,0,0,0.93,0.97,0,Stable,1,4,1
S02234,Female,Multimedia Communication,DirectAdmission,3.22,3.18,3.17,2.97,3.14,125,0,0,0.83,0.71,0,Stable,1,4,1
S02235,Male,Information Security,DirectAdmission,3.06,3.71,3.56,3.35,3.42,130,0,0,0.84,0.85,3,Average,1,4,1
S02236,Female,Automation,DirectAdmission,1.18,2.39,1.97,2.14,1.92,140,5,2,0.77,0.79,1,Average,0,6,1
S02237,Male,Game Design and Development,EntranceExam,3.13,3.25,3.42,4,3.45,140,1,0,0.87,0.95,3,Average,1,4,1
S02238,Female,Marketing,EntranceExam,2.97,2.98,2.54,2.51,2.75,120,1,0,0.68,0.63,3,Stable,0,6,1
S02239,Male,Financial Technology (Fintech),EntranceExam,1.77,2.49,2.37,2.57,2.3,130,1,0,0.76,0.64,2,Difficult,0,8,0
S02240,Female,Automation,EntranceExam,3.3,3.07,2.71,3.47,3.14,140,0,0,1,0.73,1,Average,1,4,0
S02241,Female,Financial Technology (Fintech),EntranceExam,2.28,2.36,2.19,1.74,2.14,130,4,0,0.9,0.87,2,Average,0,5,1
S02242,Female,Multimedia Communication,EntranceExam,1.64,1.28,1.33,2.02,1.57,125,7,0,0.71,0.74,1,Average,0,7,1
S02243,Female,E-commerce,DirectAdmission,3.03,2.79,3.06,3.55,3.11,125,0,0,0.85,0.93,0,Stable,1,4,1
S02244,Female,Information Security,DirectAdmission,2.45,2.88,2.53,2.45,2.58,130,0,0,0.81,0.99,1,Stable,1,4,1
S02245,Female,Multimedia Technology,EntranceExam,2.75,2.78,3.1,2.9,2.88,125,0,0,0.86,0.89,3,Average,1,4,1
S02246,Male,Information Technology,EntranceExam,2.59,1.87,2.52,2.17,2.29,130,5,1,0.82,0.69,5,Stable,0,7,0
S02247,Female,Journalism,EntranceExam,2.65,2.45,2.58,2.41,2.52,120,0,0,0.83,0.75,1,Average,1,4,1
S02248,Female,Automation,EntranceExam,2.79,2.65,1.84,2.25,2.38,140,0,0,0.85,0.69,1,Stable,1,4,1
S02249,Female,Information Technology,EntranceExam,2.12,2.51,3.11,2.38,2.53,130,0,0,0.89,0.9,0,Average,1,4,1
S02250,Female,Information Security,EntranceExam,2.7,2.79,2.7,3.33,2.88,130,1,0,0.74,0.8,4,Difficult,0,5,1
S02251,Female,Financial Technology (Fintech),EntranceExam,2.72,2.75,3.07,3.07,2.9,130,0,0,0.98,0.91,0,Stable,1,4,0
S02252,Male,Marketing,DirectAdmission,2.37,2.48,2.64,2.6,2.52,120,0,0,0.96,0.89,1,Stable,1,4,0
S02253,Female,Information Technology,EntranceExam,1.12,2.33,1.22,2.32,1.75,130,5,0,0.91,0.66,2,Average,0,7,1
S02254,Female,Journalism,EntranceExam,2.19,2.11,2.21,2.56,2.27,120,1,0,0.87,0.72,4,Stable,1,4,1
S02255,Male,Artificial Intelligence,EntranceExam,2.65,3.54,3.02,2.92,3.03,130,0,0,0.95,0.71,1,Stable,1,4,1
S02256,Female,Accounting,EntranceExam,2.94,3.28,2.93,3.06,3.05,130,3,0,0.72,0.69,2,Difficult,0,5,1
S02257,Male,Notary Relations,EntranceExam,1.94,2.08,1.92,1.95,1.97,125,3,2,0.77,0.78,0,Average,0,5,0
S02258,Female,Information Security,EntranceExam,1.84,2.45,2.21,2.49,2.25,130,0,0,0.85,1,5,Average,1,4,1
S02259,Male,Information Technology,EntranceExam,2.77,3.12,3.15,2.85,2.97,130,0,1,0.96,0.97,0,Average,1,4,1
S02260,Female,Marketing,EntranceExam,0.34,0.64,1.04,0.99,0.75,120,6,0,0.85,1,0,Stable,0,6,1
S02261,Female,Computer Science,EntranceExam,2.36,2.53,1.99,2.61,2.37,130,0,0,0.82,0.8,2,Stable,1,4,0
S02262,Male,E-commerce,EntranceExam,1.47,1.79,1.85,1.61,1.68,125,5,0,0.8,0.9,1,Stable,0,6,0
S02263,Male,Journalism,DirectAdmission,3.38,3.24,2.78,3.23,3.16,120,0,0,0.86,0.93,2,Average,1,4,1
S02264,Female,Multimedia Communication,EntranceExam,2.7,2.89,3.06,3.16,2.95,125,0,0,0.85,0.72,1,Average,1,4,1
S02265,Female,Artificial Intelligence,EntranceExam,1.41,2.1,1.94,1.67,1.78,130,3,1,0.73,0.88,2,Stable,0,6,1
S02266,Female,Multimedia Communication,EntranceExam,2.55,2.72,2.85,2.74,2.72,125,1,0,0.9,0.76,1,Average,1,4,1
S02267,Female,Computer Science,DirectAdmission,2.43,2.91,2.41,2.76,2.63,130,1,0,0.85,0.91,3,Difficult,0,5,1
S02268,Female,Multimedia Communication,DirectAdmission,3.1,2.61,2.47,2.93,2.78,125,1,0,0.9,0.94,2,Stable,1,4,1
S02269,Male,Information Security,EntranceExam,2.57,2.62,2.82,3.02,2.76,130,3,0,0.74,0.67,2,Difficult,0,6,0
S02270,Male,Multimedia Technology,EntranceExam,1.34,1.83,1.27,1.68,1.53,125,1,1,0.91,0.93,2,Stable,0,5,0
S02271,Female,Multimedia Communication,EntranceExam,1.61,1.72,2.08,1.34,1.69,125,5,1,0.92,1,1,Average,0,5,1
S02272,Female,Computer Science,EntranceExam,2.18,3.09,2.87,2.44,2.64,130,1,0,0.93,0.97,3,Stable,1,4,1
S02273,Male,Information Technology,DirectAdmission,3.14,3.19,2.89,3.55,3.19,130,3,1,0.86,0.76,2,Stable,0,7,1
S02274,Male,Multimedia Technology,EntranceExam,2.21,2.51,2.05,1.64,2.1,125,3,0,0.81,0.76,1,Average,0,5,0
S02275,Female,Notary Relations,EntranceExam,1.68,2.2,1.53,1.38,1.7,125,8,1,0.81,0.55,4,Stable,0,5,1
S02276,Female,Financial Technology (Fintech),EntranceExam,2.01,2.16,2,2.85,2.26,130,1,0,0.89,0.68,1,Average,1,4,1
S02277,Male,Multimedia Communication,DirectAdmission,2.67,2.8,2.69,2.52,2.67,125,2,0,0.85,0.69,2,Stable,1,4,0
S02278,Female,Information Security,EntranceExam,2.28,2.49,2.33,2.88,2.5,130,1,0,0.9,0.73,0,Stable,1,4,1
S02279,Male,E-commerce,EntranceExam,2.68,3.23,3.08,2.61,2.9,125,2,0,0.95,0.81,2,Average,1,4,0
S02280,Male,E-commerce,EntranceExam,2.15,1.7,2.45,1.86,2.04,125,1,0,0.9,0.98,1,Average,1,4,0
S02281,Female,Notary Relations,EntranceExam,2.71,2.18,2.51,2.01,2.35,125,1,1,0.9,0.72,1,Average,0,5,1
S02282,Female,Information Technology,EntranceExam,1.87,2.3,2.38,1.98,2.13,130,2,0,0.76,0.96,2,Average,0,6,1
S02283,Female,Computer Science,EntranceExam,1.8,1.67,1.72,1.97,1.79,130,5,0,0.68,0.69,1,Stable,0,8,1
S02284,Male,Multimedia Technology,EntranceExam,1.99,2.66,2.62,2.88,2.54,125,2,0,0.8,0.88,2,Difficult,0,6,0
S02285,Male,Accounting,EntranceExam,2.12,2.32,1.88,1.87,2.05,130,2,0,0.96,0.78,3,Stable,1,4,0
S02286,Female,Financial Technology (Fintech),EntranceExam,3.1,2.9,3.38,2.45,2.96,130,1,1,0.79,0.76,2,Average,0,6,1
S02287,Female,Information Technology,DirectAdmission,2.04,2.82,3.04,2.75,2.66,130,3,0,0.81,0.83,3,Average,0,7,1
S02288,Female,Computer Science,DirectAdmission,2.36,1.96,2.19,1.93,2.11,130,0,0,0.83,0.7,1,Stable,0,5,1
S02289,Male,Information Technology,EntranceExam,2.54,2.48,2.97,2.6,2.65,130,0,0,1,0.71,1,Stable,1,4,0
S02290,Male,Business Administration,DirectAdmission,3.22,2.77,2.67,2.56,2.8,120,0,0,0.9,0.77,2,Stable,1,4,0
S02291,Female,Business Administration,EntranceExam,2.86,2.72,2.53,2.84,2.74,120,0,0,0.89,0.76,0,Stable,1,4,1
S02292,Female,Information Security,EntranceExam,2.63,2.36,2.71,2.36,2.52,130,0,0,0.94,0.94,0,Stable,1,4,1
S02293,Female,Journalism,EntranceExam,1.62,2.43,2.2,2.33,2.15,120,3,0,0.78,0.65,2,Average,0,5,0
S02294,Male,Computer Science,DirectAdmission,2.02,2.14,2.59,1.91,2.16,130,3,0,0.98,0.87,1,Stable,1,4,0
S02295,Female,Multimedia Technology,EntranceExam,1.94,2.67,2.63,3.36,2.65,125,0,0,0.99,1,3,Average,1,4,1
S02296,Male,Information Security,EntranceExam,2.58,3.25,2.9,2.58,2.83,130,0,0,0.87,0.89,2,Stable,1,4,0
S02297,Female,Information Technology,EntranceExam,2.93,2.6,3.05,2.7,2.82,130,3,0,0.62,0.75,0,Difficult,0,8,1
S02298,Male,Financial Technology (Fintech),EntranceExam,2.84,3.04,2.03,2.39,2.58,130,0,0,0.92,0.77,0,Stable,1,4,0
S02299,Male,Financial Technology (Fintech),EntranceExam,2.84,3.39,4,2.87,3.28,130,0,0,1,0.79,2,Stable,1,4,1
S02300,Female,Information Technology,EntranceExam,2.91,3.44,4,3.19,3.38,130,2,0,0.85,0.8,1,Stable,1,4,0
S02301,Female,Business Administration,DirectAdmission,3.27,2.81,2.53,2.5,2.78,120,6,1,0.68,0.91,3,Average,0,5,1
S02302,Female,Computer Science,EntranceExam,3.86,3.74,3.99,4,3.9,130,0,0,0.85,0.62,1,Stable,1,4,1
S02303,Male,Information Technology,EntranceExam,2.64,2.49,2.49,2.38,2.5,130,1,0,0.99,0.8,3,Average,0,6,0
S02304,Male,Multimedia Communication,EntranceExam,2.44,3.08,2.79,2.75,2.76,125,1,0,0.89,0.98,1,Stable,1,4,0
S02305,Female,Business Administration,EntranceExam,1.52,1.51,1.65,1.95,1.66,120,3,1,0.81,0.9,0,Stable,0,7,1
S02306,Female,Game Design and Development,EntranceExam,2.83,3.53,2.97,3.26,3.15,140,0,0,0.86,0.95,0,Stable,1,4,1
S02307,Female,Information Technology,DirectAdmission,1.44,1.31,1.45,1.61,1.45,130,6,1,1,0.98,0,Average,0,7,0
S02308,Female,Marketing,EntranceExam,2.33,1.52,1.77,2.23,1.96,120,5,0,0.66,0.58,6,Stable,0,7,1
S02309,Female,Information Technology,EntranceExam,1.45,2.19,1.44,1.72,1.7,130,3,2,0.83,0.74,3,Stable,0,6,1
S02310,Female,Multimedia Technology,DirectAdmission,2.87,3.27,3.06,3,3.05,125,1,0,0.86,0.73,3,Average,1,4,0
S02311,Male,E-commerce,DirectAdmission,2.71,3.1,2.79,2.79,2.85,125,1,0,0.91,0.75,3,Stable,1,4,0
S02312,Male,Notary Relations,EntranceExam,3.11,3.45,3.03,3.29,3.22,125,2,1,0.91,0.76,5,Stable,1,4,1
S02313,Male,Financial Technology (Fintech),EntranceExam,2.95,3.25,3.44,2.83,3.12,130,0,0,0.8,0.88,2,Stable,1,4,1
S02314,Male,Information Technology,EntranceExam,1.98,2.5,2.61,2.82,2.48,130,1,0,0.97,0.64,1,Stable,1,4,0
S02315,Male,Business Administration,EntranceExam,2.8,3.17,2.51,3.15,2.91,120,1,0,0.93,0.98,2,Difficult,1,4,1
S02316,Female,Multimedia Communication,EntranceExam,3.02,2.7,3.66,2.98,3.09,125,0,0,0.88,1,2,Stable,1,4,0
S02317,Female,Information Security,EntranceExam,1.91,2.56,2.31,2.35,2.28,130,1,0,0.98,0.92,2,Stable,1,4,1
S02318,Male,Marketing,EntranceExam,1.87,2.69,2.35,2.61,2.38,120,0,0,0.89,0.82,2,Average,0,5,0
S02319,Female,Marketing,EntranceExam,3.31,3.25,3.03,2.68,3.07,120,0,0,0.99,0.88,0,Average,1,4,1
S02320,Female,Multimedia Technology,EntranceExam,2.29,2.12,2.12,3.2,2.43,125,3,0,0.8,0.7,2,Average,0,5,1
S02321,Male,Information Security,EntranceExam,1.86,2.55,3.2,2.86,2.62,130,1,0,0.89,0.81,0,Stable,1,4,0
S02322,Male,Information Security,EntranceExam,2.3,2.67,2.1,2.49,2.39,130,2,0,0.69,0.62,0,Difficult,0,5,0
S02323,Male,Accounting,EntranceExam,3.19,3.13,3.1,3.66,3.27,130,1,0,0.83,0.89,2,Stable,1,4,1
S02324,Female,Multimedia Communication,DirectAdmission,3.14,3.34,3.78,3.52,3.44,125,0,0,0.96,0.99,4,Average,1,4,0
S02325,Male,Automation,EntranceExam,1.6,2.5,2.17,2.01,2.07,140,4,1,0.92,0.82,1,Average,0,6,0
S02326,Male,Journalism,DirectAdmission,1.68,2.14,1.95,2.54,2.08,120,0,0,0.89,0.83,0,Stable,1,4,0
S02327,Female,Financial Technology (Fintech),EntranceExam,2.75,3.06,3.46,2.42,2.92,130,0,0,0.93,0.74,3,Stable,1,4,1
S02328,Male,Multimedia Communication,EntranceExam,2.41,3,2.76,2.83,2.75,125,0,0,0.76,0.81,2,Average,0,5,0
S02329,Male,Business Administration,DirectAdmission,1.55,1.84,1.85,2.52,1.94,120,4,1,0.93,0.83,1,Difficult,0,6,0
S02330,Female,E-commerce,EntranceExam,2.7,2.6,2.74,2.82,2.72,125,0,0,0.89,0.86,2,Stable,1,4,1
S02331,Male,Marketing,EntranceExam,2.38,2.91,2.4,3.04,2.68,120,0,0,0.82,0.71,4,Stable,1,4,0
S02332,Female,Artificial Intelligence,EntranceExam,2.48,2.76,3.13,2.18,2.64,130,0,0,0.82,0.85,2,Stable,1,4,1
S02333,Female,Computer Science,EntranceExam,3.33,3.26,3.08,3.5,3.29,130,0,0,0.87,0.86,1,Average,1,4,0
S02334,Male,E-commerce,EntranceExam,1.76,1.44,2.28,2.05,1.88,125,4,0,0.84,0.6,1,Stable,0,8,0
S02335,Male,Marketing,EntranceExam,2.92,2.92,2.85,3.23,2.98,120,1,0,0.87,0.94,1,Stable,1,4,1
S02336,Female,Automation,EntranceExam,2.59,3.2,2.86,2.94,2.9,140,1,0,0.85,0.85,2,Stable,1,4,1
S02337,Male,Accounting,EntranceExam,1.64,1.96,2.21,1.76,1.89,130,8,1,0.87,0.83,1,Stable,0,8,0
S02338,Male,Game Design and Development,EntranceExam,2.5,2.54,2.79,2.44,2.57,140,0,0,0.89,0.92,2,Stable,1,4,0
S02339,Female,Game Design and Development,EntranceExam,2.43,3.02,2.42,2.65,2.63,140,4,0,0.68,0.76,2,Average,0,5,0
S02340,Male,Notary Relations,EntranceExam,1.81,1.67,1.9,1.91,1.82,125,2,1,0.73,0.84,1,Stable,0,6,0
S02341,Female,Computer Science,EntranceExam,2.15,2.6,2.13,2.42,2.33,130,1,0,0.82,0.94,0,Average,1,4,1
S02342,Female,Financial Technology (Fintech),EntranceExam,1.86,2.13,2.83,2.62,2.36,130,1,0,0.86,0.95,2,Stable,1,4,1
S02343,Female,Automation,EntranceExam,2.22,2.41,2.81,1.57,2.25,140,1,0,0.92,0.78,2,Stable,1,4,1
S02344,Female,Automation,DirectAdmission,3.28,2.9,3.03,3.18,3.1,140,0,0,0.87,0.83,1,Stable,1,4,0
S02345,Female,Multimedia Technology,EntranceExam,2.13,2.43,2.14,2.33,2.26,125,2,0,0.87,1,0,Stable,0,7,0
S02346,Female,Artificial Intelligence,EntranceExam,2.3,2.53,2.4,1.85,2.27,130,0,0,0.9,0.84,2,Stable,1,4,1
S02347,Male,Artificial Intelligence,DirectAdmission,1.96,2.21,2.46,2.48,2.28,130,0,0,0.87,0.65,5,Stable,0,5,0
S02348,Male,Marketing,DirectAdmission,1.77,1.8,1.6,1.5,1.67,120,5,0,0.76,0.95,1,Stable,0,6,0
S02349,Male,Information Security,DirectAdmission,2.82,2.68,2.45,3.11,2.76,130,2,0,0.99,1,0,Stable,1,4,0
S02350,Female,Game Design and Development,EntranceExam,1.93,1.46,1.72,2.28,1.85,140,5,0,0.91,0.73,3,Difficult,0,6,1
S02351,Male,Information Technology,EntranceExam,2.58,2.5,3.07,2.82,2.74,130,0,0,0.92,0.95,2,Average,1,4,0
S02352,Male,Information Technology,EntranceExam,2.6,3.36,2.82,3.18,2.99,130,0,0,0.89,0.7,1,Stable,1,4,1
S02353,Male,Computer Science,EntranceExam,2.35,2.57,2.31,2.73,2.49,130,3,0,0.71,0.77,2,Difficult,0,5,0
S02354,Female,Computer Science,EntranceExam,2.8,2.5,3.05,2.99,2.84,130,2,0,0.87,0.83,0,Stable,1,4,1
S02355,Male,Artificial Intelligence,EntranceExam,3.13,3.11,2.86,2.92,3,130,0,0,1,0.91,1,Stable,1,4,1
S02356,Male,E-commerce,EntranceExam,2.5,1.81,2.76,3.06,2.53,125,0,0,0.94,0.85,1,Stable,1,4,0
S02357,Male,Multimedia Technology,EntranceExam,2.9,2.51,2.97,2.99,2.84,125,0,1,0.89,0.88,2,Average,1,4,0
S02358,Male,Information Technology,EntranceExam,1.38,1.43,1.29,0.99,1.27,130,4,1,1,0.92,1,Stable,0,8,0
S02359,Male,Information Technology,EntranceExam,4,3.51,4,3.81,3.83,130,1,0,0.82,0.75,1,Stable,1,4,1
S02360,Female,Multimedia Communication,EntranceExam,2.76,3.33,3.44,2.64,3.04,125,0,0,0.87,0.92,0,Average,1,4,0
S02361,Female,Multimedia Communication,DirectAdmission,2.81,2.9,2.71,3.2,2.9,125,0,0,0.85,0.81,0,Stable,1,4,1
S02362,Male,Financial Technology (Fintech),EntranceExam,2.27,3.04,2.33,2.65,2.57,130,1,0,0.81,0.77,1,Average,1,4,0
S02363,Male,Automation,EntranceExam,2.43,3.33,3.35,2.76,2.97,140,3,0,0.77,0.76,3,Stable,0,6,0
S02364,Female,Artificial Intelligence,EntranceExam,1.94,2.29,2.07,2.01,2.08,130,4,0,0.78,0.75,2,Stable,0,5,1
S02365,Female,E-commerce,DirectAdmission,3.34,2.78,3.88,3.59,3.4,125,1,0,0.85,0.7,3,Stable,1,4,0
S02366,Female,Journalism,EntranceExam,2.57,2.71,2.9,2.75,2.73,120,3,0,0.86,0.74,0,Difficult,0,7,1
S02367,Female,Information Technology,EntranceExam,2.15,2.18,2.17,2.44,2.24,130,0,0,0.94,0.87,1,Stable,1,4,1
S02368,Female,Financial Technology (Fintech),EntranceExam,2.18,1.78,2.41,1.96,2.08,130,2,0,0.89,0.82,2,Average,0,8,1
S02369,Female,Financial Technology (Fintech),EntranceExam,3.06,3.42,3.2,3.27,3.24,130,0,0,0.83,0.87,0,Average,1,4,0
S02370,Female,Multimedia Technology,EntranceExam,2.85,2.94,3.02,3.15,2.99,125,1,0,0.83,0.83,2,Stable,1,4,1
S02371,Male,Marketing,EntranceExam,2.84,2.84,2.66,3.19,2.88,120,1,0,0.99,0.75,0,Average,1,4,0
S02372,Female,Automation,EntranceExam,1.38,1.4,1.4,1.33,1.38,140,4,0,0.88,0.82,1,Stable,0,5,0
S02373,Female,Business Administration,DirectAdmission,2.94,2.83,3.2,3.59,3.14,120,0,0,0.86,0.86,0,Stable,1,4,0
S02374,Female,Business Administration,EntranceExam,2.13,1.46,2.16,2.18,1.98,120,4,0,0.83,0.89,2,Stable,1,4,1
S02375,Female,Multimedia Communication,EntranceExam,2.47,2.36,2.37,3.09,2.57,125,1,0,0.94,0.71,1,Stable,1,4,1
S02376,Male,Journalism,EntranceExam,2.78,2.69,2.69,2.51,2.67,120,1,0,0.82,0.83,1,Average,0,5,0
S02377,Male,Accounting,EntranceExam,2.22,2.51,2.63,2.13,2.37,130,1,0,0.76,0.67,1,Average,0,6,0
S02378,Female,Information Technology,EntranceExam,1.29,1.38,1.62,1.77,1.52,130,3,0,0.71,0.74,1,Average,0,5,1
S02379,Female,Financial Technology (Fintech),EntranceExam,1.77,1.4,1.55,1.94,1.66,130,0,2,0.72,0.69,1,Stable,0,7,1
S02380,Female,Information Technology,EntranceExam,2.34,2.53,2.56,2.4,2.46,130,0,0,0.87,0.83,1,Stable,1,4,1
S02381,Male,Computer Science,EntranceExam,3.34,2.98,3.48,3.26,3.26,130,0,1,0.94,0.94,0,Average,1,4,1
S02382,Female,Information Technology,EntranceExam,2.09,2,3.02,2.28,2.35,130,1,0,0.8,0.73,5,Average,0,7,1
S02383,Female,E-commerce,EntranceExam,3.26,3.33,3.37,3.46,3.36,125,0,0,0.91,0.95,1,Stable,1,4,0
S02384,Female,Information Security,EntranceExam,2.3,2.17,2.52,2.4,2.35,130,0,0,0.87,0.85,1,Average,1,4,1
S02385,Male,Information Technology,EntranceExam,1.75,1.66,1.13,1.92,1.62,130,3,0,0.79,0.86,2,Stable,0,7,0
S02386,Male,Information Security,EntranceExam,3.13,2.8,3.28,3.39,3.15,130,0,0,0.82,0.86,2,Average,1,4,1
S02387,Male,Computer Science,EntranceExam,1.84,1.87,1.64,1.52,1.72,130,9,0,0.67,0.78,2,Stable,0,5,0
S02388,Male,Information Technology,EntranceExam,2.63,3.07,2.58,2.66,2.74,130,0,0,0.86,0.84,0,Average,1,4,0
S02389,Female,Marketing,DirectAdmission,3.17,2.71,3.3,3.95,3.28,120,0,0,0.88,0.88,2,Stable,1,4,0
S02390,Female,Multimedia Technology,DirectAdmission,2.88,3.16,2.6,2.34,2.74,125,1,0,0.87,0.89,1,Stable,1,4,1
S02391,Female,Computer Science,EntranceExam,2.02,1.98,2.26,2.12,2.09,130,3,0,0.95,0.9,1,Average,0,5,1
S02392,Male,Automation,EntranceExam,1.8,1.81,1.89,1.44,1.74,140,3,0,0.83,0.8,2,Average,0,5,0
S02393,Female,Computer Science,EntranceExam,3.12,3.52,2.76,2.95,3.09,130,0,1,0.95,0.8,2,Stable,1,4,0
S02394,Male,Artificial Intelligence,EntranceExam,2.22,2.48,2.45,2.51,2.42,130,0,0,0.97,0.87,0,Stable,1,4,0
S02395,Male,Information Security,DirectAdmission,2.92,2.35,2.62,2.79,2.67,130,0,0,0.86,0.72,3,Stable,1,4,0
S02396,Female,Multimedia Communication,DirectAdmission,1.79,1.37,1.34,1.69,1.55,125,5,1,0.91,0.87,0,Average,0,6,0
S02397,Female,Computer Science,DirectAdmission,2.51,2.78,1.98,2.78,2.51,130,0,0,0.93,0.83,2,Stable,1,4,0
S02398,Male,Computer Science,EntranceExam,2.92,2.79,2.23,3.15,2.77,130,1,1,0.96,0.9,3,Stable,1,4,1
S02399,Female,Artificial Intelligence,EntranceExam,3.49,3.34,3.81,2.91,3.39,130,0,0,0.83,0.93,1,Difficult,1,4,0
S02400,Female,Multimedia Technology,EntranceExam,2.66,3.2,3.45,3.76,3.27,125,2,0,0.67,0.72,1,Average,0,5,1
S02401,Female,Business Administration,DirectAdmission,2.04,1.92,2.55,2.35,2.22,120,2,0,0.87,0.89,0,Average,0,6,1
S02402,Male,Game Design and Development,DirectAdmission,2.34,2.51,2.77,2.55,2.54,140,0,0,0.85,0.96,1,Average,1,4,0
S02403,Male,Accounting,EntranceExam,2.36,2.91,3.13,2.97,2.84,130,0,0,0.84,0.86,1,Average,1,4,0
S02404,Male,Computer Science,EntranceExam,2.75,2.79,3.1,3.24,2.97,130,0,0,0.84,0.84,2,Stable,1,4,0
S02405,Male,Notary Relations,EntranceExam,2.61,2.63,2.81,2.32,2.59,125,0,0,0.89,0.79,0,Stable,1,4,0
S02406,Male,Business Administration,EntranceExam,2.63,3.07,3.29,3.31,3.08,120,0,1,0.86,0.91,0,Stable,1,4,1
S02407,Female,Computer Science,EntranceExam,2.37,2.51,2.74,2.6,2.56,130,0,0,0.91,0.94,2,Stable,1,4,1
S02408,Female,Information Security,DirectAdmission,3.14,3.82,3.41,3.17,3.38,130,0,0,1,0.75,2,Difficult,1,4,0
S02409,Female,Multimedia Technology,DirectAdmission,2.62,2.08,2.25,2.26,2.3,125,3,0,0.7,0.7,1,Difficult,0,8,1
S02410,Male,Notary Relations,EntranceExam,2.83,2.84,2.68,2.68,2.76,125,0,0,0.83,0.92,1,Average,1,4,0
S02411,Female,Information Security,EntranceExam,1.88,2.2,2.13,2.62,2.21,130,3,1,0.77,0.8,0,Average,0,5,0
S02412,Male,Information Technology,EntranceExam,1.78,2.18,2.4,1.63,2,130,3,0,0.9,0.81,2,Average,0,7,0
S02413,Female,Business Administration,EntranceExam,1.56,2.21,2.5,2.2,2.12,120,7,0,0.85,0.86,2,Stable,0,5,1
S02414,Female,Information Technology,EntranceExam,2.67,2.73,2.87,3.2,2.87,130,1,0,0.89,0.79,1,Stable,1,4,1
S02415,Female,Accounting,EntranceExam,3.74,4,4,4,3.94,130,0,0,0.86,0.71,2,Stable,1,4,1
S02416,Female,Information Security,EntranceExam,2.98,2.65,2.45,2.78,2.72,130,2,0,0.94,0.81,4,Average,1,4,1
S02417,Female,Automation,EntranceExam,2.03,2.36,2.24,2.61,2.31,140,1,0,0.86,0.89,6,Stable,1,4,1
S02418,Female,Information Security,EntranceExam,3.5,3.99,3.87,3.59,3.74,130,0,0,0.91,0.77,2,Stable,1,4,0
S02419,Male,Information Technology,EntranceExam,1.92,2.62,2.91,2.16,2.4,130,4,0,0.6,0.71,1,Stable,0,5,0
S02420,Male,Business Administration,EntranceExam,1.85,1.44,1.82,1.56,1.67,120,4,2,0.77,0.65,3,Difficult,0,6,0
S02421,Female,Multimedia Communication,EntranceExam,2.42,1.93,1.6,1.63,1.89,125,5,0,0.85,0.65,2,Difficult,0,6,0
S02422,Male,Artificial Intelligence,EntranceExam,2.57,3.56,3.38,3.19,3.18,130,0,0,0.8,0.75,1,Stable,1,4,1
S02423,Female,Multimedia Technology,DirectAdmission,2.77,2.89,2.75,3.05,2.86,125,0,0,0.87,0.69,1,Stable,1,4,0
S02424,Male,Automation,DirectAdmission,3.47,3.34,3.19,3.09,3.27,140,0,0,0.98,0.83,1,Stable,1,4,1
S02425,Male,Accounting,DirectAdmission,2.87,2.82,3.09,3.29,3.02,130,0,0,0.93,0.84,0,Stable,1,4,1
S02426,Male,Marketing,EntranceExam,3.25,2.57,3.22,2.69,2.93,120,0,0,1,0.77,0,Stable,1,4,1
S02427,Male,Computer Science,EntranceExam,2.44,1.99,2.38,1.75,2.14,130,0,0,0.91,0.86,1,Stable,1,4,0
S02428,Male,Accounting,EntranceExam,1.53,2.23,1.28,1.65,1.67,130,6,0,0.85,0.91,1,Average,0,5,0
S02429,Male,Multimedia Communication,EntranceExam,2.8,2.24,2.23,2.48,2.44,125,5,0,0.81,0.87,2,Stable,0,5,0
S02430,Female,Business Administration,EntranceExam,1.99,1.86,2.01,1.59,1.86,120,5,0,0.75,0.83,1,Stable,0,5,0
S02431,Male,Information Technology,EntranceExam,2.76,3.53,3.28,3.06,3.16,130,0,0,0.89,0.72,1,Average,1,4,1
S02432,Male,Game Design and Development,DirectAdmission,2.88,3.11,3.46,3.06,3.13,140,0,0,0.81,0.9,1,Average,1,4,1
S02433,Male,Artificial Intelligence,EntranceExam,3.03,3.28,3.31,3.89,3.38,130,0,0,0.84,0.99,2,Stable,1,4,1
S02434,Male,Computer Science,EntranceExam,1.78,1.36,1.75,1.73,1.66,130,4,0,0.74,0.62,0,Difficult,0,5,0
S02435,Male,Information Technology,DirectAdmission,2.66,2.19,3.79,2.67,2.83,130,0,0,0.95,0.87,3,Stable,1,4,0
S02436,Female,Information Technology,EntranceExam,2.71,2.5,3.01,3.01,2.81,130,2,0,0.84,0.86,3,Stable,1,4,1
S02437,Female,Information Security,EntranceExam,3.22,2.93,2.45,2.2,2.7,130,0,0,0.83,0.79,1,Stable,1,4,0
S02438,Male,Automation,EntranceExam,2.74,2.51,3.33,2.87,2.86,140,0,1,0.82,0.88,4,Average,1,4,0
S02439,Male,Information Technology,EntranceExam,2.15,2.11,2.11,2,2.09,130,4,0,0.75,0.58,4,Average,0,7,0
S02440,Female,Game Design and Development,EntranceExam,2.52,2.73,2.49,2,2.44,140,0,0,0.9,0.87,0,Stable,1,4,1
S02441,Male,E-commerce,EntranceExam,1.56,2.43,2.46,2.65,2.28,125,4,0,0.78,0.78,3,Stable,0,7,0
S02442,Female,Information Technology,EntranceExam,2.1,2.66,2.92,2.5,2.54,130,0,0,0.97,0.96,0,Stable,1,4,1
S02443,Male,Game Design and Development,EntranceExam,2.61,2.93,3.29,3.21,3.01,140,0,0,0.81,0.94,1,Average,1,4,0
S02444,Male,Accounting,DirectAdmission,3.24,2.74,2.2,3.16,2.84,130,2,0,0.65,0.79,0,Difficult,0,8,0
S02445,Male,Accounting,DirectAdmission,1.53,1.95,1.32,1.8,1.65,130,1,0,0.85,0.79,3,Stable,0,5,0
S02446,Female,Game Design and Development,EntranceExam,2.42,2.81,2.43,2.04,2.42,140,0,0,0.92,0.99,3,Average,1,4,1
S02447,Male,Artificial Intelligence,DirectAdmission,2.92,3.48,2.63,3,3.01,130,0,0,0.97,0.86,2,Stable,1,4,1
S02448,Male,Computer Science,DirectAdmission,3.39,3.84,4,3.91,3.78,130,0,0,0.82,0.83,1,Stable,1,4,1
S02449,Female,Information Technology,EntranceExam,1.3,2.04,1.45,0.99,1.44,130,7,0,0.92,1,0,Stable,0,5,1
S02450,Female,Information Technology,EntranceExam,1.83,2.4,2.17,2.03,2.11,130,4,0,0.73,0.76,1,Average,0,5,1
S02451,Male,Information Technology,EntranceExam,1.7,1.54,2.08,1.81,1.78,130,4,0,0.97,0.77,1,Stable,0,6,0
S02452,Female,Multimedia Technology,EntranceExam,2.75,3.29,3.08,3.57,3.17,125,0,0,0.8,0.86,4,Stable,1,4,0
S02453,Male,E-commerce,DirectAdmission,2.92,3.42,2.79,3.29,3.1,125,0,0,0.83,1,0,Difficult,1,4,1
S02454,Male,Accounting,EntranceExam,2.1,2.19,2.32,2.53,2.28,130,0,0,0.88,0.98,0,Stable,1,4,0
S02455,Male,Information Technology,EntranceExam,1.28,1.62,1.53,2.18,1.65,130,5,1,0.81,0.71,1,Stable,0,5,0
S02456,Male,Computer Science,DirectAdmission,2.95,2.52,2.95,2.84,2.82,130,0,0,0.91,0.94,0,Difficult,1,4,0
S02457,Female,Automation,EntranceExam,3.12,3.58,3.82,3.8,3.58,140,0,0,0.92,0.86,2,Average,1,4,0
S02458,Female,Multimedia Technology,EntranceExam,2.82,2.34,2.69,2.04,2.47,125,0,0,0.87,0.71,3,Average,0,6,1
S02459,Female,Financial Technology (Fintech),DirectAdmission,3.84,3.73,2.77,3.83,3.54,130,0,1,0.9,0.68,0,Stable,1,4,1
S02460,Male,Multimedia Communication,EntranceExam,1.76,2.17,2.02,1.47,1.85,125,3,0,0.79,0.85,1,Difficult,0,5,0
S02461,Female,Multimedia Communication,EntranceExam,1.9,1.72,2.32,1.67,1.9,125,1,0,0.96,0.93,1,Stable,1,4,0
S02462,Male,E-commerce,EntranceExam,1.45,2.12,1.72,1.22,1.63,125,6,0,0.88,0.85,3,Stable,0,5,0
S02463,Female,Information Technology,EntranceExam,2.52,2.36,2.83,2.98,2.67,130,0,0,0.9,0.87,4,Average,1,4,1
S02464,Female,Business Administration,EntranceExam,2.95,2.71,3.48,2.6,2.94,120,0,0,0.87,0.96,1,Average,1,4,1
S02465,Male,Information Technology,EntranceExam,2.26,2.6,2.58,2.09,2.38,130,3,0,0.66,0.64,2,Stable,0,6,0
S02466,Male,E-commerce,EntranceExam,3.21,2.8,2.92,2.92,2.96,125,0,0,0.83,0.69,3,Stable,1,4,0
S02467,Male,Artificial Intelligence,EntranceExam,2.57,2.35,2.49,1.65,2.26,130,1,0,0.85,0.83,0,Stable,1,4,0
S02468,Male,Computer Science,EntranceExam,1.93,1.98,2.13,1.59,1.91,130,0,0,0.89,0.97,3,Stable,1,4,0
S02469,Female,Computer Science,DirectAdmission,2.53,3,3.21,3.09,2.96,130,0,0,0.82,0.94,2,Stable,1,4,1
S02470,Male,Artificial Intelligence,EntranceExam,1.6,2.26,2.19,1.65,1.92,130,1,0,0.95,0.76,1,Stable,1,4,0
S02471,Male,Information Technology,EntranceExam,2.57,2.1,2.51,2.59,2.44,130,0,0,0.89,0.95,4,Stable,1,4,0
S02472,Male,Financial Technology (Fintech),EntranceExam,2.08,2.21,1.9,2.68,2.22,130,0,0,0.74,0.74,1,Average,0,7,0
S02473,Male,Marketing,EntranceExam,2.39,3.14,3.11,2.83,2.87,120,0,0,0.92,0.84,0,Average,1,4,0
S02474,Female,Computer Science,DirectAdmission,3.61,4,3.61,4,3.8,130,0,0,0.83,0.88,2,Average,1,4,1
S02475,Female,Artificial Intelligence,EntranceExam,2.32,2.29,2.13,2.26,2.25,130,0,0,0.83,0.88,4,Average,0,7,0
S02476,Female,Automation,EntranceExam,3.51,3.51,4,3.29,3.58,140,1,0,0.81,1,0,Stable,1,4,0
S02477,Female,Automation,DirectAdmission,2.82,2.35,2.64,2.8,2.65,140,1,1,0.77,0.97,1,Stable,0,6,1
S02478,Male,Automation,EntranceExam,2.08,3.01,2.68,2.24,2.5,140,1,0,0.92,0.84,2,Stable,0,6,0
S02479,Male,Information Security,EntranceExam,2.57,2.65,2.55,2.91,2.67,130,0,0,0.83,0.88,2,Average,1,4,0
S02480,Male,Journalism,EntranceExam,2.04,2.2,2.1,1.74,2.02,120,2,0,1,1,1,Stable,1,4,0
S02481,Male,Accounting,EntranceExam,2.71,2.56,2.69,2.67,2.66,130,2,0,0.82,0.77,3,Average,0,5,0
S02482,Female,Business Administration,EntranceExam,2.07,2.62,1.33,2.49,2.13,120,1,0,0.98,0.87,2,Stable,1,4,1
S02483,Male,Marketing,DirectAdmission,3.45,3.65,3.63,3.76,3.62,120,0,0,0.9,0.88,1,Stable,1,4,1
S02484,Male,Artificial Intelligence,EntranceExam,2.85,2.72,2.62,2.47,2.67,130,2,2,0.75,0.82,2,Average,0,8,0
S02485,Female,Multimedia Communication,EntranceExam,2.74,2.38,2.39,2.78,2.57,125,1,0,0.81,0.77,0,Stable,1,4,1
S02486,Female,Multimedia Technology,EntranceExam,2.14,2.75,2.2,2.31,2.35,125,2,0,0.79,0.79,0,Average,0,7,0
S02487,Male,Business Administration,EntranceExam,2.12,2.02,2.63,2.52,2.32,120,0,0,0.95,0.96,0,Stable,1,4,0
S02488,Female,Journalism,EntranceExam,2.79,2.76,2.97,3.23,2.94,120,0,0,0.82,0.81,0,Stable,1,4,1
S02489,Male,Multimedia Technology,EntranceExam,1.38,1.56,1.34,1.01,1.32,125,1,0,0.82,0.87,0,Average,0,6,0
S02490,Male,Marketing,EntranceExam,2,2.72,2.76,2.27,2.44,120,0,0,0.94,0.75,0,Average,1,4,0
S02491,Male,Business Administration,DirectAdmission,2.33,2.29,3.41,2.5,2.63,120,0,0,0.97,1,2,Stable,1,4,0
S02492,Female,Information Technology,EntranceExam,2.36,2.07,2.6,1.91,2.24,130,1,0,0.9,0.93,1,Average,1,4,1
S02493,Male,Accounting,EntranceExam,3.44,2.72,2.71,3.29,3.04,130,0,0,0.86,0.81,1,Average,1,4,0
S02494,Female,Multimedia Communication,DirectAdmission,2.63,2.78,2.66,2.98,2.76,125,1,0,0.94,0.9,0,Average,1,4,1
S02495,Female,Business Administration,EntranceExam,1.69,1.53,1.89,1.07,1.54,120,7,1,0.82,0.75,1,Average,0,5,1
S02496,Female,E-commerce,DirectAdmission,2.09,2.37,1.89,2.18,2.13,125,4,0,0.8,1,2,Stable,0,8,1
S02497,Female,Automation,EntranceExam,1.68,2.19,2.11,2.24,2.06,140,1,0,0.91,0.74,2,Stable,0,7,1
S02498,Female,Computer Science,EntranceExam,2.95,2.85,2.97,3.41,3.05,130,0,0,0.91,0.7,1,Stable,1,4,0
S02499,Female,Multimedia Technology,DirectAdmission,1.89,2.19,2.04,2.07,2.05,125,3,0,0.91,0.86,1,Average,0,6,0
S02500,Male,Computer Science,DirectAdmission,3.42,3.13,3.84,3.74,3.53,130,0,0,0.71,0.8,6,Difficult,0,5,1
S02501,Female,Information Security,EntranceExam,3.12,3.52,2.77,3.04,3.11,130,1,0,0.82,0.83,3,Stable,1,4,0
S02502,Female,Artificial Intelligence,EntranceExam,2.52,2.37,1.58,1.74,2.05,130,2,0,0.88,0.95,2,Stable,1,4,1
S02503,Female,Computer Science,EntranceExam,2.15,2.38,2.25,2.51,2.32,130,6,0,0.75,0.74,1,Stable,0,5,1
S02504,Male,E-commerce,EntranceExam,2.52,2.32,2.57,2.88,2.57,125,1,0,0.95,0.99,1,Average,1,4,0
S02505,Female,Artificial Intelligence,DirectAdmission,2.43,2.39,2.34,2.36,2.38,130,2,0,0.82,0.8,3,Stable,0,6,1
S02506,Male,Computer Science,EntranceExam,3.3,3.28,2.79,2.91,3.07,130,0,0,0.9,0.7,1,Average,1,4,1
S02507,Female,Automation,EntranceExam,1.27,1.59,1.79,1.45,1.52,140,3,0,0.84,0.83,1,Average,0,8,0
S02508,Female,Computer Science,EntranceExam,2.65,3.41,3.82,2.89,3.19,130,1,0,0.65,0.64,3,Difficult,0,6,1
S02509,Female,Financial Technology (Fintech),DirectAdmission,2.28,2.44,2.86,2.41,2.5,130,2,0,0.72,0.75,1,Average,0,6,1
S02510,Female,Game Design and Development,EntranceExam,2.63,2.84,2.66,2.73,2.72,140,1,0,0.65,0.83,5,Difficult,0,5,1
S02511,Male,Game Design and Development,EntranceExam,1.63,1.66,1.66,2.16,1.78,140,5,1,0.98,0.97,2,Stable,0,6,0
S02512,Male,Multimedia Communication,EntranceExam,2.65,2.85,1.99,2.84,2.58,125,0,0,1,0.9,0,Stable,1,4,0
S02513,Female,Automation,EntranceExam,3.5,3.66,3.1,3.47,3.43,140,0,0,0.85,0.75,0,Stable,1,4,0
S02514,Female,Information Technology,EntranceExam,2.3,2.36,2.24,2.39,2.32,130,0,0,0.82,0.96,0,Average,1,4,1
S02515,Male,Information Technology,EntranceExam,1.73,1.74,2.18,2.23,1.97,130,6,1,0.87,0.81,2,Stable,0,6,0
S02516,Female,Journalism,EntranceExam,2.79,3.01,3.07,2.54,2.85,120,0,0,0.95,0.93,1,Stable,1,4,0
S02517,Female,E-commerce,EntranceExam,2.3,2.59,2.77,3.06,2.68,125,1,0,0.83,0.78,1,Stable,1,4,1
S02518,Female,E-commerce,DirectAdmission,2.89,2.39,2.34,2.04,2.42,125,1,0,0.99,0.75,5,Stable,0,5,1
S02519,Male,Multimedia Communication,EntranceExam,1.97,2.63,1.96,1.47,2.01,125,1,0,0.97,0.76,3,Difficult,0,8,0
S02520,Female,Computer Science,DirectAdmission,2.33,2.94,1.92,2.48,2.42,130,0,0,0.84,0.74,2,Average,0,5,1
S02521,Male,Computer Science,EntranceExam,2.68,2.71,2.69,2.42,2.62,130,3,0,0.69,1,0,Difficult,0,7,0
S02522,Male,Marketing,EntranceExam,3.73,3.57,3.48,3.54,3.58,120,1,0,0.92,0.74,3,Stable,1,4,1
S02523,Male,Information Technology,DirectAdmission,3.13,3.11,3.09,2.93,3.06,130,0,0,0.9,0.72,1,Stable,1,4,1
S02524,Male,Journalism,EntranceExam,2.3,2.32,2.59,2.58,2.45,120,1,0,0.95,0.98,2,Average,1,4,0
S02525,Male,Accounting,EntranceExam,2.46,2.49,2.47,2.17,2.4,130,4,0,0.68,0.6,0,Average,0,6,0
S02526,Female,Artificial Intelligence,EntranceExam,2.79,2.05,2.21,2.95,2.5,130,0,0,0.99,0.74,0,Stable,1,4,1
S02527,Female,Marketing,EntranceExam,1.35,1.54,1.3,1.68,1.47,120,2,0,0.93,0.75,1,Average,0,7,1
S02528,Male,Journalism,DirectAdmission,1.23,0.92,1.12,1.65,1.23,120,8,1,0.99,0.83,1,Average,0,7,0
S02529,Male,Information Technology,EntranceExam,2.18,2.52,1.9,2.04,2.16,130,5,0,0.77,0.73,2,Stable,0,5,0
S02530,Female,Computer Science,EntranceExam,2.9,3.1,3.02,3.37,3.1,130,0,0,0.82,0.87,3,Stable,1,4,1
S02531,Female,Computer Science,EntranceExam,3.02,3.1,3.06,3.32,3.12,130,0,0,0.95,0.96,1,Average,1,4,0
S02532,Female,Marketing,EntranceExam,2.43,2.66,2.81,2.55,2.61,120,1,0,0.8,0.95,1,Stable,1,4,0
S02533,Male,Information Security,EntranceExam,1.86,2.19,2.75,2.41,2.3,130,1,0,0.94,0.86,3,Average,1,4,0
S02534,Male,Marketing,EntranceExam,1.68,2.14,1.75,1.49,1.76,120,5,0,0.94,0.9,0,Stable,1,4,0
S02535,Female,Accounting,EntranceExam,1.41,1.68,1.57,1.44,1.52,130,8,1,0.84,0.84,2,Stable,0,5,0
S02536,Female,Multimedia Communication,EntranceExam,1.15,1.68,1.61,2.26,1.68,125,7,0,0.8,0.89,2,Difficult,0,6,0
S02537,Male,Computer Science,EntranceExam,2.82,2.86,2.63,2.53,2.71,130,2,0,0.86,0.81,0,Average,0,5,0
S02538,Male,Computer Science,EntranceExam,1.95,1.74,1.18,1.6,1.62,130,5,1,0.9,0.85,2,Stable,0,5,0
S02539,Male,Information Technology,EntranceExam,2.81,2.85,3.38,2.57,2.9,130,2,0,0.96,0.77,1,Average,1,4,0
S02540,Female,E-commerce,DirectAdmission,2.31,2.15,2.02,2.59,2.27,125,0,0,0.87,0.93,2,Average,1,4,1
S02541,Male,Journalism,DirectAdmission,3.25,3.79,3.63,4,3.67,120,0,0,0.83,0.83,0,Difficult,1,4,1
S02542,Male,Multimedia Communication,EntranceExam,2.01,2.63,1.95,1.88,2.12,125,4,0,0.88,0.8,1,Average,0,7,0
S02543,Female,Information Security,EntranceExam,1.76,1.94,1.75,2.43,1.97,130,2,0,0.88,0.67,3,Stable,0,5,0
S02544,Female,Accounting,DirectAdmission,2.87,2.9,2.81,3.13,2.93,130,2,0,0.7,0.73,1,Difficult,0,5,1
S02545,Male,Journalism,EntranceExam,2.09,1.47,2.22,2.33,2.03,120,5,0,0.83,0.91,0,Average,0,5,0
S02546,Male,Marketing,DirectAdmission,3.09,2.88,2.71,3.02,2.92,120,3,0,0.81,0.71,2,Difficult,0,5,0
S02547,Male,Multimedia Technology,EntranceExam,2.45,2.82,2.62,1.93,2.46,125,1,0,0.9,0.76,1,Average,1,4,0
S02548,Male,Journalism,EntranceExam,2.52,2.5,2.53,2.68,2.56,120,2,1,0.82,0.81,4,Stable,0,5,0
S02549,Female,Information Security,DirectAdmission,2.46,2.59,2.55,2.38,2.5,130,0,0,1,1,4,Stable,1,4,1
S02550,Female,Game Design and Development,EntranceExam,2.09,2.16,1.81,1.82,1.97,140,4,0,0.81,0.83,2,Average,0,6,1
S02551,Male,Multimedia Technology,DirectAdmission,2.59,2.73,2.75,3.2,2.82,125,0,0,0.87,0.72,1,Average,1,4,0
S02552,Female,Multimedia Technology,EntranceExam,2.44,2.56,2.95,2.79,2.68,125,0,0,0.66,0.73,0,Average,0,7,1
S02553,Female,Artificial Intelligence,EntranceExam,3.02,2.99,2.87,3.13,3,130,1,0,0.84,0.73,2,Stable,1,4,0
S02554,Male,Information Technology,EntranceExam,2.89,3.04,3.25,3.68,3.22,130,0,0,1,0.97,4,Stable,1,4,1
S02555,Female,Marketing,EntranceExam,2.68,3.01,3.59,2.74,3,120,0,0,0.8,0.8,0,Difficult,1,4,1
S02556,Female,Information Technology,EntranceExam,2.62,2.44,2.57,2.44,2.52,130,0,0,0.92,0.88,2,Average,1,4,1
S02557,Male,Information Security,EntranceExam,1.65,1.83,2.11,1.83,1.86,130,5,0,0.91,0.93,0,Stable,0,7,0
S02558,Female,Artificial Intelligence,EntranceExam,2.6,2.68,3.1,2.4,2.7,130,1,0,0.81,0.84,1,Average,1,4,1
S02559,Male,Artificial Intelligence,DirectAdmission,2.79,2.98,3.03,2.58,2.84,130,1,1,1,0.88,3,Average,1,4,0
S02560,Female,Financial Technology (Fintech),EntranceExam,1.5,2.37,1.72,2.49,2.02,130,2,0,1,0.67,1,Stable,1,4,1
S02561,Female,Automation,EntranceExam,2.39,2.3,2.08,2.74,2.38,140,1,0,0.76,0.71,3,Difficult,0,7,1
S02562,Male,Information Technology,EntranceExam,3.04,3.36,2.81,3.88,3.27,130,0,1,0.84,0.82,2,Average,1,4,1
S02563,Female,Marketing,EntranceExam,2.78,2.41,2.57,2.94,2.68,120,0,0,0.87,0.87,0,Stable,1,4,1
S02564,Female,Information Security,EntranceExam,1.88,2.51,2.71,2.97,2.52,130,0,0,0.88,0.74,1,Stable,1,4,1
S02565,Female,Automation,DirectAdmission,3.22,3.17,3.97,3.38,3.44,140,0,0,0.89,0.97,1,Stable,1,4,1
S02566,Female,E-commerce,EntranceExam,2.96,2.5,2.75,2.62,2.71,125,0,0,0.88,0.88,1,Stable,1,4,1
S02567,Male,Multimedia Communication,EntranceExam,3.1,3.03,3.26,3.54,3.23,125,0,0,0.94,0.71,1,Average,1,4,1
S02568,Female,E-commerce,DirectAdmission,1.23,1.88,2.3,2.48,1.97,125,2,1,0.81,0.78,3,Stable,0,5,0
S02569,Female,Computer Science,EntranceExam,2.41,2.35,2.63,2.67,2.51,130,4,0,0.56,0.86,1,Stable,0,5,1
S02570,Male,Multimedia Technology,EntranceExam,2.06,2.2,1.94,2.51,2.18,125,2,0,0.86,0.87,2,Stable,1,4,0
S02571,Female,Information Technology,DirectAdmission,2.08,2.82,3.05,2.52,2.62,130,4,0,0.8,0.8,1,Difficult,0,5,1
S02572,Male,Information Technology,DirectAdmission,2,2.52,1.9,2.08,2.12,130,0,0,0.98,0.92,3,Stable,1,4,0
S02573,Female,Artificial Intelligence,EntranceExam,2.95,3.3,3.11,2.82,3.04,130,0,0,0.89,0.87,1,Average,1,4,1
S02574,Male,Multimedia Technology,EntranceExam,2.11,2.4,2.31,2.01,2.21,125,3,1,0.71,0.72,1,Stable,0,7,0
S02575,Female,Automation,EntranceExam,1.7,1.85,1.61,1.64,1.7,140,4,1,0.61,0.64,1,Stable,0,7,0
S02576,Female,Multimedia Technology,EntranceExam,3.07,3.29,2.35,3.1,2.95,125,2,0,0.81,0.63,0,Difficult,0,6,1
S02577,Female,Information Technology,DirectAdmission,2.77,3.07,3.29,2.88,3,130,0,0,0.87,0.83,2,Stable,1,4,0
S02578,Female,Business Administration,EntranceExam,3.01,2.77,3.03,3.35,3.04,120,0,0,0.8,0.75,1,Average,1,4,1
S02579,Male,Artificial Intelligence,EntranceExam,3.21,3.48,3.31,3.92,3.48,130,0,1,0.85,0.92,1,Average,1,4,1
S02580,Female,Notary Relations,EntranceExam,1.19,1.43,1.43,1.22,1.32,125,5,0,0.88,0.81,2,Difficult,0,6,0
S02581,Female,Accounting,EntranceExam,1.98,1.39,1.66,1.55,1.64,130,3,0,0.78,0.77,0,Stable,0,5,1
S02582,Female,Computer Science,EntranceExam,1.5,1.76,1.99,1.5,1.69,130,5,0,0.81,0.8,2,Stable,0,6,1
S02583,Female,Journalism,EntranceExam,2.3,2.87,2.33,2.93,2.61,120,4,0,0.92,1,1,Difficult,0,5,1
S02584,Male,Computer Science,DirectAdmission,2.98,3.3,3.17,3.67,3.28,130,1,0,0.87,0.91,0,Average,1,4,1
S02585,Male,Marketing,EntranceExam,2.36,2.7,2.83,2.66,2.64,120,2,1,0.69,0.89,1,Stable,0,6,0
S02586,Female,Automation,EntranceExam,2.22,2.66,2.47,2.59,2.49,140,0,0,1,0.95,0,Stable,1,4,1
S02587,Female,Multimedia Communication,DirectAdmission,2.71,2.89,2.92,3.31,2.96,125,0,0,0.86,0.88,2,Stable,1,4,1
S02588,Female,Business Administration,EntranceExam,2.01,2.46,2.37,2.25,2.27,120,0,1,0.77,0.69,1,Stable,0,7,0
S02589,Female,E-commerce,DirectAdmission,3.15,3.36,3,2.67,3.04,125,0,0,0.93,0.84,1,Average,1,4,1
S02590,Male,Multimedia Communication,DirectAdmission,2.26,2.12,2.26,2.39,2.26,125,1,0,0.88,0.83,1,Stable,1,4,0
S02591,Male,Game Design and Development,DirectAdmission,2.4,3.03,2.28,2.54,2.56,140,2,0,0.9,0.61,1,Stable,1,4,0
S02592,Female,Computer Science,EntranceExam,1.88,1.7,2.26,2.78,2.15,130,4,1,0.85,0.81,1,Difficult,0,7,1
S02593,Female,Marketing,DirectAdmission,2.82,2.5,2.58,3.46,2.84,120,0,0,0.8,0.81,3,Stable,1,4,1
S02594,Male,Game Design and Development,EntranceExam,2.24,2.29,2.46,1.78,2.19,140,1,0,0.74,0.58,0,Stable,0,5,0
S02595,Female,Automation,EntranceExam,1.64,1.82,2.31,1.86,1.91,140,2,0,0.91,0.98,0,Average,0,6,1
S02596,Female,E-commerce,EntranceExam,3.18,3.01,2.33,3.31,2.96,125,0,0,0.88,0.81,2,Average,1,4,1
S02597,Male,Artificial Intelligence,EntranceExam,2.65,2.21,2.75,2.28,2.47,130,2,0,0.87,0.85,1,Stable,1,4,0
S02598,Female,Marketing,EntranceExam,1.76,1.96,2.12,1.72,1.89,120,4,0,0.85,0.88,2,Stable,0,7,0
S02599,Female,Computer Science,EntranceExam,2.72,2.3,2.52,2.04,2.39,130,2,0,0.88,0.75,3,Stable,0,5,1
S02600,Female,Multimedia Communication,EntranceExam,2.57,2.98,2.61,2.55,2.68,125,0,0,0.91,0.94,0,Stable,1,4,1
S02601,Female,Marketing,DirectAdmission,2.2,2.34,2.37,2.59,2.38,120,1,0,0.89,0.89,4,Average,1,4,1
S02602,Female,Marketing,EntranceExam,2.57,2.43,2.67,2.23,2.48,120,2,0,0.96,0.73,1,Stable,1,4,1
S02603,Female,Game Design and Development,EntranceExam,1.38,1.48,1.39,1.8,1.51,140,4,0,0.62,0.83,2,Difficult,0,8,1
S02604,Female,Business Administration,EntranceExam,1.94,2.86,2.73,2.87,2.6,120,0,0,0.84,0.96,1,Average,1,4,1
S02605,Female,Journalism,EntranceExam,1.88,2.31,2.15,1.99,2.08,120,4,0,0.92,0.98,0,Average,0,5,1
S02606,Female,Multimedia Communication,EntranceExam,2.2,2.46,2.57,2.68,2.48,125,0,0,1,0.92,2,Average,1,4,1
S02607,Female,Information Security,DirectAdmission,2.11,1.95,1.98,2.07,2.03,130,0,0,0.8,0.94,2,Stable,0,7,1
S02608,Male,Multimedia Technology,EntranceExam,2.18,2.64,2.32,2.79,2.48,125,1,0,0.87,0.84,2,Average,0,7,0
S02609,Male,Information Technology,EntranceExam,3.56,3.7,3.54,2.99,3.45,130,0,0,0.91,0.85,2,Stable,1,4,1
S02610,Female,Computer Science,EntranceExam,2.2,2.65,2.66,2.28,2.45,130,2,0,0.75,0.78,1,Average,0,5,1
S02611,Female,Accounting,DirectAdmission,2.35,2.96,2.17,3.19,2.67,130,1,0,0.86,0.82,3,Stable,1,4,0
S02612,Male,Business Administration,EntranceExam,2.84,2.39,2.8,3.04,2.77,120,0,0,0.84,0.89,0,Stable,1,4,0
S02613,Female,Business Administration,EntranceExam,2.69,2.62,2.07,2.36,2.44,120,1,0,0.79,0.69,1,Stable,0,6,1
S02614,Female,Marketing,EntranceExam,1.85,1.72,2.08,1.7,1.84,120,3,0,0.73,0.84,3,Stable,0,7,1
S02615,Female,Information Technology,EntranceExam,1.11,1.26,1.02,0.87,1.06,130,4,0,0.96,0.91,2,Stable,0,5,0
S02616,Male,Information Security,EntranceExam,2.78,2.72,1.8,2.97,2.57,130,2,1,0.86,0.87,0,Stable,0,6,0
S02617,Male,Accounting,EntranceExam,0.92,1.93,1.67,1.12,1.41,130,2,0,0.99,0.9,2,Stable,0,5,0
S02618,Female,Information Technology,EntranceExam,2.54,2.02,2.69,2.18,2.36,130,2,1,0.87,0.9,0,Average,1,4,1
S02619,Female,Journalism,EntranceExam,1.95,2.03,1.68,1.41,1.77,120,3,0,0.92,0.77,0,Difficult,0,8,1
S02620,Male,Notary Relations,EntranceExam,1.5,1.53,1.81,1.44,1.57,125,6,0,1,1,1,Stable,1,4,0
S02621,Female,Information Security,EntranceExam,2.72,2.33,2.42,2.32,2.45,130,1,0,0.85,0.99,3,Stable,1,4,1
S02622,Female,Game Design and Development,EntranceExam,2.04,2.25,2.63,2.39,2.33,140,3,0,0.78,0.74,2,Average,0,5,1
S02623,Female,Information Security,DirectAdmission,3.3,3.45,2.65,3.66,3.26,130,0,0,0.91,0.76,1,Stable,1,4,1
S02624,Female,Information Technology,EntranceExam,1.99,2.06,1.62,1.54,1.8,130,4,0,0.84,0.89,2,Stable,0,6,1
S02625,Female,Journalism,EntranceExam,2.86,2.97,3.1,2.76,2.92,120,0,0,1,0.97,3,Stable,1,4,0
S02626,Female,E-commerce,EntranceExam,2.17,2.07,2.39,2.51,2.28,125,2,0,0.83,0.73,2,Stable,1,4,1
S02627,Female,Information Security,EntranceExam,2.68,2.43,2.72,2.75,2.64,130,1,0,0.84,0.7,2,Stable,1,4,1
S02628,Male,Journalism,EntranceExam,2.81,2.72,2.6,2.84,2.74,120,0,0,0.84,0.85,3,Stable,1,4,0
S02629,Male,Computer Science,EntranceExam,3.45,3.29,3.13,3.1,3.24,130,1,0,0.98,0.93,2,Average,1,4,1
S02630,Female,Game Design and Development,EntranceExam,2.59,2.42,2.45,2.3,2.44,140,5,0,0.68,0.74,3,Difficult,0,6,1
S02631,Female,E-commerce,EntranceExam,2.88,2.96,2.72,2.97,2.88,125,0,0,0.83,0.82,3,Stable,1,4,1
S02632,Female,Multimedia Technology,EntranceExam,2.59,2.53,2.69,3.04,2.71,125,3,0,0.8,0.91,1,Difficult,0,7,0
S02633,Female,Financial Technology (Fintech),EntranceExam,2.34,1.87,2.26,1.57,2.01,130,2,0,0.76,0.82,2,Stable,0,7,1
S02634,Male,Information Technology,EntranceExam,2.34,1.91,2.44,1.68,2.09,130,2,0,0.81,0.6,2,Stable,0,5,0
S02635,Male,Journalism,EntranceExam,2.65,3.2,2.51,2.23,2.65,120,0,0,0.86,0.65,0,Stable,1,4,0
S02636,Male,Information Technology,EntranceExam,3.24,3.54,3.41,3.3,3.37,130,0,0,0.95,0.67,1,Stable,1,4,1
S02637,Female,Game Design and Development,EntranceExam,2.64,3.19,2.56,3.45,2.96,140,0,0,0.78,0.8,2,Average,0,6,1
S02638,Female,Game Design and Development,EntranceExam,2.63,2.89,2.79,2.91,2.8,140,3,0,0.69,0.7,0,Difficult,0,7,1
S02639,Male,Information Technology,DirectAdmission,3.04,2.92,2.89,3.4,3.06,130,1,0,0.97,0.79,1,Stable,1,4,1
S02640,Female,Automation,EntranceExam,2.62,2.45,2.98,3.18,2.81,140,3,0,0.78,0.85,0,Difficult,0,6,1
S02641,Male,Multimedia Communication,DirectAdmission,2.26,2.37,1.91,2.19,2.18,125,0,0,0.83,0.86,0,Stable,1,4,0
S02642,Female,Multimedia Communication,DirectAdmission,1.69,2.06,1.19,2.39,1.83,125,3,0,0.89,0.87,1,Average,0,8,1
S02643,Male,Business Administration,EntranceExam,2.76,3.02,2.9,2.92,2.9,120,1,0,0.84,0.79,0,Stable,1,4,0
S02644,Female,Computer Science,EntranceExam,2.64,2.41,2.06,2.04,2.29,130,0,1,0.9,0.75,4,Stable,1,4,1
S02645,Male,Information Technology,EntranceExam,1.75,1.7,1.98,1.06,1.62,130,2,0,0.9,0.89,2,Stable,1,4,0
S02646,Female,Multimedia Technology,DirectAdmission,2.57,1.93,2.02,1.79,2.08,125,3,0,0.93,0.95,1,Average,0,7,1
S02647,Female,Multimedia Communication,DirectAdmission,1.82,1.64,2,1.5,1.74,125,9,0,0.77,0.7,0,Average,0,8,0
S02648,Female,Computer Science,EntranceExam,3.59,3.26,3.34,3.48,3.42,130,0,0,0.82,0.99,2,Stable,1,4,0
S02649,Male,Information Technology,EntranceExam,2.49,2.46,2.66,2.44,2.51,130,2,0,0.73,0.69,1,Average,0,8,0
S02650,Male,E-commerce,EntranceExam,2.14,1.37,2.03,1.96,1.88,125,3,1,0.95,0.79,3,Average,0,5,0
S02651,Male,Automation,EntranceExam,3.13,3.31,2.33,2.52,2.82,140,4,0,0.74,0.73,0,Stable,0,5,0
S02652,Female,Information Security,EntranceExam,1.52,1.76,1.2,1.48,1.49,130,3,1,0.89,0.86,3,Average,0,5,1
S02653,Female,Game Design and Development,EntranceExam,2.74,3.02,2.45,3.02,2.81,140,2,0,0.69,0.75,2,Average,0,5,1
S02654,Male,Automation,EntranceExam,2.06,2.71,2.19,2.47,2.36,140,4,0,0.74,0.9,2,Stable,0,6,0
S02655,Female,Multimedia Technology,EntranceExam,3.07,3.07,2.83,2.8,2.94,125,0,1,0.96,0.78,1,Average,1,4,1
S02656,Male,Accounting,DirectAdmission,2.98,2.86,3.19,3.31,3.08,130,0,0,0.81,0.88,2,Stable,1,4,1
S02657,Male,Information Security,EntranceExam,2.28,2.43,2.93,2.94,2.64,130,1,0,0.81,0.81,2,Average,1,4,0
S02658,Female,Information Technology,EntranceExam,2.78,3.34,2.27,2.93,2.83,130,2,0,0.83,0.77,1,Average,1,4,1
S02659,Female,Computer Science,EntranceExam,2.89,3.19,3.17,3.16,3.1,130,0,0,0.84,0.91,1,Average,1,4,0
S02660,Male,Financial Technology (Fintech),EntranceExam,2.67,2.98,3.14,3.11,2.98,130,0,0,0.81,0.66,0,Average,1,4,0
S02661,Female,Computer Science,EntranceExam,1.93,2.1,2.22,2.54,2.2,130,2,1,0.88,0.92,0,Difficult,0,6,1
S02662,Female,Information Security,EntranceExam,2.84,2.9,3.28,2.83,2.96,130,0,0,0.82,0.86,1,Average,1,4,1
S02663,Male,E-commerce,EntranceExam,2.5,2.95,2.69,2.73,2.72,125,1,0,0.96,0.95,1,Stable,1,4,0
S02664,Female,Computer Science,EntranceExam,2.1,2.25,1.83,1.99,2.04,130,5,0,0.84,0.77,2,Stable,0,5,1
S02665,Male,Automation,DirectAdmission,3.06,3.44,3.01,3.64,3.29,140,0,0,0.89,0.95,2,Stable,1,4,1
S02666,Male,Financial Technology (Fintech),EntranceExam,2.22,2.21,2.44,2.36,2.31,130,1,0,0.82,0.71,2,Stable,0,5,0
S02667,Female,Journalism,EntranceExam,2.85,2.9,3.18,2.68,2.9,120,0,0,0.88,0.91,3,Stable,1,4,0
S02668,Female,Information Security,EntranceExam,3.05,3.21,3.26,3.57,3.27,130,0,1,0.87,0.77,2,Stable,1,4,0
S02669,Female,Game Design and Development,EntranceExam,2.11,1.78,2.39,1.79,2.02,140,4,1,0.79,0.78,2,Average,0,7,1
S02670,Male,Notary Relations,EntranceExam,1.97,2.69,2.12,2.53,2.33,125,1,0,1,0.91,2,Stable,1,4,0
S02671,Female,Information Security,EntranceExam,2.13,2.63,2.27,2.6,2.41,130,0,0,1,0.88,2,Stable,1,4,1
S02672,Male,Automation,EntranceExam,2.08,2.17,1.55,1.68,1.87,140,6,1,0.93,0.9,1,Stable,1,4,0
S02673,Male,Business Administration,EntranceExam,3.31,2.96,2.93,2.51,2.93,120,4,0,0.81,0.75,0,Difficult,0,8,0
S02674,Male,Computer Science,EntranceExam,2.51,2.92,1.97,2.88,2.57,130,3,0,0.87,0.65,1,Average,0,6,0
S02675,Male,Financial Technology (Fintech),DirectAdmission,2.08,2.34,2.83,2.44,2.42,130,0,0,0.94,0.74,2,Stable,1,4,0
S02676,Male,Business Administration,EntranceExam,2.2,2.31,2.81,2.68,2.5,120,1,0,0.83,0.9,0,Average,0,6,0
S02677,Male,Information Technology,DirectAdmission,2.38,2.66,3.26,2.59,2.72,130,0,0,0.84,0.82,1,Stable,1,4,0
S02678,Female,Information Technology,EntranceExam,2.79,2.42,3.22,2.7,2.78,130,1,0,0.91,0.8,1,Stable,1,4,0
S02679,Male,Accounting,EntranceExam,3.29,3.4,3.95,3.15,3.45,130,0,0,0.94,0.85,2,Difficult,1,4,1
S02680,Male,Computer Science,EntranceExam,2.29,2.64,3.3,2.63,2.72,130,2,0,0.85,0.77,4,Stable,1,4,0
S02681,Female,Information Technology,DirectAdmission,2.46,2.58,2.23,2.52,2.45,130,0,0,0.88,0.64,3,Stable,1,4,1
S02682,Female,Artificial Intelligence,EntranceExam,3.07,2.35,2.68,3.12,2.8,130,0,0,0.89,0.97,3,Average,1,4,1
S02683,Female,Game Design and Development,DirectAdmission,2.07,2.01,1.91,2.48,2.12,140,4,0,0.81,0.6,2,Stable,0,6,1
S02684,Female,Business Administration,EntranceExam,2.72,3.04,3.79,3.23,3.2,120,0,0,0.83,0.84,2,Stable,1,4,0
S02685,Female,Marketing,DirectAdmission,3.34,3.6,2.76,3.87,3.39,120,0,0,0.96,0.96,1,Average,1,4,0
S02686,Female,Game Design and Development,EntranceExam,2.26,2.23,2.81,1.81,2.28,140,0,0,0.93,0.96,0,Average,1,4,0
S02687,Female,Notary Relations,EntranceExam,3.52,3.55,4,4,3.77,125,0,0,0.8,0.85,1,Stable,1,4,1
S02688,Female,E-commerce,EntranceExam,1.65,1.61,1.54,1.56,1.59,125,4,0,0.79,0.91,1,Average,0,8,0
S02689,Male,Multimedia Communication,EntranceExam,2.31,2.75,2.94,2.89,2.72,125,0,0,0.95,0.87,0,Stable,1,4,0
S02690,Female,Multimedia Communication,DirectAdmission,1.79,1.3,1.73,1.71,1.63,125,8,0,0.77,0.77,1,Stable,0,6,1
S02691,Male,Multimedia Technology,EntranceExam,1.72,1.6,1.81,1.86,1.75,125,4,0,0.74,0.71,2,Stable,0,5,0
S02692,Female,Computer Science,EntranceExam,2.05,2.26,2.19,2.31,2.2,130,3,0,0.77,0.78,2,Stable,0,5,1
S02693,Female,Automation,EntranceExam,2.11,2.27,1.95,1.93,2.06,140,5,0,0.59,0.7,0,Difficult,0,6,1
S02694,Male,Financial Technology (Fintech),EntranceExam,2.11,2.18,2.57,1.69,2.14,130,0,0,0.85,0.84,2,Stable,1,4,0
S02695,Female,Computer Science,DirectAdmission,3.05,3.63,3.49,3.3,3.37,130,0,0,0.81,0.84,1,Stable,1,4,0
S02696,Male,Information Security,EntranceExam,1.79,2.04,1.86,2.48,2.04,130,0,0,1,0.86,0,Stable,1,4,0
S02697,Female,Marketing,EntranceExam,1.6,1.92,1.9,2.25,1.92,120,6,0,0.88,0.89,0,Average,0,5,1
S02698,Male,Information Security,EntranceExam,2.99,2.62,2.7,3.36,2.92,130,1,0,0.71,0.69,1,Average,0,7,0
S02699,Female,Journalism,DirectAdmission,2.99,2.97,2.68,2.55,2.8,120,0,0,0.87,0.8,3,Stable,1,4,1
S02700,Male,Information Technology,DirectAdmission,2.56,3.34,2.68,3.28,2.96,130,0,0,0.86,0.95,2,Stable,1,4,1
S02701,Female,Financial Technology (Fintech),DirectAdmission,2.84,2.71,3.07,3.2,2.96,130,3,1,0.81,0.89,4,Average,0,5,1
S02702,Male,Accounting,EntranceExam,2.54,2.92,3.46,2.7,2.9,130,0,0,0.84,0.86,8,Stable,1,4,1
S02703,Male,Computer Science,EntranceExam,2.33,2.32,2.42,2.06,2.28,130,0,0,0.78,0.9,1,Stable,0,5,0
S02704,Female,Multimedia Communication,EntranceExam,2.3,1.63,1.11,1.48,1.63,125,5,1,1,0.9,1,Stable,0,5,1
S02705,Male,Information Security,DirectAdmission,3.92,3.64,3.64,4,3.8,130,0,0,1,1,3,Average,1,4,1
S02706,Female,Computer Science,EntranceExam,2.61,2.71,2.33,2.44,2.52,130,0,0,0.7,0.75,2,Stable,0,6,1
S02707,Male,Marketing,EntranceExam,2.89,2.69,2.92,2.8,2.82,120,0,0,0.99,0.84,3,Stable,1,4,1
S02708,Female,Computer Science,EntranceExam,2.51,2.73,2.75,3.04,2.76,130,0,0,0.88,0.85,2,Stable,1,4,1
S02709,Female,Business Administration,DirectAdmission,1.92,1.6,1.9,1.81,1.81,120,5,1,0.75,0.76,1,Stable,0,7,1
S02710,Male,Artificial Intelligence,EntranceExam,2.61,2.44,1.81,2.09,2.24,130,5,0,0.76,0.77,0,Difficult,0,6,0
S02711,Female,Journalism,EntranceExam,2.02,1.85,2.14,2.16,2.04,120,1,1,0.88,0.7,1,Stable,0,6,1
S02712,Female,Financial Technology (Fintech),EntranceExam,1.72,2.12,2.36,2.33,2.13,130,2,0,0.85,0.68,2,Stable,0,5,1
S02713,Female,Information Technology,EntranceExam,1.99,2.64,2.27,2.05,2.24,130,1,0,1,0.98,3,Average,1,4,1
S02714,Male,E-commerce,EntranceExam,2.62,2.64,2.27,2.37,2.47,125,1,0,0.83,0.67,0,Difficult,0,8,0
S02715,Male,Journalism,EntranceExam,2.02,2.3,2.04,2.31,2.17,120,4,0,0.93,0.91,0,Difficult,0,6,0
S02716,Male,Information Technology,EntranceExam,3.47,3.93,3.01,3.92,3.58,130,0,0,0.87,0.73,4,Average,1,4,1
S02717,Male,Information Technology,EntranceExam,3.19,3.46,3.3,3.38,3.33,130,0,0,0.9,0.75,3,Average,1,4,1
S02718,Female,Multimedia Communication,EntranceExam,2.31,1.93,2.27,1.95,2.11,125,2,0,0.94,0.82,1,Stable,0,6,0
S02719,Female,Computer Science,EntranceExam,2.04,2.74,2.07,2.4,2.31,130,0,0,1,0.9,1,Stable,1,4,1
S02720,Male,Accounting,DirectAdmission,2.95,3.84,2.84,2.87,3.12,130,2,0,1,0.8,1,Stable,1,4,1
S02721,Female,Journalism,EntranceExam,2.05,2.2,1.62,1.83,1.92,120,4,1,0.96,1,0,Stable,0,7,1
S02722,Male,Computer Science,EntranceExam,2.73,2.85,2.47,2.62,2.67,130,3,0,0.87,0.89,0,Stable,1,4,0
S02723,Male,Information Technology,EntranceExam,2.64,2.34,2.45,2.01,2.36,130,0,0,0.91,0.75,0,Stable,1,4,0
S02724,Female,Financial Technology (Fintech),EntranceExam,1.63,1.64,2.18,1.94,1.85,130,3,0,0.86,0.91,1,Average,0,6,1
S02725,Male,Multimedia Technology,EntranceExam,2.02,1.6,1.81,1.29,1.68,125,6,0,0.75,0.92,2,Stable,0,5,0
S02726,Female,Automation,EntranceExam,2.62,2.34,2.76,2.75,2.62,140,0,0,0.91,0.87,3,Average,1,4,1
S02727,Male,Computer Science,EntranceExam,2.42,2.39,2.01,1.86,2.17,130,2,1,0.91,0.69,1,Difficult,0,5,0
S02728,Male,Artificial Intelligence,EntranceExam,2.36,2.2,3.06,2.29,2.48,130,0,0,0.8,0.93,1,Average,1,4,0
S02729,Male,Artificial Intelligence,EntranceExam,2.34,2.07,2.28,1.97,2.16,130,2,0,0.73,0.96,1,Stable,0,7,0
S02730,Male,Journalism,EntranceExam,2.93,3.69,2.66,3.35,3.16,120,0,0,0.93,0.96,3,Stable,1,4,1
S02731,Male,Game Design and Development,EntranceExam,2.51,2.98,2.39,2.23,2.53,140,1,0,0.84,0.8,1,Stable,1,4,0
S02732,Female,E-commerce,EntranceExam,2.06,2.33,2.56,2.43,2.35,125,0,0,0.88,0.99,3,Stable,1,4,1
S02733,Female,Multimedia Technology,EntranceExam,2.47,2.88,2.62,1.74,2.43,125,0,0,0.88,1,1,Stable,1,4,1
S02734,Female,Accounting,EntranceExam,1.49,1.6,1.97,1.55,1.65,130,5,0,1,0.74,2,Stable,0,7,1
S02735,Female,Multimedia Communication,DirectAdmission,1.87,2.05,2.55,1.83,2.08,125,3,0,0.72,0.64,2,Average,0,5,1
S02736,Female,Information Security,DirectAdmission,2.78,2.83,2.74,3.12,2.87,130,1,0,0.85,0.87,3,Average,1,4,1
S02737,Male,Game Design and Development,EntranceExam,2.75,3.09,2.48,2.79,2.78,140,0,0,0.96,1,3,Average,1,4,1
S02738,Female,Information Technology,EntranceExam,3.07,3.26,3.02,3.12,3.12,130,0,0,0.94,0.91,1,Average,1,4,1
S02739,Female,Computer Science,EntranceExam,2.88,2.22,2.91,2.88,2.72,130,1,0,0.92,0.65,1,Stable,1,4,1
S02740,Female,Notary Relations,EntranceExam,3,2.4,2.39,2.3,2.52,125,1,0,0.77,0.83,1,Difficult,0,7,1
S02741,Female,Accounting,EntranceExam,2.26,2.39,2.56,2.47,2.42,130,1,1,0.96,0.87,1,Stable,1,4,1
S02742,Male,Game Design and Development,EntranceExam,1.62,1.79,1.63,1.75,1.7,140,6,1,0.92,0.86,2,Stable,0,5,0
S02743,Female,Artificial Intelligence,EntranceExam,2.21,2.09,1.66,2.57,2.13,130,2,0,0.98,1,1,Stable,1,4,1
S02744,Female,Computer Science,EntranceExam,2.17,2.19,2.83,2.97,2.54,130,0,0,0.87,0.85,0,Stable,1,4,1
S02745,Female,Computer Science,EntranceExam,2.56,2.71,2.84,2.82,2.73,130,1,0,0.88,0.74,2,Stable,1,4,1
S02746,Male,Computer Science,DirectAdmission,2.02,1.95,1.91,2.39,2.07,130,1,0,0.86,0.82,0,Difficult,0,5,0
S02747,Female,Financial Technology (Fintech),EntranceExam,2.55,3,3.14,3.19,2.97,130,0,0,0.97,0.99,4,Stable,1,4,0
S02748,Male,Financial Technology (Fintech),EntranceExam,1.61,1.9,2.8,1.73,2.01,130,3,0,0.84,0.91,1,Average,0,8,0
S02749,Female,Information Technology,EntranceExam,2.74,3.2,2.87,2.81,2.9,130,1,0,0.83,0.62,2,Average,0,7,1
S02750,Male,Information Technology,EntranceExam,2.36,2.9,2.62,2.42,2.58,130,0,0,0.98,0.81,1,Average,1,4,0
S02751,Female,Marketing,EntranceExam,2.86,2.15,2.32,2,2.33,120,2,0,0.94,0.95,0,Stable,1,4,1
S02752,Male,Game Design and Development,DirectAdmission,2.24,2.88,2.37,3.28,2.69,140,2,1,0.85,0.8,1,Stable,1,4,0
S02753,Female,Financial Technology (Fintech),EntranceExam,1.89,2.28,2.43,2.55,2.29,130,3,0,0.85,0.73,0,Stable,0,5,1
S02754,Male,Information Technology,DirectAdmission,2.72,2.99,2.77,2.94,2.86,130,0,0,0.83,0.72,1,Average,1,4,0
S02755,Female,Multimedia Communication,EntranceExam,1.49,2.33,1.11,2.24,1.79,125,8,0,0.83,0.84,1,Stable,0,7,0
S02756,Female,Game Design and Development,EntranceExam,2.47,2.51,2.36,2.17,2.38,140,5,2,0.73,0.85,1,Average,0,6,1
S02757,Female,Artificial Intelligence,DirectAdmission,3.65,3.27,3.68,2.84,3.36,130,0,0,0.88,0.71,1,Stable,1,4,0
S02758,Female,Multimedia Technology,EntranceExam,1.87,2.11,1.79,1.21,1.74,125,4,1,0.84,0.81,0,Average,0,7,0
S02759,Male,Marketing,EntranceExam,2.34,2.29,1.98,2.39,2.25,120,1,0,0.94,0.91,1,Stable,1,4,0
S02760,Male,Automation,EntranceExam,2.7,2.32,2.4,2.22,2.41,140,2,0,0.9,0.86,3,Difficult,0,5,0
S02761,Female,Computer Science,EntranceExam,2.48,1.62,1.78,1.98,1.96,130,3,1,0.85,0.82,2,Average,0,6,0
S02762,Male,E-commerce,EntranceExam,3.26,3.41,3.57,3.13,3.34,125,1,0,0.99,0.89,1,Average,1,4,1
S02763,Female,Financial Technology (Fintech),EntranceExam,3.61,3.55,3.11,3.48,3.44,130,0,0,0.82,0.87,2,Stable,1,4,0
S02764,Female,Computer Science,EntranceExam,2.07,2.41,2.55,2.63,2.42,130,2,0,0.89,0.77,1,Stable,0,8,1
S02765,Female,Financial Technology (Fintech),EntranceExam,2.89,2.69,2.4,2.57,2.64,130,0,0,0.91,0.77,0,Stable,1,4,1
S02766,Female,Computer Science,EntranceExam,1.95,2.14,1.88,2.12,2.02,130,3,0,0.72,0.78,0,Stable,0,7,1
S02767,Female,Information Technology,EntranceExam,3.27,3.97,2.77,2.95,3.24,130,0,0,0.81,0.82,4,Stable,1,4,1
S02768,Male,Journalism,EntranceExam,1.34,1.84,1.5,1.7,1.6,120,4,0,0.82,0.8,2,Stable,0,7,0
S02769,Female,Artificial Intelligence,EntranceExam,2.37,1.88,2.14,2.87,2.32,130,3,0,0.87,0.96,2,Difficult,0,5,1
S02770,Female,Financial Technology (Fintech),EntranceExam,2.56,2.67,1.76,2.38,2.34,130,1,0,0.9,0.72,1,Stable,1,4,1
S02771,Male,E-commerce,EntranceExam,2.92,3.25,2.54,3.05,2.94,125,0,0,0.9,0.83,1,Stable,1,4,0
S02772,Female,Information Security,EntranceExam,2.85,2.94,2.97,2.33,2.77,130,0,0,0.94,0.83,0,Stable,1,4,1
S02773,Male,Artificial Intelligence,DirectAdmission,2.78,3.12,2.43,3.14,2.87,130,0,0,0.84,0.88,2,Average,1,4,0
S02774,Male,Computer Science,EntranceExam,2.68,2.96,3.09,2.75,2.87,130,1,0,1,0.84,1,Stable,1,4,1
S02775,Female,Automation,EntranceExam,2.12,2,2.31,2.56,2.25,140,0,0,0.88,0.93,0,Stable,1,4,1
S02776,Male,Automation,DirectAdmission,1.64,1.96,2.51,2.01,2.03,140,2,0,0.8,0.7,1,Difficult,0,5,0
S02777,Male,Artificial Intelligence,DirectAdmission,2.92,3.13,3.52,2.91,3.12,130,0,0,0.94,0.74,3,Stable,1,4,1
S02778,Male,E-commerce,EntranceExam,2.68,3.07,3.11,2.69,2.89,125,0,0,0.9,0.79,3,Average,1,4,0
S02779,Female,E-commerce,EntranceExam,2.05,2.04,2.03,1.69,1.95,125,2,1,0.88,1,1,Stable,1,4,0
S02780,Female,Computer Science,EntranceExam,2.27,2.17,1.83,2.04,2.08,130,0,0,0.89,1,0,Average,0,5,0
S02781,Male,Business Administration,EntranceExam,3.24,2.81,3.06,3,3.03,120,0,0,0.82,0.98,0,Difficult,1,4,0
S02782,Male,Information Technology,EntranceExam,3.16,3.33,2.72,3.89,3.28,130,0,0,0.87,0.97,2,Stable,1,4,1
S02783,Female,Artificial Intelligence,EntranceExam,1.88,1.74,1.71,2.06,1.85,130,5,0,0.94,0.96,0,Stable,0,7,1
S02784,Female,Information Technology,EntranceExam,2.72,2.11,2.68,2.88,2.6,130,0,0,1,1,1,Stable,1,4,1
S02785,Female,Financial Technology (Fintech),DirectAdmission,2,2.19,1.92,2.65,2.19,130,0,0,1,0.85,2,Stable,1,4,1
S02786,Male,Multimedia Technology,EntranceExam,3.39,3.74,3.05,3.41,3.4,125,1,0,0.91,0.95,1,Difficult,1,4,1
S02787,Male,Computer Science,EntranceExam,1.65,2.47,2.56,1.94,2.15,130,4,0,0.64,0.81,1,Average,0,5,0
S02788,Female,Artificial Intelligence,EntranceExam,1.39,2.26,1.9,1.68,1.81,130,6,0,0.85,0.89,2,Average,0,5,1
S02789,Female,Computer Science,EntranceExam,1.42,1.44,1.86,1.64,1.59,130,7,1,0.73,0.64,2,Stable,0,5,1
S02790,Female,Computer Science,DirectAdmission,3.04,3.32,3.31,2.99,3.16,130,0,0,0.99,0.75,1,Average,1,4,1
S02791,Female,Business Administration,EntranceExam,2.36,2.01,2.7,2.62,2.42,120,2,0,0.83,0.83,1,Difficult,0,5,1
S02792,Female,Information Technology,EntranceExam,3.1,2.77,2.76,3.02,2.91,130,0,0,0.84,0.72,5,Stable,1,4,0
S02793,Male,Multimedia Communication,EntranceExam,2.99,3.54,3.1,3.09,3.18,125,0,0,0.86,0.74,2,Stable,1,4,0
S02794,Female,Financial Technology (Fintech),EntranceExam,2.71,3.22,3.04,2.85,2.95,130,1,0,0.86,0.81,1,Stable,1,4,1
S02795,Female,E-commerce,EntranceExam,2.22,1.59,2.08,2.15,2.01,125,1,0,0.85,0.91,3,Stable,1,4,1
S02796,Male,Information Technology,DirectAdmission,2.33,2.14,1.97,2.89,2.33,130,1,0,0.79,0.77,0,Average,0,5,0
S02797,Male,E-commerce,DirectAdmission,1.69,1.82,1.89,2.28,1.92,125,5,0,0.76,0.79,1,Stable,0,5,0
S02798,Female,Accounting,EntranceExam,1.61,1.79,2.39,2.65,2.11,130,2,0,0.87,0.91,0,Average,1,4,0
S02799,Female,Multimedia Communication,DirectAdmission,2.28,2.2,1.98,1.99,2.11,125,2,1,0.79,0.69,2,Difficult,0,8,0
S02800,Male,Marketing,EntranceExam,2.15,2.16,1.83,1.53,1.92,120,8,0,0.81,0.84,0,Average,0,6,0
S02801,Female,Notary Relations,EntranceExam,1.86,2.29,2.35,2.46,2.24,125,3,0,0.76,0.73,2,Difficult,0,8,1
S02802,Female,Information Technology,EntranceExam,2.36,2.45,2.04,1.97,2.2,130,1,1,0.91,0.8,1,Average,1,4,0
S02803,Male,Information Technology,EntranceExam,2.32,2.88,2.7,2.6,2.62,130,0,0,0.97,0.81,4,Average,1,4,0
S02804,Male,Artificial Intelligence,EntranceExam,1.92,3.08,1.76,2.81,2.39,130,0,0,0.93,1,3,Stable,1,4,0
S02805,Male,Multimedia Communication,DirectAdmission,2.4,2.44,2.76,2.92,2.63,125,3,0,0.77,0.77,2,Average,0,6,0
S02806,Male,Marketing,DirectAdmission,2.42,3.03,2.43,2.68,2.64,120,0,0,0.82,0.82,4,Stable,1,4,0
S02807,Female,Information Technology,DirectAdmission,2.69,1.83,2.63,2.2,2.34,130,3,0,0.84,0.87,1,Difficult,0,5,1
S02808,Female,Information Technology,EntranceExam,1.1,1.22,1.41,1.05,1.2,130,9,1,0.86,0.76,0,Average,0,5,1
S02809,Male,Business Administration,DirectAdmission,2.08,1.99,2.04,2.65,2.19,120,2,0,0.87,0.74,1,Average,0,6,0
S02810,Female,Journalism,DirectAdmission,3.06,2.71,2.44,3.42,2.91,120,0,1,0.87,0.93,1,Stable,1,4,1
S02811,Male,E-commerce,EntranceExam,3.19,2.66,2.97,2.93,2.94,125,0,0,0.85,0.8,2,Stable,1,4,0
S02812,Female,Computer Science,EntranceExam,2.58,1.66,2.47,2.02,2.18,130,2,0,0.84,0.87,0,Stable,0,6,1
S02813,Male,Automation,DirectAdmission,2.13,1.48,2.08,2.48,2.04,140,0,0,0.88,0.89,3,Stable,1,4,0
S02814,Female,Information Security,EntranceExam,1.88,2.3,2.43,2.35,2.24,130,0,0,0.89,0.75,0,Stable,1,4,1
S02815,Male,Financial Technology (Fintech),EntranceExam,3.35,3.87,3.8,3.73,3.69,130,0,0,0.89,0.75,4,Average,1,4,1
S02816,Male,Game Design and Development,DirectAdmission,2.5,2.58,2.8,2.8,2.67,140,0,0,0.88,0.72,1,Stable,1,4,0
S02817,Male,Information Technology,EntranceExam,2.42,2.61,2.42,2.44,2.47,130,0,0,0.93,0.84,1,Stable,1,4,0
S02818,Female,Information Technology,EntranceExam,1.69,2.36,2.46,2.57,2.27,130,5,0,0.87,0.79,1,Average,0,5,1
S02819,Female,Automation,EntranceExam,2.15,2.06,1.97,2.93,2.28,140,2,0,0.78,0.76,2,Average,0,6,1
S02820,Male,E-commerce,EntranceExam,2.84,2.59,3.45,2.2,2.77,125,2,0,0.86,1,2,Stable,1,4,0
S02821,Male,Information Technology,DirectAdmission,2.53,3.28,2.89,2.5,2.8,130,0,0,1,0.69,3,Stable,1,4,0
S02822,Male,Multimedia Technology,EntranceExam,2.74,2.79,2.98,2.35,2.72,125,0,0,0.89,0.81,0,Average,1,4,0
S02823,Female,Artificial Intelligence,EntranceExam,2.47,1.74,2.28,2.06,2.14,130,4,0,0.89,0.72,2,Average,0,5,1
S02824,Male,Computer Science,EntranceExam,2.13,2.58,1.84,1.59,2.04,130,1,1,1,0.79,0,Stable,1,4,0
S02825,Female,Information Technology,EntranceExam,2.65,2.78,2.67,2.4,2.62,130,0,0,0.81,0.87,0,Stable,1,4,1
S02826,Male,Marketing,EntranceExam,1.41,1.67,1.3,1.26,1.41,120,3,0,0.73,0.97,2,Stable,0,6,0
S02827,Female,Multimedia Technology,EntranceExam,3.43,3.61,3.88,3.76,3.67,125,0,0,0.89,0.79,1,Stable,1,4,0
S02828,Male,Multimedia Communication,DirectAdmission,2.89,3.16,3.23,3.09,3.09,125,0,0,0.82,0.71,4,Stable,1,4,1
S02829,Male,Journalism,EntranceExam,1.66,1.96,2.47,1.61,1.92,120,6,0,0.86,0.92,0,Stable,0,5,0
S02830,Male,Financial Technology (Fintech),EntranceExam,2.81,3.3,3.07,3.28,3.12,130,0,0,0.63,0.78,2,Difficult,0,7,0
S02831,Female,Accounting,DirectAdmission,3.13,3.28,3.47,2.96,3.21,130,0,0,0.95,0.82,1,Stable,1,4,0
S02832,Female,Multimedia Technology,EntranceExam,3.26,3.35,2.71,3.01,3.08,125,0,0,0.82,0.76,0,Difficult,1,4,1
S02833,Female,Information Technology,EntranceExam,2.39,2.81,2.6,2.77,2.64,130,1,0,0.87,0.79,0,Stable,1,4,1
S02834,Male,Artificial Intelligence,EntranceExam,2.81,3.56,2.94,2.9,3.05,130,0,0,0.96,0.83,1,Stable,1,4,1
S02835,Male,E-commerce,EntranceExam,1.52,2.4,2.72,1.9,2.14,125,4,0,0.8,0.83,1,Average,0,7,0
S02836,Male,E-commerce,EntranceExam,2.49,2.26,2.58,2.17,2.38,125,1,0,0.86,0.91,2,Stable,1,4,0
S02837,Male,Information Technology,EntranceExam,1.7,1.51,2.36,1.45,1.76,130,10,0,0.76,0.93,2,Stable,0,7,0
S02838,Male,Financial Technology (Fintech),EntranceExam,2.93,2.74,2.61,3.1,2.84,130,1,0,0.94,1,0,Stable,1,4,0
S02839,Male,Accounting,EntranceExam,2.43,2.23,1.69,1.99,2.08,130,3,0,0.87,0.67,3,Average,0,5,0
S02840,Female,Financial Technology (Fintech),EntranceExam,2.27,1.87,2.05,1.93,2.03,130,1,0,0.85,0.85,3,Average,0,5,1
S02841,Female,Information Technology,EntranceExam,2.66,3.06,2.76,3.27,2.94,130,0,0,0.88,0.78,1,Stable,1,4,1
S02842,Female,Game Design and Development,EntranceExam,2.31,2.53,2.98,2.09,2.48,140,0,1,0.96,0.91,1,Stable,1,4,1
S02843,Female,Multimedia Communication,EntranceExam,1.97,2.64,3.09,2.42,2.53,125,1,0,0.89,0.95,1,Average,1,4,1
S02844,Male,Artificial Intelligence,EntranceExam,2.16,1.85,1.94,1.64,1.9,130,0,0,0.93,0.87,3,Stable,1,4,0
S02845,Female,E-commerce,DirectAdmission,2.76,2.44,2.99,2.82,2.75,125,0,0,0.92,0.77,1,Average,1,4,1
S02846,Female,Game Design and Development,EntranceExam,2.69,2.96,2.85,2.74,2.81,140,0,0,0.88,0.95,2,Average,1,4,1
S02847,Male,Financial Technology (Fintech),EntranceExam,2.35,2.83,2.7,2.83,2.68,130,0,1,0.86,0.72,1,Average,1,4,0
S02848,Female,Marketing,EntranceExam,2.09,3.23,2.84,2.56,2.68,120,1,0,0.95,0.96,3,Stable,1,4,1
S02849,Female,Information Technology,EntranceExam,1.93,2.53,2.29,2.09,2.21,130,0,0,0.87,0.94,1,Stable,1,4,1
S02850,Female,Artificial Intelligence,EntranceExam,2.4,2.7,3.05,2.66,2.7,130,1,0,0.94,0.95,0,Average,1,4,1
S02851,Female,E-commerce,EntranceExam,2.94,3.03,3.28,3.96,3.3,125,0,0,0.93,0.94,4,Stable,1,4,0
S02852,Female,Accounting,EntranceExam,2.46,2.7,2.12,2.48,2.44,130,3,0,0.83,0.76,2,Difficult,0,5,1
S02853,Female,E-commerce,EntranceExam,2.78,2.56,2.4,2.48,2.56,125,1,0,0.9,0.9,1,Stable,1,4,1
S02854,Male,E-commerce,EntranceExam,2.21,2.48,2.55,2.38,2.4,125,1,0,0.93,0.8,3,Stable,1,4,0
S02855,Female,Information Technology,EntranceExam,2.44,2.39,2.64,2.47,2.49,130,0,0,0.83,0.96,1,Average,1,4,1
S02856,Female,Information Security,EntranceExam,1.97,2.51,2.58,2.52,2.4,130,1,0,0.78,0.81,1,Difficult,0,6,1
S02857,Male,E-commerce,EntranceExam,2.99,3.59,3.3,3.52,3.35,125,0,0,0.83,0.8,0,Stable,1,4,1
S02858,Female,Information Security,EntranceExam,2.15,2.32,2.68,2.76,2.48,130,2,0,0.71,0.75,0,Stable,0,5,1
S02859,Female,E-commerce,EntranceExam,2.05,1.35,1.45,1.25,1.52,125,11,0,0.79,0.61,0,Stable,0,5,1
S02860,Female,Notary Relations,EntranceExam,3.22,2.93,2.83,2.58,2.89,125,0,0,0.88,0.85,3,Average,1,4,1
S02861,Female,Computer Science,DirectAdmission,3.51,3.79,3.64,4,3.74,130,0,0,0.95,0.54,1,Average,1,4,0
S02862,Male,Artificial Intelligence,EntranceExam,2.31,2.24,2.31,1.6,2.12,130,0,0,0.97,0.84,4,Stable,1,4,0
S02863,Male,Information Technology,EntranceExam,2.04,2.07,2.04,2.56,2.18,130,1,0,0.97,0.81,0,Stable,1,4,0
S02864,Female,Multimedia Technology,DirectAdmission,2.85,3.65,3.15,2.83,3.12,125,0,0,0.86,0.85,1,Average,1,4,0
S02865,Male,Multimedia Communication,EntranceExam,2.92,3.2,3.05,3.31,3.12,125,0,0,0.85,0.87,1,Average,1,4,1
S02866,Male,Business Administration,EntranceExam,1.68,1.55,1.76,1.97,1.74,120,1,0,0.98,0.78,0,Difficult,0,5,0
S02867,Female,Financial Technology (Fintech),EntranceExam,2.91,3.26,3.18,3.12,3.12,130,1,0,0.85,0.81,1,Stable,1,4,1
S02868,Male,Business Administration,EntranceExam,2.58,2.52,2.86,1.77,2.43,120,0,0,0.83,0.86,1,Stable,1,4,0
S02869,Female,Multimedia Communication,EntranceExam,2.29,2.73,2.76,2.7,2.62,125,0,0,0.95,0.78,0,Stable,1,4,1
S02870,Female,Computer Science,EntranceExam,2.85,3.32,3.39,3.09,3.16,130,1,0,0.9,0.81,2,Stable,1,4,0
S02871,Female,Multimedia Communication,EntranceExam,2.6,2.88,2.54,2.78,2.7,125,2,0,0.75,0.9,1,Difficult,0,8,1
S02872,Female,Information Technology,EntranceExam,1.8,1.84,1.63,2.38,1.91,130,4,0,0.87,0.79,1,Average,0,7,1
S02873,Male,Automation,EntranceExam,2.05,2.34,2.53,2.13,2.26,140,4,0,0.71,0.65,2,Stable,0,7,0
S02874,Female,Accounting,EntranceExam,2.45,1.96,2.59,2.66,2.42,130,0,0,0.9,0.81,3,Stable,1,4,1
S02875,Female,Information Technology,EntranceExam,2.79,2.89,3.06,2.93,2.92,130,0,0,0.95,0.94,2,Stable,1,4,0
S02876,Female,Information Technology,DirectAdmission,2.22,3.05,3.19,3.15,2.9,130,0,0,0.83,0.86,2,Stable,1,4,1
S02877,Female,Artificial Intelligence,EntranceExam,2.21,2.22,2.28,2.21,2.23,130,1,0,0.85,0.68,1,Stable,0,5,0
S02878,Female,Journalism,DirectAdmission,1.88,2.87,2.46,2.38,2.4,120,0,0,0.85,0.83,2,Stable,1,4,0
S02879,Female,E-commerce,EntranceExam,3.12,3.59,2.81,3.58,3.28,125,0,0,0.9,0.81,3,Average,1,4,0
S02880,Male,Automation,EntranceExam,2.07,2.4,2.07,1.68,2.05,140,5,0,0.81,0.75,3,Stable,0,6,0
S02881,Male,Automation,EntranceExam,3.76,4,3.26,3.42,3.61,140,1,0,0.83,1,0,Difficult,1,4,1
S02882,Female,E-commerce,EntranceExam,2.27,2.31,2.69,1.96,2.31,125,4,0,0.83,0.95,1,Average,0,7,1
S02883,Female,Marketing,DirectAdmission,3.41,2.96,2.61,2.82,2.95,120,2,0,0.87,0.86,4,Stable,1,4,0
S02884,Female,Information Technology,EntranceExam,2.01,2.1,2.01,2.22,2.08,130,0,0,0.97,1,3,Stable,1,4,0
S02885,Male,E-commerce,DirectAdmission,2.63,2.76,2.41,2.67,2.62,125,0,0,0.81,0.77,2,Stable,1,4,0
S02886,Male,Marketing,EntranceExam,2.48,2.85,2.96,2.78,2.77,120,3,0,0.72,0.59,0,Stable,0,8,0
S02887,Male,Computer Science,DirectAdmission,2.63,2.07,2.39,2.11,2.3,130,4,0,0.77,0.6,2,Average,0,7,0
S02888,Female,Marketing,EntranceExam,2.24,2.07,2.9,2.04,2.31,120,2,0,0.76,0.68,1,Difficult,0,7,1
S02889,Male,Multimedia Technology,EntranceExam,3.06,2.99,2.67,2.92,2.91,125,0,0,0.82,0.79,1,Average,0,6,0
S02890,Male,Automation,EntranceExam,3.65,3.68,3.56,2.95,3.46,140,0,0,0.87,0.93,1,Stable,1,4,1
S02891,Male,Financial Technology (Fintech),DirectAdmission,2.76,3.09,2.78,2.34,2.74,130,1,0,0.84,0.94,3,Average,1,4,0
S02892,Male,Information Technology,EntranceExam,3.19,3.3,2.95,3.07,3.13,130,0,0,0.96,0.84,1,Stable,1,4,1
S02893,Male,Multimedia Technology,EntranceExam,1.03,1.58,1.63,0.84,1.27,125,6,0,0.77,0.87,2,Average,0,5,0
S02894,Female,Multimedia Communication,EntranceExam,2.35,1.95,1.86,2.05,2.05,125,4,0,0.86,0.81,0,Stable,0,7,1
S02895,Male,Information Technology,EntranceExam,2.09,2.13,2.13,2.12,2.12,130,2,0,0.92,0.97,2,Stable,1,4,0
S02896,Male,Information Technology,DirectAdmission,3.62,3.96,3.79,3.93,3.82,130,1,0,0.93,0.82,2,Stable,1,4,1
S02897,Male,E-commerce,EntranceExam,2.06,2.43,2.96,2.28,2.43,125,2,0,0.85,0.94,1,Average,1,4,0
S02898,Male,Financial Technology (Fintech),EntranceExam,2.46,2.4,2.58,2.78,2.55,130,0,0,1,0.91,6,Average,1,4,0
S02899,Female,E-commerce,DirectAdmission,2.99,2.82,2.95,2.63,2.85,125,0,0,0.81,0.81,1,Stable,1,4,1
S02900,Male,Automation,EntranceExam,2.56,3.1,2.61,3.07,2.84,140,1,0,0.85,0.81,2,Average,1,4,0
S02901,Female,E-commerce,DirectAdmission,1.6,2.04,2.46,2.02,2.03,125,4,0,0.87,0.86,1,Average,0,6,1
S02902,Female,Computer Science,EntranceExam,2.51,2.79,2.43,2.93,2.66,130,1,0,0.77,0.75,2,Difficult,0,6,1
S02903,Female,Information Technology,EntranceExam,2.08,1.6,2.07,1.59,1.84,130,8,0,0.9,0.82,1,Stable,0,7,1
S02904,Female,Computer Science,DirectAdmission,3.64,3.68,3.25,3.77,3.58,130,0,0,0.89,0.7,2,Stable,1,4,1
S02905,Female,Information Technology,DirectAdmission,2.53,3.41,3.34,2.42,2.92,130,1,0,0.91,0.84,2,Average,1,4,1
S02906,Female,Multimedia Technology,DirectAdmission,2.36,2.93,2.57,3.05,2.73,125,0,0,0.88,0.92,0,Stable,1,4,1
S02907,Male,Business Administration,EntranceExam,2.2,2.75,3.16,2.46,2.64,120,2,0,0.9,0.84,2,Average,0,7,0
S02908,Female,Business Administration,DirectAdmission,2.45,2.81,2.69,2.39,2.58,120,1,0,0.81,0.86,1,Stable,1,4,1
S02909,Male,Information Technology,EntranceExam,2.77,2.83,2.83,2.86,2.82,130,0,0,0.82,0.79,0,Average,1,4,0
S02910,Male,Automation,DirectAdmission,2.86,2.19,3.52,2.81,2.84,140,0,0,0.95,0.63,3,Average,1,4,1
S02911,Male,Business Administration,EntranceExam,2.71,2.4,2.36,3.11,2.64,120,0,0,0.83,0.96,2,Stable,1,4,0
S02912,Male,Artificial Intelligence,EntranceExam,2.26,2.25,2.24,3.03,2.44,130,1,0,0.76,0.63,1,Stable,0,6,0
S02913,Female,Accounting,EntranceExam,2.25,2.61,2.5,2.78,2.53,130,0,0,0.99,0.69,1,Average,1,4,1
S02914,Male,Information Technology,EntranceExam,2.23,1.99,2.64,2.2,2.26,130,4,0,0.8,0.62,0,Stable,0,5,0
S02915,Female,Accounting,EntranceExam,2.23,2.46,2.64,2.52,2.46,130,1,0,0.91,0.79,3,Average,1,4,1
S02916,Female,Notary Relations,EntranceExam,3.39,4,3.58,3.42,3.6,125,0,0,0.8,0.78,1,Average,1,4,0
S02917,Female,Automation,EntranceExam,2.31,2.6,2.01,2.77,2.42,140,0,0,0.92,0.96,0,Stable,1,4,1
S02918,Female,Multimedia Communication,EntranceExam,2.34,3.09,3.24,3.8,3.12,125,0,0,0.92,0.71,2,Difficult,1,4,1
S02919,Female,Financial Technology (Fintech),EntranceExam,1.36,1.68,1.12,1.05,1.3,130,6,0,1,0.79,0,Stable,0,6,1
S02920,Male,Information Technology,EntranceExam,2.52,2.57,2.68,3,2.69,130,0,0,0.91,0.69,1,Stable,1,4,0
S02921,Male,Game Design and Development,EntranceExam,3.24,3.19,3.06,2.03,2.88,140,0,0,0.85,0.83,0,Stable,1,4,0
S02922,Male,Information Technology,EntranceExam,2.02,2.36,2.44,2.36,2.3,130,0,0,0.8,0.83,4,Average,1,4,0
S02923,Male,Multimedia Communication,DirectAdmission,2.64,3.12,2.93,3.23,2.98,125,0,0,0.83,0.83,0,Stable,1,4,0
S02924,Male,Information Technology,EntranceExam,2.92,2.69,2.68,3.26,2.89,130,0,0,0.84,1,0,Average,1,4,0
S02925,Male,Business Administration,DirectAdmission,2.47,3.14,3.14,3.06,2.95,120,0,0,0.91,0.85,2,Stable,1,4,1
S02926,Female,Business Administration,EntranceExam,2.51,3.28,2.62,3.25,2.92,120,1,0,0.99,0.78,0,Stable,1,4,1
S02927,Female,Multimedia Communication,DirectAdmission,2.28,2.29,2.61,2.73,2.48,125,1,0,0.87,0.9,3,Stable,1,4,1
S02928,Female,Multimedia Technology,EntranceExam,2.14,2.64,2.41,2.32,2.38,125,0,0,0.92,0.89,2,Stable,1,4,1
S02929,Male,E-commerce,EntranceExam,2.88,2.78,2.6,2.88,2.78,125,0,0,0.81,0.78,0,Average,1,4,0
S02930,Female,Computer Science,EntranceExam,2.69,2.42,2.87,2.25,2.56,130,1,0,0.91,0.69,2,Stable,1,4,1
S02931,Male,Financial Technology (Fintech),DirectAdmission,2.52,2.05,2.83,2.85,2.56,130,2,0,0.79,0.77,2,Average,0,5,0
S02932,Male,Game Design and Development,DirectAdmission,2.54,2.99,3.23,3.13,2.97,140,1,0,0.9,0.89,1,Stable,1,4,1
S02933,Female,Journalism,EntranceExam,2.53,1.86,2.64,2.48,2.38,120,1,0,0.94,0.79,2,Stable,1,4,1
S02934,Male,Financial Technology (Fintech),DirectAdmission,2.34,2.92,2.66,3.37,2.82,130,0,0,0.9,0.86,1,Stable,1,4,0
S02935,Male,Game Design and Development,EntranceExam,3.02,3.3,2.95,3.49,3.19,140,1,1,0.79,0.72,1,Difficult,0,7,1
S02936,Female,Multimedia Technology,EntranceExam,2.28,2.54,2.14,2.57,2.38,125,1,0,0.88,0.88,0,Average,1,4,1
S02937,Male,Marketing,EntranceExam,2.47,3.24,3.26,2.25,2.8,120,0,0,0.88,0.97,0,Stable,1,4,0
S02938,Male,Multimedia Communication,EntranceExam,1.73,2.2,2.45,1.55,1.98,125,2,0,0.91,0.97,0,Stable,1,4,0
S02939,Female,Business Administration,DirectAdmission,2.85,3.27,2.72,2.91,2.94,120,1,0,0.67,0.81,0,Difficult,0,5,1
S02940,Female,Business Administration,DirectAdmission,2.42,2.79,2.59,2.3,2.52,120,3,0,0.67,0.53,1,Stable,0,5,1
S02941,Female,Accounting,EntranceExam,2.61,2.05,2.41,3.15,2.56,130,4,1,0.79,0.7,0,Stable,0,5,1
S02942,Male,Artificial Intelligence,DirectAdmission,2.68,2.4,1.96,2.14,2.3,130,1,0,0.8,0.9,1,Stable,1,4,0
S02943,Female,Multimedia Technology,DirectAdmission,2.25,2.79,3.44,2.66,2.78,125,0,0,0.86,0.66,0,Stable,1,4,0
S02944,Female,Multimedia Communication,EntranceExam,1.56,2.54,2.21,2.46,2.19,125,0,0,0.8,0.97,1,Stable,1,4,1
S02945,Female,Computer Science,DirectAdmission,2.22,2.3,2.59,2.1,2.3,130,1,0,0.88,0.87,3,Stable,1,4,1
S02946,Female,Computer Science,EntranceExam,2.51,2.02,2.76,2.88,2.54,130,0,0,0.89,0.7,1,Average,1,4,1
S02947,Female,Automation,EntranceExam,2.68,3.1,2.75,2.74,2.82,140,0,0,0.88,0.79,3,Stable,1,4,1
S02948,Male,Computer Science,EntranceExam,2.9,2.98,3.03,3.27,3.04,130,0,0,0.93,0.96,3,Stable,1,4,1
S02949,Female,Game Design and Development,EntranceExam,1.71,1.95,2.04,1.68,1.84,140,8,0,0.85,0.61,1,Average,0,7,1
S02950,Female,Information Security,EntranceExam,2.23,2.43,2.42,1.76,2.21,130,2,0,0.73,0.85,1,Stable,0,5,1
S02951,Male,Information Technology,EntranceExam,1.08,1.46,1.44,1.77,1.44,130,9,1,0.85,0.85,3,Stable,0,7,0
S02952,Male,Information Security,EntranceExam,2.78,2.53,3.29,3.74,3.08,130,0,0,0.66,0.73,3,Difficult,0,6,0
S02953,Male,Business Administration,EntranceExam,3.2,3.44,3.62,4,3.57,120,1,0,0.86,0.94,1,Stable,1,4,1
S02954,Female,Game Design and Development,EntranceExam,1.55,1.95,1.42,1.86,1.7,140,4,0,1,1,3,Average,1,4,1
S02955,Male,Multimedia Communication,DirectAdmission,2.22,2.92,3.26,3.02,2.86,125,0,0,0.89,0.76,0,Average,1,4,0
S02956,Male,Business Administration,EntranceExam,1.91,2.09,1.88,1.91,1.95,120,3,0,0.86,0.86,1,Stable,1,4,0
S02957,Female,Information Technology,EntranceExam,2.88,3.09,3.35,3.09,3.1,130,0,0,0.96,0.93,1,Stable,1,4,0
S02958,Male,Multimedia Communication,EntranceExam,2.02,2.6,2.84,2.23,2.42,125,1,0,1,0.96,1,Stable,1,4,0
S02959,Female,Artificial Intelligence,EntranceExam,2.25,2.3,2.38,2.7,2.41,130,1,0,0.85,0.92,1,Stable,1,4,1
S02960,Female,Journalism,EntranceExam,2.6,2.74,2.63,2.71,2.67,120,0,0,0.81,0.92,4,Stable,1,4,0
S02961,Male,Artificial Intelligence,EntranceExam,3.13,2.33,2.4,2.37,2.56,130,1,0,0.86,0.83,2,Stable,1,4,0
S02962,Male,E-commerce,EntranceExam,2.29,2.3,3.04,2.57,2.55,125,0,0,0.92,0.86,3,Stable,1,4,0
S02963,Female,Game Design and Development,EntranceExam,2.41,2.72,2.65,2.72,2.63,140,0,0,0.86,0.79,3,Stable,1,4,1
S02964,Male,E-commerce,EntranceExam,2.19,2.85,2.52,1.94,2.38,125,0,0,0.88,0.96,3,Stable,1,4,0
S02965,Female,Business Administration,EntranceExam,2.56,3.08,2.77,2.68,2.77,120,0,0,0.86,0.94,0,Average,1,4,1
S02966,Female,Multimedia Technology,EntranceExam,2,2.37,2.1,2.06,2.13,125,0,0,0.98,0.67,2,Stable,1,4,0
S02967,Male,Information Technology,DirectAdmission,2.29,2.54,2.93,3.15,2.73,130,1,0,0.82,0.91,1,Average,0,5,0
S02968,Female,Computer Science,DirectAdmission,3.38,3.1,2.85,3.68,3.25,130,0,0,0.81,0.96,1,Average,1,4,0
S02969,Male,Information Technology,EntranceExam,2.48,2.22,2.58,2.38,2.42,130,1,1,0.72,0.73,1,Average,0,6,0
S02970,Male,Marketing,EntranceExam,1.23,1.63,2.17,1.48,1.63,120,5,0,0.81,0.92,0,Stable,0,7,0
S02971,Female,Business Administration,DirectAdmission,1.82,2.24,2.29,2.22,2.14,120,1,0,0.87,0.98,0,Average,0,5,1
S02972,Female,Notary Relations,DirectAdmission,2.41,2.74,2.96,2.44,2.64,125,1,0,0.95,0.76,3,Average,0,5,1
S02973,Female,Financial Technology (Fintech),EntranceExam,1.85,1.8,1.96,1.63,1.81,130,2,0,0.84,0.73,1,Average,0,7,1
S02974,Male,E-commerce,DirectAdmission,3.15,3.37,3.66,3.3,3.37,125,0,0,0.82,0.82,3,Difficult,1,4,1
S02975,Male,Information Technology,EntranceExam,1.72,1.96,1.94,1.62,1.81,130,3,0,0.82,0.73,0,Average,0,5,0
S02976,Female,Marketing,EntranceExam,2.26,2.16,2.36,3.01,2.45,120,1,0,0.93,1,2,Stable,1,4,1
S02977,Female,Business Administration,EntranceExam,2.29,3.24,3.49,2.64,2.92,120,0,0,0.88,1,1,Difficult,1,4,1
S02978,Male,Automation,EntranceExam,1.94,2.57,2.17,2.23,2.23,140,1,0,0.86,1,2,Stable,1,4,0
S02979,Female,Information Technology,EntranceExam,2.66,2.54,3.36,2.35,2.73,130,0,0,0.86,0.91,3,Stable,1,4,1
S02980,Female,Automation,EntranceExam,2.13,2.86,3.48,2.36,2.71,140,0,0,0.82,0.67,2,Stable,1,4,1
S02981,Female,Accounting,EntranceExam,3.46,2.77,3.76,3.68,3.42,130,0,0,0.99,0.86,1,Average,1,4,0
S02982,Female,Information Technology,EntranceExam,2.65,3.16,3.02,3.18,3,130,0,0,0.9,0.82,0,Stable,1,4,0
S02983,Male,Business Administration,DirectAdmission,2.8,3.17,2.52,2.4,2.72,120,0,0,0.98,0.93,0,Average,1,4,0
S02984,Female,Financial Technology (Fintech),EntranceExam,2.8,3.2,2.54,2.94,2.87,130,0,0,0.94,0.84,0,Average,1,4,1
S02985,Female,Marketing,EntranceExam,1.95,2.14,2.33,1.8,2.06,120,3,0,0.74,0.89,1,Stable,0,8,1
S02986,Male,Artificial Intelligence,EntranceExam,1.03,1.4,0.86,1.19,1.12,130,4,1,0.76,0.87,1,Stable,0,6,0
S02987,Male,Multimedia Technology,EntranceExam,2.16,2.21,3.29,2.76,2.6,125,1,0,0.75,0.62,0,Average,0,6,0
S02988,Female,Automation,EntranceExam,1.49,1.26,1.46,1.37,1.4,140,6,0,0.83,0.97,2,Average,0,5,1
S02989,Female,Information Technology,EntranceExam,3.67,3.96,3.78,3.65,3.76,130,0,0,0.86,0.88,3,Stable,1,4,0
S02990,Male,Artificial Intelligence,EntranceExam,3.01,3.35,2.98,2.98,3.08,130,1,0,0.85,1,1,Stable,1,4,1
S02991,Male,Journalism,DirectAdmission,2.26,2.53,2.49,2.71,2.5,120,0,0,0.9,0.85,0,Stable,1,4,0
S02992,Male,Information Security,EntranceExam,3.07,3.19,3.01,3.36,3.16,130,1,1,0.61,0.8,1,Average,0,5,0
S02993,Male,Artificial Intelligence,EntranceExam,2.95,2.46,3.17,2.75,2.83,130,1,0,0.92,0.93,0,Average,1,4,0
S02994,Male,Information Technology,EntranceExam,1.78,1.61,1.48,1.63,1.62,130,13,0,0.8,0.63,0,Difficult,0,5,0
S02995,Female,Information Technology,EntranceExam,2.33,2.2,2.04,2.13,2.17,130,3,0,0.79,0.84,0,Average,0,5,0
S02996,Female,Information Security,EntranceExam,2.68,2.74,2.9,2.41,2.68,130,1,1,0.89,0.87,1,Average,1,4,1
S02997,Male,Information Security,DirectAdmission,1.89,2.09,2.65,2.14,2.19,130,3,0,0.83,0.77,1,Stable,0,7,0
S02998,Male,Information Security,DirectAdmission,1.46,1.75,1.82,1.64,1.67,130,6,0,0.95,0.74,4,Average,0,6,0
S02999,Male,Information Technology,EntranceExam,3.27,3.05,2.66,3.17,3.04,130,0,0,0.89,0.73,2,Average,1,4,1
S03000,Male,Journalism,EntranceExam,3.09,3.47,3.6,3.54,3.42,120,0,0,0.94,0.86,1,Difficult,1,4,1
S03001,Female,Information Technology,EntranceExam,2.16,2.32,2.76,2.05,2.32,130,5,0,0.88,0.89,1,Average,0,6,0
S03002,Male,E-commerce,EntranceExam,2.38,2.26,2.17,2.33,2.28,125,0,0,0.78,0.99,0,Stable,0,8,0
S03003,Male,Automation,EntranceExam,3.65,3.8,3.24,3.47,3.54,140,0,0,0.81,0.59,1,Stable,1,4,1
S03004,Female,Artificial Intelligence,EntranceExam,2.43,2.31,3.21,2.33,2.57,130,7,0,0.86,0.69,2,Average,0,6,1
S03005,Male,Artificial Intelligence,EntranceExam,2.77,2.26,3.05,3.25,2.83,130,0,0,0.81,0.8,2,Stable,1,4,0
S03006,Female,Financial Technology (Fintech),EntranceExam,1.86,2.21,2.02,2.49,2.14,130,0,0,0.98,0.82,1,Stable,1,4,1
S03007,Female,Automation,DirectAdmission,1.22,1.18,1.09,1.74,1.31,140,7,0,0.81,0.79,2,Stable,0,5,0
S03008,Female,Information Security,EntranceExam,2.28,3.54,3.05,2.42,2.82,130,0,0,0.91,0.77,1,Stable,1,4,1
S03009,Male,Multimedia Communication,EntranceExam,2.43,2.36,2.78,2.38,2.49,125,2,0,0.83,0.95,0,Stable,1,4,0
S03010,Male,Journalism,EntranceExam,3.25,3.29,3.02,3.55,3.28,120,0,0,0.94,0.97,1,Stable,1,4,1
S03011,Male,Notary Relations,EntranceExam,2.72,2.8,2.32,2.62,2.62,125,0,0,0.98,0.94,0,Stable,1,4,0
S03012,Female,Accounting,EntranceExam,1.89,2.81,2.32,1.67,2.17,130,0,0,0.96,0.89,2,Stable,1,4,1
S03013,Female,Marketing,EntranceExam,1.87,2.64,2.34,2.44,2.32,120,5,0,0.84,0.75,0,Average,0,8,1
S03014,Female,Multimedia Technology,DirectAdmission,2.5,2.94,2.49,2.51,2.61,125,3,0,0.74,0.66,2,Average,0,5,0
S03015,Female,E-commerce,EntranceExam,2.32,1.88,2.11,2.45,2.19,125,1,0,0.84,0.81,2,Stable,1,4,1
S03016,Male,Business Administration,EntranceExam,2.16,2.6,2.48,2.26,2.38,120,4,0,0.77,0.78,0,Difficult,0,5,0
S03017,Female,Game Design and Development,EntranceExam,3.21,3.09,3.4,2.64,3.08,140,0,0,0.92,0.95,2,Stable,1,4,0
S03018,Male,Journalism,DirectAdmission,2.27,2.87,2.95,2.39,2.62,120,0,0,0.92,0.89,1,Stable,1,4,0
S03019,Male,Game Design and Development,EntranceExam,2.8,2.94,3.51,3.23,3.12,140,1,0,0.8,0.87,0,Difficult,1,4,0
S03020,Male,Artificial Intelligence,DirectAdmission,2.9,2.45,2.82,2.54,2.68,130,5,1,0.83,0.76,2,Average,0,5,0
S03021,Male,Game Design and Development,EntranceExam,2.11,2.65,3.23,2.96,2.74,140,1,0,0.83,0.71,4,Stable,1,4,0
S03022,Female,Information Security,DirectAdmission,3.53,3.01,3.04,3.43,3.25,130,0,0,0.87,0.9,3,Average,1,4,0
S03023,Male,Computer Science,EntranceExam,3.19,3.49,3.38,3.29,3.34,130,0,0,0.86,0.57,0,Stable,1,4,1
S03024,Male,Multimedia Technology,EntranceExam,2.9,2.59,2.72,2.8,2.75,125,1,0,0.74,0.61,0,Average,0,6,0
S03025,Male,Business Administration,DirectAdmission,3.08,2.87,3,2.98,2.98,120,2,0,0.73,0.82,1,Difficult,0,5,0
S03026,Male,Computer Science,EntranceExam,2.61,2.25,2.64,1.84,2.34,130,3,0,0.84,1,2,Difficult,0,6,0
S03027,Female,Computer Science,EntranceExam,3.3,3.34,3.03,3.23,3.22,130,0,0,0.92,0.95,2,Stable,1,4,1
S03028,Female,Computer Science,EntranceExam,3.03,2.82,2.81,3.18,2.96,130,0,0,0.89,0.91,3,Stable,1,4,0
S03029,Male,Game Design and Development,DirectAdmission,1.97,2.39,1.97,2.42,2.19,140,4,0,0.93,0.8,0,Average,0,7,0
S03030,Female,Automation,EntranceExam,2.4,2.7,2.55,2.97,2.66,140,1,0,0.87,0.75,0,Average,1,4,1
S03031,Male,Financial Technology (Fintech),EntranceExam,2.74,2.55,2.55,2.25,2.52,130,0,0,0.87,0.95,1,Average,1,4,0
S03032,Female,Game Design and Development,EntranceExam,2.36,2.67,2.27,1.97,2.32,140,2,0,0.84,0.87,0,Difficult,0,6,0
S03033,Female,Information Technology,DirectAdmission,2.4,2.41,3.04,2.84,2.67,130,4,0,0.66,0.74,1,Stable,0,8,1
S03034,Male,Automation,EntranceExam,3.12,2.7,2.72,2.73,2.82,140,1,0,0.92,0.85,2,Average,1,4,0
S03035,Female,Accounting,EntranceExam,2.69,2.59,2.5,2.69,2.62,130,0,0,0.91,0.75,2,Average,1,4,0
S03036,Male,Multimedia Communication,EntranceExam,1.97,1.96,2.28,2.33,2.13,125,1,0,0.87,0.89,0,Stable,1,4,0
S03037,Female,Marketing,EntranceExam,2.15,2.95,2.1,3.29,2.62,120,3,0,0.96,0.65,2,Average,0,7,1
S03038,Male,Multimedia Communication,EntranceExam,2.79,3.22,2.56,2.7,2.82,125,0,0,1,0.74,0,Stable,1,4,1
S03039,Female,Computer Science,EntranceExam,2.14,2.28,1.72,2.24,2.09,130,0,0,0.96,1,1,Stable,1,4,1
S03040,Female,Multimedia Communication,EntranceExam,2.56,2.77,2.45,2.41,2.55,125,1,0,0.82,0.85,1,Stable,1,4,1
S03041,Male,Accounting,EntranceExam,2.33,2.67,2.18,2.57,2.44,130,1,0,0.88,0.91,2,Average,1,4,0
S03042,Male,Artificial Intelligence,DirectAdmission,2.34,2.73,2.72,3.11,2.72,130,0,0,0.9,0.73,1,Stable,1,4,0
S03043,Male,Multimedia Communication,EntranceExam,1.97,2.33,1.54,2.1,1.98,125,2,0,1,0.75,1,Stable,0,8,0
S03044,Female,Game Design and Development,EntranceExam,2.75,2.83,2.9,2.92,2.85,140,4,0,0.75,0.66,0,Average,0,5,1
S03045,Male,Business Administration,EntranceExam,3.72,3.79,3.79,4,3.82,120,1,0,0.92,0.65,3,Stable,1,4,1
S03046,Female,Computer Science,DirectAdmission,2.27,2.47,2.13,2.73,2.4,130,3,0,0.83,0.67,1,Average,0,6,0
S03047,Male,Game Design and Development,DirectAdmission,1.56,2.5,2.18,1.95,2.05,140,1,0,1,0.84,3,Stable,1,4,0
S03048,Male,Artificial Intelligence,DirectAdmission,1.19,0.94,1.29,1.45,1.22,130,7,1,0.79,0.71,3,Stable,0,6,0
S03049,Male,Information Security,EntranceExam,3.11,3.27,3.06,2.69,3.03,130,0,0,0.98,0.72,2,Stable,1,4,0
S03050,Female,Multimedia Technology,EntranceExam,3.25,3.34,3.16,2.77,3.13,125,0,0,0.83,0.63,2,Average,1,4,0
S03051,Female,Game Design and Development,EntranceExam,3.15,3.72,3.25,2.54,3.16,140,0,0,0.88,0.65,0,Stable,1,4,1
S03052,Female,Computer Science,EntranceExam,2.2,2.66,2.44,2.76,2.52,130,0,0,0.95,0.95,2,Stable,1,4,1
S03053,Female,Artificial Intelligence,EntranceExam,2.87,2.77,2.76,3.08,2.87,130,0,0,0.9,0.87,1,Stable,1,4,1
S03054,Female,Information Security,EntranceExam,3.04,2.77,3.39,2.88,3.02,130,0,0,0.81,0.78,0,Stable,1,4,1
S03055,Female,Journalism,DirectAdmission,2.22,2.56,3.01,2.74,2.63,120,1,0,0.8,0.83,1,Average,0,6,1
S03056,Male,Information Technology,DirectAdmission,2.86,2.8,2.96,2.78,2.85,130,0,0,0.86,0.96,3,Stable,1,4,0
S03057,Female,E-commerce,EntranceExam,3.11,2.92,2.88,3.07,3,125,0,0,0.85,0.85,0,Average,1,4,1
S03058,Female,Information Technology,EntranceExam,2.64,2.52,3.08,3.28,2.88,130,0,0,0.93,1,2,Stable,1,4,0
S03059,Female,Automation,EntranceExam,3.31,2.72,2.58,2.7,2.83,140,0,0,0.89,0.92,0,Stable,1,4,1
S03060,Female,Business Administration,EntranceExam,2.04,1.87,2.16,2.43,2.12,120,1,0,0.89,0.88,1,Stable,1,4,1
S03061,Female,Automation,EntranceExam,2.66,2.75,2.35,3.58,2.84,140,0,0,0.85,0.85,0,Average,1,4,0
S03062,Female,Notary Relations,EntranceExam,1.77,1.96,2.69,1.69,2.03,125,8,0,0.98,0.84,1,Average,0,5,0
S03063,Female,Multimedia Technology,EntranceExam,2.61,2.65,2.43,2.69,2.6,125,0,0,0.86,0.75,2,Stable,1,4,1
S03064,Female,Artificial Intelligence,EntranceExam,2.62,2.44,2.38,2.38,2.46,130,4,0,0.82,0.66,0,Average,0,6,1
S03065,Male,Game Design and Development,EntranceExam,3.23,2.7,2.57,3.23,2.93,140,0,0,0.87,0.93,0,Average,1,4,0
S03066,Female,Multimedia Communication,EntranceExam,1.56,1.68,1.64,0.97,1.46,125,8,0,0.79,0.58,1,Difficult,0,8,1
S03067,Male,Journalism,EntranceExam,2.93,3.1,3.23,2.7,2.99,120,0,0,0.93,0.91,1,Stable,1,4,1
S03068,Male,Notary Relations,EntranceExam,2.95,2.96,3.02,2.82,2.94,125,0,1,0.85,0.84,3,Stable,1,4,0
S03069,Female,Game Design and Development,EntranceExam,1.34,1.75,1.43,1.45,1.49,140,6,0,0.91,0.89,1,Difficult,0,7,1
S03070,Male,Multimedia Communication,EntranceExam,2.18,2.53,2.28,2.62,2.4,125,0,0,0.81,0.81,3,Average,1,4,0
S03071,Male,Multimedia Technology,EntranceExam,1.77,2.04,1.62,2.01,1.86,125,6,0,0.78,0.6,3,Average,0,5,0
S03072,Male,Multimedia Technology,EntranceExam,3.25,3.35,3.59,2.64,3.21,125,0,0,0.94,0.77,0,Stable,1,4,0
S03073,Male,Marketing,EntranceExam,2.02,2,1.74,2.2,1.99,120,5,0,0.84,0.74,5,Stable,0,6,0
S03074,Female,Game Design and Development,DirectAdmission,2.3,2.68,2.51,2.18,2.42,140,1,0,0.87,0.68,0,Average,0,6,1
S03075,Female,Multimedia Technology,EntranceExam,1.74,1.95,1.49,2.14,1.83,125,3,1,0.89,0.98,1,Stable,0,5,1
S03076,Male,Business Administration,EntranceExam,2.96,2.72,2.82,2.79,2.82,120,0,0,0.96,0.91,1,Average,1,4,0
S03077,Male,Business Administration,DirectAdmission,1.53,1.87,1.92,1.68,1.75,120,7,0,0.77,0.92,0,Average,0,6,0
S03078,Female,Accounting,EntranceExam,2.31,1.98,2.59,3.06,2.48,130,1,0,0.79,0.78,4,Difficult,0,8,1
S03079,Male,Journalism,DirectAdmission,1.98,2.37,1.96,2.47,2.19,120,4,0,0.81,0.9,1,Average,0,7,0
S03080,Female,Multimedia Technology,DirectAdmission,2.76,3.26,2.89,3.03,2.98,125,0,0,0.96,0.74,3,Average,1,4,1
S03081,Male,Information Technology,DirectAdmission,2.4,2.3,1.95,2.74,2.35,130,4,0,0.78,0.72,2,Stable,0,5,0
S03082,Male,Automation,EntranceExam,2.46,2.12,2.08,2.37,2.26,140,0,0,0.84,0.69,1,Stable,1,4,0
S03083,Female,Information Technology,EntranceExam,2.04,2.4,2.23,1.38,2.01,130,0,0,0.99,0.92,1,Stable,1,4,1
S03084,Female,Information Technology,EntranceExam,2,2.09,2.15,1.68,1.98,130,1,1,0.87,1,0,Stable,1,4,0
S03085,Male,Marketing,DirectAdmission,2.68,3.43,2.91,2.36,2.84,120,0,0,0.87,0.95,0,Stable,1,4,0
S03086,Female,Marketing,EntranceExam,3.04,3.62,3.49,3.06,3.3,120,0,0,0.81,0.87,0,Stable,1,4,0
S03087,Male,Multimedia Communication,EntranceExam,1.86,2.35,1.98,2.44,2.16,125,1,0,0.98,0.99,1,Stable,1,4,0
S03088,Male,Information Security,EntranceExam,2.56,2.59,2.33,2.49,2.49,130,0,0,0.95,0.9,3,Stable,1,4,0
S03089,Male,Game Design and Development,DirectAdmission,2.95,3,2.83,2.76,2.88,140,0,0,0.99,0.96,0,Stable,1,4,1
S03090,Female,Financial Technology (Fintech),EntranceExam,2.06,2.39,2.23,2.24,2.23,130,4,0,0.67,0.51,3,Stable,0,8,1
S03091,Female,Multimedia Technology,EntranceExam,2.43,2.22,2.67,2.66,2.5,125,1,0,0.82,0.92,0,Stable,1,4,1
S03092,Female,Business Administration,EntranceExam,1.81,2.56,2.15,2.08,2.15,120,2,0,0.86,0.8,0,Average,0,7,1
S03093,Female,Multimedia Technology,EntranceExam,2.39,2.85,2.86,2.27,2.59,125,1,0,0.99,0.88,2,Average,1,4,1
S03094,Female,Information Technology,EntranceExam,2.11,2.74,2.84,2.42,2.53,130,1,0,0.9,0.62,4,Stable,1,4,1
S03095,Female,Information Security,DirectAdmission,2.98,2.92,3.13,2.88,2.98,130,0,0,0.84,0.76,3,Average,1,4,0
S03096,Female,Marketing,DirectAdmission,2.03,2.76,2.72,2.46,2.49,120,0,0,0.85,0.72,2,Average,0,7,1
S03097,Female,Information Security,EntranceExam,2.24,2.51,1.72,1.66,2.03,130,3,1,0.94,0.81,3,Average,0,5,1
S03098,Male,Automation,EntranceExam,1.97,1.86,1.9,1.56,1.82,140,2,1,0.78,0.66,1,Stable,0,6,0
S03099,Female,Computer Science,EntranceExam,2.85,2.91,3.37,3.4,3.13,130,0,0,0.83,0.92,2,Average,1,4,0
S03100,Female,Multimedia Technology,EntranceExam,2.15,2.47,1.62,1.9,2.04,125,2,0,0.95,0.89,1,Stable,1,4,0
S03101,Male,Multimedia Communication,EntranceExam,1.98,2,2.14,1.58,1.92,125,7,1,0.96,0.93,3,Stable,0,6,0
S03102,Male,Business Administration,EntranceExam,3.79,3.13,3.86,3.73,3.63,120,0,0,0.83,0.83,0,Average,1,4,1
S03103,Female,Information Security,EntranceExam,2.86,2.9,3.11,3.11,2.99,130,0,0,0.84,0.94,1,Stable,1,4,1
S03104,Male,Artificial Intelligence,DirectAdmission,2.96,3.31,3.19,3.61,3.27,130,0,0,0.96,0.96,4,Stable,1,4,1
S03105,Male,Computer Science,EntranceExam,1.91,1.87,1.81,1.12,1.68,130,6,0,0.73,0.69,0,Difficult,0,5,0
S03106,Female,Marketing,EntranceExam,2.08,2.34,2.19,2.23,2.21,120,6,0,0.86,0.93,0,Difficult,0,5,1
S03107,Female,Game Design and Development,DirectAdmission,1.65,2.12,1.53,2.12,1.86,140,3,0,0.83,0.85,1,Stable,0,5,0
S03108,Female,Automation,EntranceExam,2.13,2.27,2.71,3,2.53,140,1,0,0.87,0.8,3,Stable,0,7,1
S03109,Female,Information Technology,EntranceExam,2.68,2.96,3.45,2.98,3.02,130,0,0,0.93,0.67,2,Stable,1,4,0
S03110,Male,Information Technology,EntranceExam,1.69,2.2,1.36,1.34,1.65,130,4,0,0.82,0.9,2,Average,0,7,0
S03111,Female,Artificial Intelligence,EntranceExam,2.95,2.85,2.93,2.31,2.76,130,0,0,0.84,0.82,1,Stable,1,4,1
S03112,Male,Information Security,EntranceExam,1.81,2.06,2.21,0.99,1.77,130,3,0,0.98,0.92,3,Stable,1,4,0
S03113,Male,Notary Relations,DirectAdmission,2.73,3.12,2.69,2.9,2.86,125,1,0,0.92,0.84,2,Stable,1,4,1
S03114,Male,Financial Technology (Fintech),DirectAdmission,2.54,2.52,2.73,2.93,2.68,130,1,0,0.81,0.84,3,Difficult,0,7,0
S03115,Female,Computer Science,EntranceExam,2.15,2.55,2.26,2.94,2.47,130,1,0,1,0.83,1,Stable,1,4,0
S03116,Female,E-commerce,EntranceExam,1.98,2.46,2.11,2.71,2.31,125,1,0,0.81,0.77,1,Average,0,5,1
S03117,Female,Information Technology,EntranceExam,2.24,2.58,2.8,2.84,2.62,130,4,1,0.85,0.95,2,Difficult,0,5,1
S03118,Male,Accounting,EntranceExam,1.27,1.3,1.12,1.64,1.33,130,8,1,0.69,0.79,0,Stable,0,7,0
S03119,Female,Journalism,EntranceExam,2.61,2.27,2.61,2.98,2.62,120,1,0,0.81,0.78,1,Stable,1,4,1
S03120,Male,Game Design and Development,DirectAdmission,1.64,2.19,1.86,2.02,1.93,140,7,0,0.63,0.77,0,Stable,0,6,0
S03121,Male,Journalism,EntranceExam,2.32,2.87,2.4,2.37,2.49,120,1,0,0.88,0.89,0,Stable,1,4,0
S03122,Female,Journalism,EntranceExam,2.52,2.22,2.49,2.16,2.35,120,1,0,0.99,0.87,2,Average,1,4,1
S03123,Female,Computer Science,DirectAdmission,2.95,3.33,3.33,3,3.15,130,1,1,0.87,0.75,0,Stable,1,4,0
S03124,Male,E-commerce,EntranceExam,3.24,3.95,3.59,3.88,3.66,125,0,0,0.88,0.8,1,Difficult,1,4,1
S03125,Female,Information Security,EntranceExam,3,2.39,2.74,2.12,2.56,130,5,0,0.77,0.95,0,Difficult,0,6,1
S03126,Female,Accounting,EntranceExam,1.97,2.89,2.16,2.84,2.46,130,0,0,0.95,0.82,2,Average,1,4,1
S03127,Female,Accounting,EntranceExam,1.71,1.85,2.46,2.18,2.05,130,4,1,0.91,0.88,4,Average,0,5,1
S03128,Female,Business Administration,EntranceExam,2.86,2.8,2.81,3.47,2.99,120,0,0,0.85,0.79,1,Stable,1,4,1
S03129,Male,Accounting,DirectAdmission,2.43,2.46,2.68,2.77,2.58,130,2,0,0.94,0.75,1,Average,1,4,0
S03130,Female,E-commerce,EntranceExam,2.13,2.63,1.51,1.62,1.97,125,6,1,0.91,0.82,0,Average,0,8,1
S03131,Female,Information Technology,EntranceExam,1.27,0.94,1.2,1.43,1.21,130,6,1,0.84,0.84,0,Average,0,6,0
S03132,Female,Marketing,EntranceExam,2.83,2.99,2.51,2.4,2.68,120,0,0,0.96,0.97,1,Average,1,4,1
S03133,Female,Information Security,EntranceExam,1.52,2.11,2.03,2.24,1.98,130,5,0,0.85,0.99,4,Average,0,5,1
S03134,Male,Financial Technology (Fintech),EntranceExam,3.07,2.8,2.92,3.46,3.06,130,0,0,0.83,0.92,4,Stable,1,4,1
S03135,Female,Multimedia Communication,EntranceExam,1.75,2.05,1.79,1.64,1.81,125,9,0,0.81,0.76,2,Average,0,6,1
S03136,Male,Computer Science,EntranceExam,2.16,3.24,2.75,2.82,2.74,130,0,0,0.84,0.71,3,Average,1,4,0
S03137,Female,E-commerce,EntranceExam,2.08,3.01,3.24,2.46,2.7,125,0,0,1,0.76,1,Stable,1,4,1
S03138,Male,Information Technology,EntranceExam,2.77,2.74,2.85,2.82,2.8,130,0,0,0.86,0.98,1,Average,1,4,0
S03139,Male,Multimedia Communication,EntranceExam,2.54,2.99,3.18,2.7,2.85,125,0,0,0.89,0.93,2,Stable,1,4,0
S03140,Male,Automation,EntranceExam,2.56,2.55,2.24,2.68,2.51,140,2,0,0.89,0.84,1,Difficult,0,5,0
S03141,Female,Financial Technology (Fintech),EntranceExam,2.83,3.02,2.78,2.46,2.77,130,0,0,0.98,0.9,1,Stable,1,4,1
S03142,Female,E-commerce,EntranceExam,2.31,2.37,2.27,2.81,2.44,125,0,0,0.97,0.8,1,Stable,1,4,1
S03143,Male,Information Security,EntranceExam,2.76,3.19,3.26,3.69,3.22,130,0,0,0.83,0.63,4,Average,1,4,1
S03144,Female,Information Security,EntranceExam,3.07,3.39,3.04,3.35,3.21,130,0,0,0.86,0.68,1,Stable,1,4,0
S03145,Female,Information Technology,EntranceExam,2.92,3,2.49,2.54,2.74,130,0,0,0.69,0.72,2,Average,0,8,1
S03146,Female,Artificial Intelligence,EntranceExam,2.2,1.49,2.64,2.37,2.17,130,3,0,0.78,0.84,0,Difficult,0,7,0
S03147,Male,E-commerce,EntranceExam,2.95,3.36,3.44,2.95,3.18,125,0,0,0.86,0.9,2,Stable,1,4,0
S03148,Male,Financial Technology (Fintech),EntranceExam,2.74,2.7,3.07,2.76,2.82,130,0,0,0.92,0.82,1,Average,1,4,0
S03149,Female,Multimedia Technology,EntranceExam,3.44,3.28,3.08,2.7,3.12,125,1,0,0.93,0.81,1,Stable,1,4,1
S03150,Female,Information Security,EntranceExam,2.26,2.33,2.04,2.91,2.38,130,1,1,0.84,0.93,2,Stable,1,4,1
S03151,Male,Information Security,EntranceExam,2.28,2.89,2.86,3.09,2.78,130,0,0,0.99,0.81,4,Stable,1,4,0
S03152,Male,Business Administration,DirectAdmission,2.97,3.21,3.45,2.96,3.15,120,0,0,0.91,1,0,Average,1,4,1
S03153,Male,Game Design and Development,EntranceExam,2.74,2.49,2.24,2.77,2.56,140,4,0,0.78,0.92,2,Difficult,0,6,0
S03154,Male,Notary Relations,EntranceExam,2.17,2,2.25,3.38,2.45,125,1,0,1,0.73,1,Stable,1,4,0
S03155,Male,Artificial Intelligence,EntranceExam,2.45,2.43,2.54,2.98,2.6,130,0,0,0.76,0.86,2,Average,0,5,0
S03156,Male,Artificial Intelligence,EntranceExam,1.38,2.13,1.77,2.19,1.87,130,8,0,0.83,0.71,1,Stable,0,5,0
S03157,Male,Computer Science,EntranceExam,2.31,2.62,2.71,2.9,2.64,130,4,0,0.77,0.7,3,Average,0,5,0
S03158,Male,Marketing,EntranceExam,2.32,3.03,3.08,2.25,2.67,120,0,0,0.89,0.88,1,Stable,1,4,0
S03159,Female,Multimedia Communication,EntranceExam,2.36,2.38,2.98,3.02,2.68,125,1,0,0.82,0.74,1,Stable,1,4,0
S03160,Female,Multimedia Communication,EntranceExam,2.11,2.71,2.55,2.75,2.53,125,3,0,0.81,0.86,2,Difficult,0,5,0
S03161,Female,Financial Technology (Fintech),EntranceExam,2.27,2.64,2.68,2.09,2.42,130,0,0,0.96,0.79,2,Average,0,6,1
S03162,Female,Accounting,EntranceExam,2.18,2.1,2.16,1.63,2.02,130,2,0,0.86,0.86,2,Stable,0,6,1
S03163,Male,Multimedia Communication,EntranceExam,2.83,2.88,2.16,2.83,2.68,125,0,0,0.98,0.81,1,Stable,1,4,0
S03164,Female,Computer Science,EntranceExam,2.3,2.74,2.52,2.59,2.54,130,0,0,0.81,0.73,2,Stable,1,4,0
S03165,Female,Computer Science,DirectAdmission,2.55,2.57,2.73,2.78,2.66,130,1,0,0.85,0.75,1,Average,0,5,1
S03166,Male,Artificial Intelligence,EntranceExam,1.74,2.04,1.76,2.31,1.96,130,3,0,0.86,0.9,0,Difficult,0,6,0
S03167,Male,Multimedia Communication,DirectAdmission,2.81,3.07,3.43,3.34,3.16,125,2,0,0.72,0.73,2,Difficult,0,8,0
S03168,Male,Accounting,EntranceExam,3.29,2.8,2.75,3.36,3.05,130,0,0,0.83,0.66,0,Average,1,4,0
S03169,Male,Information Technology,EntranceExam,1.55,1.81,1.71,1.73,1.7,130,6,2,0.87,0.71,1,Stable,0,6,0
S03170,Female,Accounting,EntranceExam,2.48,2.28,2.67,2.69,2.53,130,1,0,0.85,0.69,4,Stable,1,4,1
S03171,Male,Information Technology,EntranceExam,2.54,2.71,3.05,2.37,2.67,130,0,0,0.89,0.79,1,Stable,1,4,0
S03172,Male,Financial Technology (Fintech),EntranceExam,2.47,1.98,1.53,2.65,2.16,130,1,0,0.81,0.71,3,Stable,0,6,0
S03173,Male,Computer Science,EntranceExam,2.36,2.29,1.93,2.77,2.34,130,1,0,0.86,0.77,1,Difficult,0,7,0
S03174,Male,Information Technology,DirectAdmission,3.28,3.15,3.64,3.64,3.43,130,0,1,0.88,0.85,1,Average,1,4,1
S03175,Female,Business Administration,EntranceExam,2.66,3.82,3.15,3.99,3.4,120,0,0,0.98,0.98,1,Stable,1,4,0
S03176,Male,Information Technology,EntranceExam,3.44,2.8,3.65,2.89,3.2,130,0,0,0.91,0.97,1,Stable,1,4,1
S03177,Male,E-commerce,EntranceExam,2.26,2.84,2.41,2.27,2.44,125,0,0,0.88,0.84,1,Stable,1,4,0
S03178,Female,Notary Relations,EntranceExam,2.81,2.72,3.15,3.09,2.94,125,0,0,0.96,0.75,2,Stable,1,4,1
S03179,Female,Game Design and Development,EntranceExam,2.93,2.43,3.05,2.91,2.83,140,4,0,0.88,0.79,1,Difficult,0,5,1
S03180,Female,Information Technology,EntranceExam,2.35,2.07,2.16,2.02,2.15,130,4,0,0.79,0.9,2,Average,0,5,1
S03181,Female,E-commerce,EntranceExam,2.67,2.56,2.54,2.73,2.62,125,2,0,0.91,1,1,Average,1,4,1
S03182,Female,Computer Science,EntranceExam,2.86,2.64,1.83,2.3,2.41,130,1,0,0.86,0.76,1,Average,1,4,1
S03183,Female,Multimedia Communication,EntranceExam,2.55,2.65,1.81,1.96,2.24,125,5,0,0.83,0.72,0,Stable,0,6,1
S03184,Female,Information Technology,EntranceExam,2.03,1.87,2.01,2.57,2.12,130,2,0,0.8,0.71,1,Stable,0,7,0
S03185,Male,Artificial Intelligence,EntranceExam,1.93,1.52,2.74,2.59,2.2,130,3,0,0.91,0.8,1,Stable,0,6,0
S03186,Male,Accounting,EntranceExam,1.7,1.45,1.84,1.59,1.64,130,7,0,0.81,0.9,0,Average,0,5,0
S03187,Male,Business Administration,EntranceExam,2.62,2.85,2.64,2.52,2.66,120,0,0,0.82,0.75,1,Stable,1,4,0
S03188,Female,Financial Technology (Fintech),EntranceExam,2.21,2.25,2.69,2.13,2.32,130,1,0,0.95,0.8,2,Stable,1,4,1
S03189,Male,Multimedia Technology,EntranceExam,3.69,3.29,3.88,4,3.72,125,0,0,0.82,0.82,3,Average,1,4,1
S03190,Male,Information Technology,DirectAdmission,2.77,2.95,1.85,2.06,2.41,130,3,0,0.7,0.72,2,Stable,0,5,0
S03191,Male,Marketing,DirectAdmission,1.57,1.73,2,1.74,1.76,120,3,0,0.88,0.84,0,Difficult,0,5,0
S03192,Male,E-commerce,EntranceExam,2.75,3.04,2.17,2.56,2.63,125,0,0,0.77,0.84,2,Average,0,6,0
S03193,Female,Multimedia Technology,EntranceExam,2.17,2.53,2.98,3.16,2.71,125,0,0,0.9,0.9,1,Average,1,4,1
S03194,Female,Artificial Intelligence,EntranceExam,1.16,2.35,1.69,2.26,1.86,130,4,0,0.69,0.74,0,Average,0,6,0
S03195,Male,Game Design and Development,EntranceExam,2.5,2.95,3.01,2.46,2.73,140,1,0,0.83,0.67,3,Average,1,4,0
S03196,Male,Artificial Intelligence,EntranceExam,1.97,1.59,1.59,1.14,1.57,130,4,0,0.81,0.72,0,Average,0,5,0
S03197,Male,E-commerce,EntranceExam,2.73,3.22,3.07,2.89,2.98,125,0,0,0.89,0.91,1,Stable,1,4,1
S03198,Male,Marketing,EntranceExam,2.79,2.21,2.83,2.49,2.58,120,0,0,0.81,0.9,3,Average,1,4,0
S03199,Female,E-commerce,DirectAdmission,2.43,2.62,2.3,2.42,2.44,125,2,0,0.8,0.87,0,Average,1,4,1
S03200,Female,Information Security,EntranceExam,0.95,1.2,0.94,0.91,1,130,3,0,0.86,0.81,4,Average,0,8,0
S03201,Male,Notary Relations,EntranceExam,2.6,2.61,3.28,2.69,2.8,125,0,0,0.89,0.71,0,Stable,1,4,0
S03202,Female,Artificial Intelligence,EntranceExam,2.79,2.94,2.99,3.02,2.94,130,0,0,1,0.88,2,Average,1,4,0
S03203,Female,Multimedia Technology,EntranceExam,2.28,2.25,2.67,2.78,2.49,125,0,0,0.94,0.87,5,Average,1,4,1
S03204,Female,Multimedia Communication,EntranceExam,1.84,2.25,1.94,1.98,2,125,5,0,0.84,0.53,2,Average,0,5,1
S03205,Female,Information Technology,EntranceExam,1.38,1.69,1.85,1.41,1.58,130,4,1,0.85,0.73,1,Stable,0,7,1
S03206,Male,Accounting,EntranceExam,1.8,2.45,2.1,1.67,2,130,1,0,0.83,0.76,2,Difficult,0,6,0
S03207,Male,Information Technology,EntranceExam,2.28,2.25,2.51,2.43,2.37,130,4,0,0.8,0.79,2,Average,0,5,0
S03208,Female,Computer Science,EntranceExam,2.92,3.19,2.64,3.37,3.03,130,1,0,0.92,0.78,4,Stable,1,4,1
S03209,Male,Multimedia Technology,EntranceExam,2.17,1.94,2.06,2.12,2.07,125,1,0,1,0.87,0,Stable,1,4,0
S03210,Female,Automation,EntranceExam,2.57,2.28,2.29,2.46,2.4,140,2,0,0.85,0.92,3,Average,1,4,1
S03211,Male,Automation,DirectAdmission,2.56,2.63,2.18,2.16,2.38,140,1,0,0.81,0.68,2,Stable,1,4,0
S03212,Female,Game Design and Development,EntranceExam,1.84,2,1.38,1.67,1.72,140,3,0,0.89,0.75,2,Stable,0,6,1
S03213,Male,Information Security,EntranceExam,2.74,2.88,2.82,2.43,2.72,130,0,0,0.99,0.88,4,Average,1,4,1
S03214,Female,Financial Technology (Fintech),EntranceExam,1.95,2.44,1.73,2.03,2.04,130,3,0,0.83,0.78,1,Difficult,0,5,1
S03215,Male,Marketing,EntranceExam,1.68,2,1.6,1.56,1.71,120,4,1,0.88,0.95,0,Stable,0,7,0
S03216,Female,Game Design and Development,EntranceExam,1.83,2.33,1.82,1.86,1.96,140,3,0,0.92,0.92,1,Stable,1,4,0
S03217,Male,Automation,EntranceExam,2.28,2.65,2.48,2.57,2.5,140,1,0,0.86,0.77,2,Stable,0,6,0
S03218,Male,Marketing,DirectAdmission,2.22,2.3,2.68,2.18,2.34,120,2,0,0.72,0.67,0,Stable,0,5,0
S03219,Female,Game Design and Development,EntranceExam,2.33,2.68,2.8,1.96,2.44,140,0,0,0.96,0.73,3,Stable,1,4,1
S03220,Female,Artificial Intelligence,EntranceExam,2.01,2.44,1.91,2.15,2.13,130,2,0,0.79,0.79,0,Average,0,5,1
S03221,Male,Information Technology,EntranceExam,1.92,1.74,1.8,1.66,1.78,130,7,1,0.82,0.65,1,Stable,0,5,0
S03222,Female,Information Security,EntranceExam,3.38,3.36,3.51,3.03,3.32,130,0,0,0.9,0.8,0,Average,1,4,0
S03223,Male,Business Administration,EntranceExam,1.12,1.09,1.16,0.86,1.06,120,5,0,0.81,0.91,1,Stable,0,5,0
S03224,Male,Game Design and Development,EntranceExam,2.89,2.5,2.67,2.47,2.63,140,4,0,0.83,0.76,1,Difficult,0,5,0
S03225,Male,Information Technology,DirectAdmission,2.83,3.18,3.35,2.34,2.92,130,2,0,0.76,0.63,0,Difficult,0,6,0
S03226,Female,Multimedia Communication,DirectAdmission,2.98,3.32,2.99,3.08,3.09,125,0,0,0.85,0.86,2,Average,1,4,0
S03227,Female,Journalism,EntranceExam,2.27,2.43,1.72,2.56,2.24,120,4,0,0.83,0.84,1,Average,0,5,0
S03228,Male,Computer Science,EntranceExam,1.57,2.06,2.66,2.35,2.16,130,3,0,0.7,0.67,1,Difficult,0,5,0
S03229,Female,Information Technology,EntranceExam,2.04,2.44,2.66,1.85,2.25,130,1,0,0.78,0.76,2,Stable,0,6,0
S03230,Male,Game Design and Development,DirectAdmission,1.99,2.14,2.17,2.24,2.13,140,3,0,0.69,0.73,2,Stable,0,6,0
S03231,Female,Journalism,EntranceExam,2.66,3.18,3.16,2.75,2.94,120,0,0,1,0.77,2,Stable,1,4,1
S03232,Male,Multimedia Technology,EntranceExam,2.19,2.93,2.85,2.97,2.74,125,0,0,0.89,0.81,0,Stable,1,4,0
S03233,Female,Information Technology,DirectAdmission,2.25,3.47,2.83,3.08,2.91,130,0,0,0.9,0.94,0,Average,1,4,1
S03234,Female,Information Technology,EntranceExam,3.15,2.9,2.79,2.83,2.92,130,0,1,0.87,0.96,0,Average,1,4,1
S03235,Male,Information Security,EntranceExam,2.98,3.11,2.94,2.61,2.91,130,1,0,0.77,0.85,0,Difficult,0,7,0
S03236,Female,Marketing,EntranceExam,1.79,1.77,2.15,1.6,1.83,120,8,0,0.87,0.84,1,Difficult,0,5,1
S03237,Male,Business Administration,DirectAdmission,2.63,2.56,2.11,2.14,2.36,120,0,0,0.8,0.73,1,Average,1,4,0
S03238,Male,Information Security,EntranceExam,1.36,2.04,1.5,2.16,1.76,130,7,0,1,0.82,0,Stable,0,5,0
S03239,Female,Artificial Intelligence,EntranceExam,2.25,2.38,2.34,2.19,2.29,130,1,0,0.85,0.91,2,Stable,1,4,1
S03240,Female,Marketing,EntranceExam,2.17,3.01,2.88,2.79,2.71,120,0,0,0.95,0.85,3,Stable,1,4,1
S03241,Female,Automation,EntranceExam,2.43,2.55,2.44,2.05,2.37,140,0,0,0.86,0.85,1,Stable,1,4,0
S03242,Male,Information Technology,DirectAdmission,2.96,3.14,3.02,3.78,3.22,130,0,0,0.89,0.8,2,Average,1,4,1
S03243,Female,Notary Relations,EntranceExam,2.05,2.87,2.75,2.99,2.66,125,1,0,0.82,0.61,1,Average,1,4,1
S03244,Male,Financial Technology (Fintech),DirectAdmission,2.79,2.48,2.04,3.54,2.71,130,0,0,1,0.86,2,Stable,1,4,1
S03245,Female,Business Administration,EntranceExam,2.28,2.39,2.52,2.28,2.37,120,4,0,0.72,0.75,1,Average,0,5,1
S03246,Male,Accounting,EntranceExam,3.59,4,4,3.88,3.87,130,1,0,0.87,0.93,0,Average,1,4,1
S03247,Female,Multimedia Communication,EntranceExam,2.78,3.16,3.21,2.75,2.97,125,3,1,0.85,0.73,2,Average,0,6,1
S03248,Female,Computer Science,EntranceExam,1.91,1.8,2.01,2.36,2.02,130,3,0,0.87,0.71,2,Stable,0,6,1
S03249,Female,Journalism,EntranceExam,3.1,2.78,3.09,3.32,3.07,120,0,0,0.98,0.8,4,Average,1,4,0
S03250,Female,Information Security,EntranceExam,2.96,2.97,2.86,2.75,2.88,130,0,0,0.87,0.65,0,Stable,1,4,1
S03251,Female,Information Security,EntranceExam,1.45,1.54,1.68,1.87,1.64,130,5,0,0.77,0.68,0,Difficult,0,5,1
S03252,Male,Notary Relations,EntranceExam,2.55,3,3.26,3.33,3.03,125,0,0,0.92,0.87,4,Stable,1,4,1
S03253,Male,Artificial Intelligence,EntranceExam,2.82,3.41,3.35,2.71,3.07,130,0,0,0.82,0.76,4,Stable,1,4,1
S03254,Female,Business Administration,EntranceExam,2.05,1.68,2.07,2.27,2.02,120,4,0,0.87,0.78,1,Stable,1,4,1
S03255,Female,Financial Technology (Fintech),EntranceExam,2.32,2.82,2.21,2.64,2.5,130,5,0,0.91,0.85,0,Average,0,5,1
S03256,Female,Artificial Intelligence,DirectAdmission,3.14,3.15,3.86,3.7,3.46,130,0,0,0.85,0.8,0,Difficult,1,4,0
S03257,Female,Multimedia Communication,DirectAdmission,3.2,2.77,3.09,2.99,3.01,125,1,1,0.97,0.83,5,Stable,1,4,1
S03258,Male,Information Technology,EntranceExam,2.35,2.53,2.08,1.79,2.19,130,3,0,0.76,0.93,0,Average,0,8,0
S03259,Female,Information Technology,EntranceExam,2.31,2.48,2.1,2.5,2.35,130,3,0,0.87,0.79,2,Average,0,6,1
S03260,Male,Multimedia Technology,DirectAdmission,1.81,2.53,2.18,2.94,2.36,125,4,0,0.87,0.97,1,Average,0,5,0
S03261,Male,Artificial Intelligence,EntranceExam,2.67,2.97,2.94,2.77,2.84,130,1,0,0.97,1,1,Stable,1,4,1
S03262,Male,E-commerce,EntranceExam,0.66,1.64,1.01,0.74,1.01,125,4,2,1,1,0,Stable,0,6,0
S03263,Male,Multimedia Communication,EntranceExam,0.98,1.48,1.91,1.84,1.55,125,5,2,0.63,0.68,1,Difficult,0,7,0
S03264,Male,Automation,EntranceExam,2.07,1.92,1.37,2.28,1.91,140,3,1,0.87,0.75,4,Difficult,0,8,0
S03265,Male,Computer Science,DirectAdmission,1.97,1.89,2.32,2.85,2.26,130,0,0,0.87,0.84,1,Stable,1,4,0
S03266,Male,Game Design and Development,EntranceExam,1.36,1.77,2.06,1.94,1.78,140,4,2,0.76,0.66,1,Stable,0,7,0
S03267,Male,Artificial Intelligence,EntranceExam,2.03,1.66,2.94,1.96,2.15,130,1,0,0.82,0.78,1,Average,1,4,0
S03268,Female,Artificial Intelligence,DirectAdmission,2.46,2.69,3.01,2.37,2.63,130,0,0,0.86,0.93,1,Average,1,4,1
S03269,Male,Automation,DirectAdmission,3.28,3.49,3.35,3.22,3.34,140,0,0,0.91,0.89,3,Average,1,4,1
S03270,Female,Multimedia Technology,EntranceExam,3.08,3.21,3.11,3.6,3.25,125,1,0,0.96,0.98,3,Average,1,4,1
S03271,Male,Computer Science,EntranceExam,3.26,2.97,3.25,2.67,3.04,130,0,0,0.94,0.95,1,Average,1,4,1
S03272,Male,Journalism,EntranceExam,2.54,2.42,2.54,2.54,2.51,120,0,0,1,0.73,2,Stable,1,4,0
S03273,Female,E-commerce,EntranceExam,2.5,2.81,2.31,1.76,2.35,125,2,0,0.84,0.82,0,Stable,1,4,1
S03274,Female,Information Security,EntranceExam,2.44,2.55,2.34,2.51,2.46,130,3,1,0.81,0.9,1,Stable,1,4,1
S03275,Female,Marketing,DirectAdmission,3.7,3.7,3.68,4,3.77,120,0,0,0.94,0.74,1,Stable,1,4,0
S03276,Female,Multimedia Communication,EntranceExam,3.22,2.91,3.69,3.72,3.38,125,0,0,0.83,0.67,0,Stable,1,4,0
S03277,Male,Artificial Intelligence,EntranceExam,1.88,2.68,2.06,2.15,2.19,130,6,1,0.88,1,5,Stable,0,5,0
S03278,Female,Information Technology,EntranceExam,3.1,3.7,2.91,3.27,3.24,130,0,0,0.92,0.84,2,Average,1,4,0
S03279,Male,Marketing,EntranceExam,2.25,2.29,2.47,2.62,2.41,120,2,0,0.81,0.72,1,Average,0,6,0
S03280,Male,Notary Relations,DirectAdmission,1.95,2.12,2.05,2.51,2.16,125,4,0,0.79,0.78,1,Difficult,0,6,0
S03281,Male,Journalism,EntranceExam,2.41,2.97,3.18,3.14,2.92,120,0,0,0.89,0.9,2,Stable,1,4,0
S03282,Female,Business Administration,DirectAdmission,2.64,3.77,3.11,3.49,3.25,120,0,0,0.86,0.62,2,Stable,1,4,0
S03283,Male,Game Design and Development,EntranceExam,2.08,2.15,2.14,2.52,2.22,140,0,0,0.9,0.8,1,Stable,1,4,0
S03284,Female,Multimedia Technology,EntranceExam,2.19,2.85,2,2.64,2.42,125,6,0,0.68,0.85,3,Average,0,5,0
S03285,Male,Financial Technology (Fintech),DirectAdmission,1.97,2.4,2.49,2.14,2.25,130,2,0,0.69,0.82,3,Stable,0,6,0
S03286,Male,Information Security,DirectAdmission,3.71,3.38,3.74,3.16,3.5,130,0,0,0.87,0.78,2,Average,1,4,1
S03287,Female,Artificial Intelligence,EntranceExam,3.83,2.65,3.94,2.69,3.28,130,1,0,0.86,0.9,2,Stable,1,4,0
S03288,Female,Marketing,EntranceExam,1.61,2.06,2.46,2.02,2.04,120,1,0,1,0.89,0,Stable,1,4,0
S03289,Male,Computer Science,EntranceExam,2.72,2.34,2.81,3.29,2.79,130,1,1,0.83,0.92,2,Stable,1,4,0
S03290,Male,Artificial Intelligence,EntranceExam,2.59,2.72,3.24,2.64,2.8,130,3,0,0.72,0.8,0,Average,0,6,0
S03291,Male,Information Security,EntranceExam,1.61,2.17,2.23,2.44,2.11,130,0,0,0.97,0.88,1,Average,1,4,0
S03292,Female,Information Technology,EntranceExam,2.23,2.71,2.63,2.78,2.59,130,1,0,0.9,0.8,1,Stable,1,4,0
S03293,Male,Financial Technology (Fintech),EntranceExam,1.66,1.84,2.01,1.61,1.78,130,4,0,0.71,0.81,1,Stable,0,5,0
S03294,Female,Multimedia Technology,EntranceExam,2.18,2.51,2.98,2.22,2.47,125,3,0,0.7,0.81,2,Average,0,6,0
S03295,Male,Marketing,EntranceExam,2.46,2.13,2.14,3.05,2.45,120,0,0,0.91,0.83,0,Average,1,4,0
S03296,Male,Artificial Intelligence,EntranceExam,3.21,3.08,3.53,3.71,3.38,130,0,0,0.84,0.77,1,Average,1,4,1
S03297,Female,Information Technology,EntranceExam,2.5,2.52,1.92,2.07,2.25,130,0,0,0.99,0.72,2,Stable,1,4,1
S03298,Male,Game Design and Development,EntranceExam,1.77,2.69,2.04,2.03,2.13,140,2,0,0.91,0.97,4,Stable,1,4,0
S03299,Male,Game Design and Development,EntranceExam,3.33,3.52,3.92,3.46,3.56,140,0,0,0.94,0.86,1,Stable,1,4,1
S03300,Female,Computer Science,DirectAdmission,2.34,2.78,2.58,2.77,2.62,130,4,0,0.83,0.71,0,Stable,0,5,1
S03301,Male,Artificial Intelligence,EntranceExam,2.68,2.77,2.61,2.7,2.69,130,1,0,0.84,0.99,2,Stable,1,4,0
S03302,Female,Information Technology,EntranceExam,2.86,2.35,2.67,3.23,2.78,130,4,0,0.78,0.76,4,Difficult,0,7,1
S03303,Female,Marketing,EntranceExam,2.6,2.68,2.87,3.02,2.79,120,1,0,0.82,0.89,2,Average,1,4,1
S03304,Female,Marketing,DirectAdmission,1.18,1.87,2.28,1.86,1.8,120,4,0,0.9,0.95,1,Average,0,6,1
S03305,Male,E-commerce,DirectAdmission,3.35,2.85,2.9,2.92,3,125,0,0,0.88,0.74,1,Stable,1,4,0
S03306,Male,Multimedia Communication,DirectAdmission,2.77,2.68,3.14,2.47,2.76,125,1,0,0.89,0.88,1,Stable,1,4,0
S03307,Male,Multimedia Communication,EntranceExam,1.74,1.63,1.96,0.86,1.55,125,7,0,0.94,0.85,0,Difficult,0,5,0
S03308,Female,Multimedia Technology,EntranceExam,2.74,2.78,3.16,3.73,3.1,125,0,0,0.82,0.76,1,Average,1,4,0
S03309,Male,Computer Science,EntranceExam,2.61,3.44,3.45,3.12,3.16,130,0,0,1,0.93,4,Stable,1,4,1
S03310,Male,Computer Science,DirectAdmission,2.48,2.86,3.29,2.72,2.84,130,0,0,0.93,0.78,1,Average,1,4,0
S03311,Female,Artificial Intelligence,EntranceExam,2.11,2.14,2.23,2.87,2.34,130,0,0,0.96,0.99,3,Stable,1,4,1
S03312,Female,Information Security,DirectAdmission,2.38,2.69,2.5,2.47,2.51,130,2,1,0.84,1,4,Average,0,6,1
S03313,Male,Game Design and Development,DirectAdmission,3.05,3.38,3.44,3.57,3.36,140,0,0,0.88,0.87,2,Average,1,4,1
S03314,Male,Business Administration,EntranceExam,1.31,1.58,1.95,1.35,1.55,120,6,0,0.83,0.67,2,Stable,0,5,0
S03315,Male,Journalism,EntranceExam,2.81,2.31,2.32,2.98,2.6,120,1,0,0.89,1,0,Stable,1,4,0
S03316,Male,Information Security,EntranceExam,2.37,2.62,2.52,2.48,2.5,130,5,0,0.74,0.57,1,Difficult,0,6,0
S03317,Female,Game Design and Development,EntranceExam,1.54,1.47,1.44,1.54,1.5,140,5,0,0.8,0.87,0,Stable,0,6,1
S03318,Female,Automation,EntranceExam,2.67,2.27,2.59,2.11,2.41,140,3,0,0.74,0.95,2,Average,0,7,1
S03319,Female,Multimedia Communication,EntranceExam,1.87,1.66,1.81,2.04,1.84,125,3,0,0.93,0.82,0,Stable,0,5,0
S03320,Female,Multimedia Communication,EntranceExam,2.99,2.29,2.82,2.82,2.73,125,0,0,0.87,0.76,1,Stable,1,4,1
S03321,Male,Multimedia Communication,EntranceExam,2.42,2.89,2.64,2.82,2.69,125,0,1,0.96,0.8,2,Stable,1,4,0
S03322,Male,Computer Science,EntranceExam,3.28,2.34,2.78,2.5,2.72,130,3,0,0.86,0.75,4,Average,0,8,0
S03323,Male,Computer Science,EntranceExam,1.76,1.67,1.55,1.54,1.63,130,5,0,0.86,1,1,Stable,0,5,0
S03324,Female,Multimedia Communication,EntranceExam,2.69,2.36,2.76,2.58,2.6,125,1,0,0.98,0.82,2,Average,1,4,1
S03325,Male,Marketing,EntranceExam,2.76,3.64,3.46,3.05,3.23,120,1,0,0.9,0.78,1,Stable,1,4,1
S03326,Male,Multimedia Technology,EntranceExam,2.27,2.45,2.83,2.44,2.5,125,1,0,0.87,0.84,0,Average,1,4,0
S03327,Female,Business Administration,EntranceExam,2.15,2.48,2.35,1.98,2.24,120,1,1,0.91,0.82,0,Stable,1,4,0
S03328,Male,Business Administration,EntranceExam,2.06,2.01,2.16,2.16,2.1,120,2,0,0.87,0.87,0,Average,0,7,0
S03329,Female,Notary Relations,EntranceExam,3.07,2.8,2.91,3.23,3,125,0,0,0.8,0.89,2,Stable,1,4,1
S03330,Male,Marketing,EntranceExam,3.16,2.77,2.25,3.2,2.84,120,0,0,0.96,0.74,3,Average,1,4,1
S03331,Female,Multimedia Communication,EntranceExam,2.51,2.59,2.55,2.47,2.53,125,1,1,0.82,0.81,0,Stable,1,4,1
S03332,Male,Business Administration,DirectAdmission,3.1,3.15,3.19,2.87,3.08,120,0,0,0.9,0.91,0,Stable,1,4,1
S03333,Male,Computer Science,DirectAdmission,3.23,2.72,3.02,2.64,2.9,130,0,0,0.88,0.73,0,Stable,1,4,0
S03334,Female,Multimedia Communication,EntranceExam,3.06,2.6,2.71,2.9,2.82,125,0,1,0.87,0.84,0,Stable,1,4,1
S03335,Female,Accounting,EntranceExam,1.59,1.42,1.5,1.88,1.6,130,8,0,0.78,0.87,4,Stable,0,5,1
S03336,Female,Information Security,EntranceExam,2.57,2.81,3.09,2.64,2.78,130,0,0,0.97,0.78,1,Average,1,4,1
S03337,Male,Accounting,EntranceExam,2.23,2.22,2.14,2.12,2.18,130,4,0,0.8,0.71,2,Average,0,6,0
S03338,Male,Artificial Intelligence,DirectAdmission,1.99,2.75,3.09,2.94,2.69,130,0,0,0.83,1,1,Stable,1,4,0
S03339,Female,Computer Science,EntranceExam,2.03,2.66,2.69,2.44,2.45,130,0,0,0.85,0.87,1,Stable,1,4,1
S03340,Female,Notary Relations,DirectAdmission,2.2,2.75,2.36,3,2.58,125,0,0,0.88,0.74,1,Stable,1,4,0
S03341,Female,Financial Technology (Fintech),EntranceExam,2.53,2.78,2.23,2.77,2.58,130,1,0,0.86,0.93,2,Stable,1,4,1
S03342,Male,Information Technology,EntranceExam,3.43,2.56,2.82,3,2.95,130,0,0,0.85,0.72,1,Average,1,4,0
S03343,Male,Marketing,EntranceExam,2.6,2.86,2.64,2.69,2.7,120,1,0,1,0.79,1,Stable,1,4,0
S03344,Male,Business Administration,EntranceExam,2.54,3.34,2.77,2.66,2.83,120,0,0,0.97,0.89,2,Stable,1,4,1
S03345,Female,Information Technology,EntranceExam,1.73,2.37,2.18,2.07,2.09,130,5,0,0.82,0.82,1,Average,0,8,1
S03346,Female,Marketing,DirectAdmission,3.66,3.81,3.72,3.9,3.77,120,0,0,0.89,0.86,2,Stable,1,4,0
S03347,Female,Computer Science,EntranceExam,2.49,2.36,2.39,2.41,2.41,130,1,0,0.85,0.71,4,Stable,1,4,1
S03348,Male,E-commerce,EntranceExam,2.61,3.08,2.92,2.96,2.89,125,1,0,0.81,0.84,0,Stable,1,4,0
S03349,Female,E-commerce,EntranceExam,1.9,2.28,2.18,2.53,2.22,125,4,0,0.86,0.84,0,Average,0,8,1
S03350,Female,Artificial Intelligence,DirectAdmission,1.91,2.18,2.03,2.1,2.05,130,0,0,0.86,0.72,1,Stable,1,4,1
S03351,Female,Computer Science,EntranceExam,2.72,2.5,2.72,2.91,2.71,130,0,0,0.92,0.84,5,Average,1,4,1
S03352,Female,Financial Technology (Fintech),EntranceExam,2.58,2.68,2.88,2.58,2.68,130,5,0,0.85,0.79,6,Average,0,6,1
S03353,Female,Multimedia Technology,EntranceExam,2.63,2.87,2.79,3.22,2.88,125,1,0,0.81,0.84,1,Average,1,4,1
S03354,Female,Computer Science,DirectAdmission,2.59,2.83,2.18,2.84,2.61,130,3,0,0.83,0.9,3,Average,1,4,1
S03355,Female,Computer Science,EntranceExam,2.17,2.04,2.68,2.67,2.39,130,2,0,0.92,0.82,2,Average,0,6,1
S03356,Female,Multimedia Technology,DirectAdmission,2.34,2.93,2.52,1.94,2.43,125,5,0,0.72,0.9,1,Stable,0,5,1
S03357,Male,Multimedia Communication,EntranceExam,2.02,2.06,2.45,2.28,2.2,125,6,1,0.91,0.87,0,Stable,0,5,0
S03358,Female,E-commerce,EntranceExam,3.36,3.49,3.08,3.47,3.35,125,0,0,0.92,0.68,1,Stable,1,4,0
S03359,Female,Automation,EntranceExam,2.74,2.93,2.69,2.73,2.77,140,1,0,0.97,0.7,3,Stable,1,4,1
S03360,Female,Artificial Intelligence,EntranceExam,1.57,1.78,1.04,1.19,1.4,130,4,0,0.94,0.84,2,Stable,0,5,1
S03361,Female,Game Design and Development,EntranceExam,2.3,2.63,2.82,3.19,2.74,140,0,0,0.87,0.87,2,Average,1,4,1
S03362,Female,Business Administration,EntranceExam,3.71,3.48,3.71,4,3.72,120,1,0,0.99,1,1,Difficult,1,4,0
S03363,Male,Financial Technology (Fintech),EntranceExam,1.62,1.92,1.38,2.43,1.84,130,3,0,0.7,0.76,2,Difficult,0,5,0
S03364,Male,Accounting,EntranceExam,3.6,3.8,3.96,2.95,3.58,130,0,0,0.82,0.82,0,Stable,1,4,1
S03365,Female,Marketing,EntranceExam,2.29,2.1,2.23,2.79,2.35,120,2,0,0.82,0.74,1,Stable,1,4,1
S03366,Male,Marketing,EntranceExam,2.58,2.57,2.69,3.06,2.72,120,0,0,0.82,0.8,2,Stable,1,4,0
S03367,Male,Multimedia Communication,EntranceExam,2.27,2.25,1.89,2.25,2.16,125,4,0,0.84,0.75,3,Average,0,6,0
S03368,Male,Multimedia Technology,EntranceExam,2.6,3.69,3.24,3.39,3.23,125,0,0,0.81,0.8,1,Average,1,4,1
S03369,Male,Business Administration,DirectAdmission,2.52,2.89,2.73,3.03,2.79,120,1,0,0.85,0.79,0,Average,1,4,0
S03370,Male,Multimedia Technology,DirectAdmission,2.58,2.77,2.53,2.46,2.58,125,2,1,0.87,0.83,0,Stable,1,4,0
S03371,Female,Information Security,EntranceExam,2.63,2.49,2.49,2.5,2.53,130,1,0,0.87,0.73,5,Stable,1,4,1
S03372,Male,Journalism,EntranceExam,3.06,3.11,2.91,4,3.27,120,1,0,0.87,1,2,Stable,1,4,1
S03373,Female,Information Security,EntranceExam,2.51,2.78,3.21,2.89,2.85,130,1,0,1,0.94,2,Average,1,4,0
S03374,Male,E-commerce,EntranceExam,2.96,3.34,2.81,2.59,2.92,125,1,0,0.87,0.94,3,Stable,1,4,0
S03375,Male,Information Technology,EntranceExam,2.53,2.11,2.6,2.56,2.45,130,0,0,0.87,0.87,2,Stable,1,4,0
S03376,Female,Computer Science,EntranceExam,1.63,1.41,2.3,2.22,1.89,130,4,1,0.79,1,1,Difficult,0,5,0
S03377,Female,Information Security,EntranceExam,2.85,2.59,2.87,3.45,2.94,130,1,0,0.9,0.91,0,Stable,1,4,1
S03378,Male,Multimedia Technology,EntranceExam,2.75,2.51,2.86,2.8,2.73,125,3,0,0.8,0.72,1,Stable,1,4,0
S03379,Female,Information Security,DirectAdmission,2.96,3.61,3.3,3.05,3.23,130,0,0,0.92,0.86,2,Average,1,4,0
S03380,Female,Automation,EntranceExam,2.74,3.27,2.98,3.23,3.06,140,0,0,0.97,0.68,1,Stable,1,4,1
S03381,Female,Artificial Intelligence,DirectAdmission,1.16,2.16,2.01,1.56,1.72,130,4,0,0.71,0.68,2,Average,0,5,1
S03382,Male,Computer Science,EntranceExam,2.11,1.75,2.34,1.67,1.97,130,6,1,0.73,0.85,6,Stable,0,5,0
S03383,Female,Multimedia Technology,DirectAdmission,2.58,2.6,3.08,2.65,2.73,125,0,0,0.88,0.84,3,Average,1,4,1
S03384,Male,E-commerce,EntranceExam,3.06,2.93,2.89,2.73,2.9,125,0,1,0.99,0.93,0,Stable,1,4,0
S03385,Female,Artificial Intelligence,DirectAdmission,2.73,2.75,2.93,2.88,2.82,130,0,0,0.86,0.63,1,Average,1,4,1
S03386,Male,E-commerce,EntranceExam,2.37,2.98,3.05,2.79,2.8,125,0,0,0.99,0.77,1,Stable,1,4,0
S03387,Female,Journalism,EntranceExam,2.95,2.57,2.72,2.56,2.7,120,0,0,0.81,1,2,Stable,1,4,1
S03388,Male,Computer Science,EntranceExam,1.16,0.83,1.12,1.63,1.18,130,6,0,0.97,0.89,0,Stable,0,6,0
S03389,Female,Automation,EntranceExam,1.66,1.42,1.92,1.05,1.51,140,5,0,0.84,0.78,0,Stable,0,8,1
S03390,Male,Notary Relations,EntranceExam,2.85,2.55,2.72,3,2.78,125,0,0,0.84,0.79,2,Stable,1,4,0
S03391,Male,Information Technology,EntranceExam,3.51,3.2,3.02,3.09,3.2,130,0,0,0.88,0.7,3,Stable,1,4,1
S03392,Male,Information Technology,EntranceExam,1.85,2.12,2.04,2.15,2.04,130,1,0,0.73,0.55,3,Average,0,8,0
S03393,Female,Information Technology,EntranceExam,1.47,1.52,1.24,0.72,1.24,130,8,0,1,0.87,1,Stable,0,5,0
S03394,Male,Artificial Intelligence,DirectAdmission,2.65,3.29,2.3,2.67,2.73,130,0,1,0.9,0.87,0,Average,1,4,0
S03395,Female,Information Technology,EntranceExam,2.36,2.53,2.52,2.75,2.54,130,0,0,1,1,0,Stable,1,4,1
S03396,Female,Information Technology,EntranceExam,2.71,3.38,3.1,2.92,3.03,130,0,0,0.8,0.97,3,Average,1,4,1
S03397,Male,E-commerce,EntranceExam,1.79,1.98,1.3,1.98,1.76,125,4,0,0.82,0.91,1,Average,0,7,0
S03398,Female,Accounting,EntranceExam,1.44,1.87,1.87,1.48,1.66,130,7,1,0.86,0.75,0,Stable,0,8,1
S03399,Female,Automation,EntranceExam,3.21,3.28,3.52,2.73,3.18,140,0,0,0.84,0.77,2,Stable,1,4,1
S03400,Female,Game Design and Development,EntranceExam,2.23,2.4,1.7,1.95,2.07,140,3,0,0.92,0.93,0,Average,0,7,1
S03401,Female,Multimedia Communication,EntranceExam,2.38,2.21,2.35,2.7,2.41,125,1,0,0.84,0.93,0,Stable,1,4,1
S03402,Female,Journalism,EntranceExam,2.67,2.8,2.16,2.35,2.5,120,3,0,0.7,0.83,0,Stable,0,8,1
S03403,Male,Information Security,EntranceExam,1.85,1.86,1.69,2.68,2.02,130,0,0,0.96,0.99,2,Average,1,4,0
S03404,Female,Computer Science,EntranceExam,2.3,2.72,2.98,2.55,2.64,130,1,1,0.8,0.8,2,Stable,0,5,1
S03405,Female,Information Technology,EntranceExam,2.73,2.84,2.97,2.53,2.77,130,1,0,0.81,0.97,2,Average,0,5,1
S03406,Male,Information Technology,EntranceExam,2.03,1.78,2.17,1.82,1.95,130,9,0,0.77,0.74,1,Stable,0,6,0
S03407,Male,Artificial Intelligence,EntranceExam,2.28,3.11,3.19,3.24,2.96,130,3,0,0.83,0.73,1,Difficult,0,8,0
S03408,Female,Artificial Intelligence,EntranceExam,2.69,2.59,2.63,2.97,2.72,130,1,0,0.82,0.88,1,Difficult,0,6,0
S03409,Male,Marketing,EntranceExam,1.87,2.37,1.53,1.66,1.86,120,3,0,0.83,1,1,Stable,1,4,0
S03410,Male,Financial Technology (Fintech),EntranceExam,1.81,1.97,1.91,1.23,1.73,130,3,2,0.82,0.87,1,Stable,0,8,0
S03411,Female,Journalism,DirectAdmission,2.81,3.06,3.33,2.94,3.03,120,1,0,0.85,0.84,3,Stable,1,4,0
S03412,Female,Multimedia Technology,EntranceExam,2.17,2.07,2.44,3.28,2.49,125,5,0,0.81,0.97,1,Difficult,0,5,0
S03413,Male,Journalism,EntranceExam,2.55,2.96,1.99,2.48,2.5,120,0,0,0.87,1,2,Stable,1,4,0
S03414,Male,Journalism,EntranceExam,2.52,2.99,3.08,3.51,3.02,120,0,0,0.9,0.91,0,Stable,1,4,1
S03415,Male,Marketing,EntranceExam,1.78,1.72,1.24,1.43,1.54,120,3,0,1,0.81,2,Stable,0,6,0
S03416,Female,Game Design and Development,EntranceExam,2.61,2.86,3.27,2.65,2.85,140,0,0,0.84,0.94,1,Stable,1,4,1
S03417,Male,Business Administration,EntranceExam,2.87,2.38,2.87,3.27,2.85,120,2,0,0.8,0.69,0,Average,0,7,0
S03418,Female,Accounting,DirectAdmission,2.69,1.98,2.73,3.11,2.63,130,2,0,0.94,0.88,4,Stable,1,4,0
S03419,Male,Accounting,DirectAdmission,2.68,2.93,2.74,2.24,2.65,130,0,0,0.89,0.84,1,Average,1,4,0
S03420,Female,E-commerce,EntranceExam,2.4,2.71,2.72,2,2.46,125,2,0,0.88,0.91,2,Difficult,0,6,1
S03421,Female,Information Technology,EntranceExam,1.9,1.75,1.86,1.8,1.83,130,5,1,0.89,1,2,Stable,0,6,1
S03422,Female,Computer Science,DirectAdmission,2.99,3.01,2.68,2.59,2.82,130,0,0,0.87,0.89,1,Stable,1,4,1
S03423,Female,Multimedia Technology,DirectAdmission,2.93,2.94,2.62,2.54,2.76,125,2,0,1,0.8,2,Average,1,4,0
S03424,Male,Accounting,EntranceExam,2.9,2.68,3.1,3.27,2.99,130,0,0,0.99,0.95,1,Stable,1,4,0
S03425,Male,Information Technology,EntranceExam,2.43,2.17,2.17,2.8,2.39,130,1,1,0.88,0.8,2,Difficult,0,7,0
S03426,Male,E-commerce,DirectAdmission,2.33,2.19,2.09,2.46,2.27,125,1,0,0.9,0.9,1,Stable,1,4,0
S03427,Male,Notary Relations,EntranceExam,3.22,3.16,2.9,3.5,3.2,125,1,0,0.88,0.79,1,Stable,1,4,1
S03428,Female,Computer Science,EntranceExam,2.13,2.63,2.58,2.46,2.45,130,2,0,0.74,0.89,2,Average,0,6,1
S03429,Female,Marketing,EntranceExam,2.4,2.14,2.31,3.04,2.47,120,2,0,0.81,0.74,0,Stable,1,4,1
S03430,Female,Information Security,EntranceExam,3.2,2.9,3.15,3.33,3.14,130,1,1,0.84,0.69,1,Difficult,0,8,0
S03431,Male,Computer Science,EntranceExam,1.81,1.46,1.57,1.69,1.63,130,3,0,0.97,0.95,2,Average,0,5,0
S03432,Male,Business Administration,DirectAdmission,2.88,2.37,3.03,2.73,2.75,120,0,0,0.97,0.88,1,Stable,1,4,0
S03433,Male,Information Technology,EntranceExam,2.58,3.17,3.13,3.5,3.1,130,0,0,0.84,0.65,0,Stable,1,4,1
S03434,Male,Journalism,EntranceExam,2.51,2.87,2.29,2.91,2.64,120,5,1,0.71,0.65,2,Stable,0,5,0
S03435,Male,Information Technology,EntranceExam,3.22,3.07,2.67,3.51,3.12,130,0,0,0.84,0.92,0,Stable,1,4,1
S03436,Female,Computer Science,EntranceExam,2.47,2.35,3.1,2.96,2.72,130,0,0,0.92,0.78,1,Stable,1,4,1
S03437,Male,Financial Technology (Fintech),EntranceExam,2.64,3.19,2.85,2.77,2.86,130,0,0,0.94,0.97,3,Stable,1,4,0
S03438,Male,Financial Technology (Fintech),EntranceExam,1.4,2.07,1.37,1.71,1.64,130,7,0,0.84,0.79,3,Difficult,0,5,0
S03439,Male,Information Security,EntranceExam,1.94,2.14,2.18,1.69,1.99,130,2,0,0.95,0.91,1,Average,0,5,0
S03440,Female,Accounting,EntranceExam,1.97,1.56,1.67,2.41,1.9,130,5,0,0.86,0.66,2,Difficult,0,5,1
S03441,Male,Business Administration,EntranceExam,2.3,1.96,2.15,2.04,2.11,120,2,0,0.84,1,1,Average,0,5,0
S03442,Female,Accounting,EntranceExam,2.21,2.54,2.86,2.5,2.53,130,1,0,0.95,0.63,5,Stable,1,4,1
S03443,Female,Information Technology,EntranceExam,2.74,2.62,2.84,3.2,2.85,130,1,0,0.86,0.81,2,Stable,1,4,1
S03444,Female,Automation,EntranceExam,2.55,2.84,2.41,2.37,2.54,140,2,0,0.77,0.82,2,Difficult,0,5,1
S03445,Female,Artificial Intelligence,DirectAdmission,1.46,1.97,2.09,1.71,1.81,130,10,0,0.87,0.82,3,Average,0,7,1
S03446,Male,Artificial Intelligence,EntranceExam,1.1,1.73,1.61,2.02,1.62,130,4,1,0.82,0.75,0,Average,0,6,0
S03447,Male,Information Technology,EntranceExam,1.85,2.24,2.53,2.5,2.28,130,1,1,0.9,0.82,1,Stable,1,4,0
S03448,Male,Game Design and Development,EntranceExam,2.47,2.56,2.02,2.18,2.31,140,2,0,0.97,0.67,2,Average,0,7,0
S03449,Female,Automation,EntranceExam,2.08,1.91,2.12,2.67,2.2,140,4,0,0.93,0.81,0,Average,0,7,1
S03450,Male,Multimedia Technology,EntranceExam,3.71,4,3.67,3.75,3.78,125,0,0,0.87,0.76,2,Stable,1,4,1
S03451,Male,Marketing,DirectAdmission,3.07,2.99,2.7,2.56,2.83,120,0,0,0.83,0.92,2,Stable,1,4,0
S03452,Female,Information Technology,EntranceExam,3.86,3.79,3.76,3.87,3.82,130,0,0,0.87,0.72,3,Stable,1,4,0
S03453,Female,Business Administration,EntranceExam,2.57,2.39,2.52,2.46,2.49,120,1,0,0.93,0.88,1,Average,1,4,1
S03454,Female,Financial Technology (Fintech),DirectAdmission,1.88,1.96,2.17,1.68,1.92,130,7,0,0.81,0.95,1,Average,0,5,1
S03455,Male,Game Design and Development,EntranceExam,3.12,3.14,3.3,3.3,3.22,140,0,0,0.8,0.9,2,Stable,1,4,1
S03456,Male,Game Design and Development,EntranceExam,3.69,3.8,3.28,3.57,3.58,140,0,0,0.93,0.86,1,Stable,1,4,1
S03457,Male,Multimedia Technology,EntranceExam,2.08,2.64,2.62,1.79,2.28,125,1,0,0.81,0.82,0,Stable,1,4,0
S03458,Female,Marketing,EntranceExam,1.9,1.84,1.39,1.97,1.78,120,1,1,0.81,0.56,0,Average,0,5,0
S03459,Male,Journalism,DirectAdmission,2.92,2.17,2.91,2.61,2.65,120,0,0,0.96,0.77,0,Stable,1,4,0
S03460,Female,Computer Science,EntranceExam,1.78,2.46,2.72,2.81,2.44,130,0,0,0.86,0.8,3,Stable,1,4,1
S03461,Female,Journalism,DirectAdmission,2.61,2.85,2.2,3.21,2.72,120,0,0,0.86,0.86,1,Stable,1,4,1
S03462,Female,Artificial Intelligence,EntranceExam,2.46,2.29,2.63,2.21,2.4,130,2,0,0.91,0.92,1,Average,1,4,1
S03463,Female,Information Security,DirectAdmission,2.43,2.55,2.58,2.9,2.62,130,0,0,0.86,0.96,2,Stable,1,4,1
S03464,Male,Notary Relations,EntranceExam,2.43,2.3,2.04,2.39,2.29,125,4,0,0.8,0.86,1,Stable,0,7,0
S03465,Female,Information Technology,EntranceExam,2.91,3.25,3.02,3.03,3.05,130,0,0,0.87,0.99,1,Stable,1,4,0
S03466,Male,Accounting,DirectAdmission,2.88,3.34,3.49,2.98,3.17,130,0,0,1,1,1,Average,1,4,1
S03467,Female,Information Technology,EntranceExam,2.1,2.06,2.65,2.26,2.27,130,4,0,0.85,0.76,1,Difficult,0,5,1
S03468,Female,Multimedia Technology,DirectAdmission,2.64,2.8,3.26,2.73,2.86,125,0,0,0.78,0.81,0,Difficult,0,6,1
S03469,Male,Automation,EntranceExam,2.2,2.1,1.92,2.83,2.26,140,2,0,0.99,0.91,4,Stable,1,4,0
S03470,Female,Information Technology,EntranceExam,2.14,2.48,2.16,1.83,2.15,130,1,0,0.72,0.78,2,Average,0,5,0
S03471,Male,Business Administration,EntranceExam,2.09,2.01,2.15,3.28,2.38,120,0,0,0.95,0.87,0,Stable,1,4,0
S03472,Male,Accounting,DirectAdmission,3.47,3.49,3.38,3.37,3.43,130,0,0,0.83,0.85,1,Stable,1,4,1
S03473,Female,Artificial Intelligence,DirectAdmission,3.08,3.3,3.03,3.1,3.13,130,1,0,0.81,0.74,2,Average,1,4,0
S03474,Male,Computer Science,EntranceExam,2.88,2.92,3.02,3.04,2.96,130,1,0,0.83,0.83,3,Stable,1,4,0
S03475,Male,Journalism,EntranceExam,1.56,1.66,1.91,1.7,1.71,120,2,2,0.84,0.86,0,Difficult,0,6,0
S03476,Male,E-commerce,EntranceExam,2.3,2.57,2.74,2.49,2.52,125,1,0,0.91,0.63,1,Stable,1,4,0
S03477,Female,Business Administration,EntranceExam,2.04,2.19,2.52,2.31,2.26,120,2,0,0.89,0.91,0,Stable,0,5,0
S03478,Male,Information Technology,EntranceExam,2.31,2.56,2.95,3,2.7,130,1,0,0.75,0.83,1,Stable,0,5,0
S03479,Male,Multimedia Communication,EntranceExam,2.1,1.69,1.46,1.91,1.79,125,2,0,0.75,0.86,0,Stable,0,8,0
S03480,Male,Information Security,EntranceExam,2.49,2,2.2,2.52,2.3,130,2,0,0.85,0.95,1,Stable,1,4,0
S03481,Male,Financial Technology (Fintech),EntranceExam,2.75,2.65,2.58,2.55,2.63,130,1,0,0.98,0.85,1,Average,1,4,0
S03482,Male,Multimedia Technology,DirectAdmission,2.76,2.91,2.52,2.85,2.76,125,0,0,0.84,0.92,0,Average,1,4,0
S03483,Female,Financial Technology (Fintech),DirectAdmission,3.24,2.83,3.41,3.25,3.18,130,1,0,0.91,0.7,1,Stable,1,4,0
S03484,Female,Game Design and Development,EntranceExam,3.19,3.49,3.64,3.55,3.47,140,0,0,0.83,0.76,2,Stable,1,4,0
S03485,Female,Game Design and Development,EntranceExam,3.06,3.29,3.38,3.55,3.32,140,1,0,1,0.9,1,Stable,1,4,0
S03486,Female,Journalism,EntranceExam,2.65,2.74,3.3,3.3,3,120,0,0,0.97,0.81,2,Stable,1,4,0
S03487,Female,Game Design and Development,EntranceExam,1.44,1.27,0.68,1.38,1.19,140,7,0,0.77,0.63,5,Stable,0,5,0
S03488,Female,Information Technology,EntranceExam,3.75,3.97,3.05,4,3.69,130,1,0,0.84,0.81,2,Difficult,1,4,0
S03489,Male,Artificial Intelligence,EntranceExam,2.39,2.51,2.56,2.95,2.6,130,0,0,0.82,0.8,3,Stable,1,4,0
S03490,Male,Multimedia Communication,EntranceExam,3,3.28,2.97,2.92,3.04,125,0,0,0.95,0.81,0,Average,1,4,0
S03491,Male,Automation,EntranceExam,2.45,2.14,2.92,2.36,2.47,140,0,0,0.8,0.92,2,Stable,1,4,0
S03492,Male,Accounting,EntranceExam,1.46,1.92,1.87,1.68,1.73,130,3,2,0.7,0.75,1,Stable,0,5,0
S03493,Female,Information Technology,EntranceExam,2.41,2.75,2.82,2.76,2.68,130,0,0,0.93,0.83,1,Average,1,4,1
S03494,Female,Marketing,EntranceExam,2.93,2.98,2.95,2.68,2.88,120,1,0,0.83,0.93,5,Stable,1,4,1
S03495,Female,Information Technology,DirectAdmission,3.2,3,2.9,3.08,3.04,130,0,0,0.98,0.8,1,Average,1,4,1
S03496,Female,Accounting,DirectAdmission,2.59,2.42,2.39,2.3,2.42,130,0,0,1,0.81,1,Stable,1,4,1
S03497,Female,Multimedia Communication,EntranceExam,1.88,2.18,1.86,2.06,2,125,0,0,0.89,0.97,0,Stable,1,4,1
S03498,Male,Computer Science,EntranceExam,2.53,2.68,2,2.8,2.5,130,0,0,0.9,0.96,1,Average,1,4,0
S03499,Female,Multimedia Communication,EntranceExam,2.02,2.16,2.1,1.77,2.01,125,3,1,0.91,0.88,1,Average,0,5,1
S03500,Female,Computer Science,DirectAdmission,3.36,3.05,2.98,3.45,3.21,130,0,0,0.85,0.86,1,Stable,1,4,0
S03501,Female,Multimedia Technology,EntranceExam,3.07,2.64,3.43,3.68,3.2,125,2,0,0.89,0.91,0,Average,1,4,1
S03502,Female,Artificial Intelligence,EntranceExam,2.38,1.98,2.58,1.91,2.21,130,1,0,0.92,0.83,1,Average,0,5,1
S03503,Male,E-commerce,EntranceExam,2.84,3.16,2.62,2.79,2.85,125,2,0,0.84,0.87,1,Stable,1,4,0
S03504,Female,Marketing,DirectAdmission,1.47,1.28,1.44,0.76,1.24,120,5,0,0.93,0.93,1,Stable,0,6,0
S03505,Male,Computer Science,DirectAdmission,3.87,4,4,3.7,3.89,130,0,0,0.91,1,0,Stable,1,4,1
S03506,Male,Computer Science,EntranceExam,2.3,2.77,2.63,2.74,2.61,130,3,0,0.76,0.83,4,Difficult,0,6,0
S03507,Male,Marketing,EntranceExam,2.59,3.38,2.72,2.09,2.7,120,0,0,0.91,1,1,Stable,1,4,0
S03508,Female,Artificial Intelligence,EntranceExam,2.42,2.51,2.64,2.86,2.61,130,2,0,0.8,0.62,1,Average,1,4,1
S03509,Male,Multimedia Technology,DirectAdmission,2.55,2.73,2.97,3.44,2.92,125,2,0,0.82,0.78,2,Difficult,0,5,0
S03510,Female,Financial Technology (Fintech),EntranceExam,2.53,2.45,2.15,2.34,2.37,130,0,0,0.93,0.78,7,Stable,1,4,1
S03511,Female,Information Security,EntranceExam,1.65,1.99,1.86,1.48,1.74,130,5,0,0.77,0.67,1,Stable,0,5,0
S03512,Female,Marketing,EntranceExam,2.55,2.66,2.99,3.32,2.88,120,1,0,0.81,0.73,2,Difficult,0,7,1
S03513,Male,Game Design and Development,EntranceExam,3.07,3.29,3.4,3.52,3.32,140,0,0,0.89,0.65,0,Average,1,4,1
S03514,Female,Information Technology,EntranceExam,1.19,1,0.98,1,1.04,130,6,0,0.97,0.99,3,Average,0,6,0
S03515,Female,Information Security,EntranceExam,1.53,1.93,2.05,1.76,1.82,130,8,0,0.9,0.87,2,Stable,0,6,1
S03516,Male,E-commerce,EntranceExam,3.14,3.14,3.42,3.35,3.26,125,0,0,0.86,0.82,1,Average,1,4,1
S03517,Male,Information Security,EntranceExam,2.01,2.26,2.04,1.86,2.04,130,5,1,0.87,0.67,2,Stable,0,6,0
S03518,Male,Financial Technology (Fintech),DirectAdmission,1.76,2.09,1.92,1.83,1.9,130,2,0,0.98,0.86,0,Average,0,5,0
S03519,Male,Business Administration,EntranceExam,3.29,3.13,3.37,3.45,3.31,120,0,0,0.86,0.78,2,Average,1,4,1
S03520,Female,Game Design and Development,EntranceExam,2.08,1.88,2.52,2.2,2.17,140,3,0,0.85,0.73,1,Stable,0,7,1
S03521,Male,Journalism,EntranceExam,2.36,2.73,3.03,3.18,2.82,120,0,0,0.88,0.88,1,Stable,1,4,0
S03522,Male,Artificial Intelligence,EntranceExam,1.84,1.89,2.44,2.33,2.12,130,0,0,0.94,0.82,2,Average,0,5,0
S03523,Male,Multimedia Technology,EntranceExam,2.86,3.8,3.25,3.17,3.27,125,2,0,0.8,0.76,3,Difficult,0,5,1
S03524,Female,Artificial Intelligence,EntranceExam,1.38,2.29,2.22,2.17,2.02,130,0,0,0.81,1,3,Stable,1,4,1
S03525,Female,Accounting,EntranceExam,2.39,2.5,2.72,2.38,2.5,130,0,0,0.9,0.83,0,Average,1,4,1
S03526,Male,E-commerce,EntranceExam,2.2,2.13,1.8,2.21,2.08,125,3,0,0.88,0.83,4,Difficult,0,6,0
S03527,Female,Automation,EntranceExam,1.92,2.03,2.6,2.39,2.24,140,1,0,0.82,0.88,2,Average,0,6,1
S03528,Female,Multimedia Communication,EntranceExam,2.08,2.28,1.96,2.2,2.13,125,2,0,0.92,0.79,2,Difficult,0,5,1
S03529,Female,Notary Relations,EntranceExam,3.02,3.04,2.98,2.91,2.99,125,0,0,0.99,0.92,2,Stable,1,4,1
S03530,Female,Multimedia Communication,EntranceExam,2.39,2.7,2.56,2.31,2.49,125,1,0,1,0.9,2,Average,1,4,1
S03531,Female,Multimedia Technology,EntranceExam,1.47,1.48,1.14,1.45,1.38,125,6,0,0.93,0.75,0,Stable,0,5,1
S03532,Male,Artificial Intelligence,EntranceExam,1.86,1.49,2.03,1.6,1.74,130,5,1,0.82,0.88,0,Stable,0,6,0
S03533,Male,Automation,DirectAdmission,2.32,2.38,2.34,1.93,2.24,140,6,0,0.84,1,3,Difficult,0,8,0
S03534,Male,E-commerce,EntranceExam,3.32,3.42,4,3.38,3.53,125,0,0,0.8,0.84,1,Stable,1,4,1
S03535,Male,Information Technology,EntranceExam,2.72,2.34,2.53,2.6,2.55,130,0,0,0.9,0.92,0,Average,1,4,0
S03536,Male,Information Security,EntranceExam,2.84,2.82,2.81,2.92,2.85,130,0,0,1,0.91,0,Average,1,4,1
S03537,Male,Information Technology,EntranceExam,2.91,2.95,2.66,3.47,3,130,0,0,0.88,0.86,0,Average,1,4,1
S03538,Female,Multimedia Technology,EntranceExam,2.22,2.35,2.42,2.67,2.42,125,1,0,0.88,0.75,0,Stable,0,8,1
S03539,Female,Information Technology,EntranceExam,2.11,2.17,1.77,2.05,2.02,130,1,0,0.98,0.85,2,Average,1,4,1
S03540,Female,Game Design and Development,EntranceExam,2.55,2.43,2.5,3.05,2.63,140,1,0,0.83,0.96,1,Stable,1,4,1
S03541,Female,Computer Science,EntranceExam,2.54,2.3,2.85,3,2.67,130,0,0,0.84,0.64,3,Stable,1,4,0
S03542,Female,Computer Science,DirectAdmission,3.3,3.24,3.61,3.03,3.3,130,0,1,0.86,0.79,7,Stable,1,4,0
S03543,Female,Information Technology,EntranceExam,2.33,2.2,2.45,2.72,2.43,130,7,0,0.77,0.89,0,Average,0,5,1
S03544,Female,Information Security,EntranceExam,1.75,2.16,1.96,1.82,1.92,130,9,0,0.87,0.82,3,Average,0,6,1
S03545,Male,Game Design and Development,DirectAdmission,2.46,2.48,2.28,2.56,2.44,140,0,0,0.84,0.86,1,Average,1,4,0
S03546,Female,Business Administration,EntranceExam,2.42,2.21,2.38,1.43,2.11,120,3,0,0.85,0.76,1,Stable,0,6,1
S03547,Female,Financial Technology (Fintech),EntranceExam,2.52,2.92,2.94,2.83,2.8,130,0,0,0.99,0.96,1,Stable,1,4,1
S03548,Female,Information Security,EntranceExam,2.48,2.5,2.09,2.08,2.29,130,4,0,0.82,0.87,1,Average,0,8,1
S03549,Female,Information Security,EntranceExam,3.16,3.3,3.01,2.85,3.08,130,0,0,0.87,0.72,1,Average,1,4,1
S03550,Female,Business Administration,EntranceExam,2.16,2.58,2.02,2.45,2.3,120,0,0,0.95,0.94,2,Stable,1,4,1
S03551,Female,Multimedia Technology,DirectAdmission,2.89,3.11,3.68,3.3,3.24,125,0,0,0.99,0.74,2,Stable,1,4,0
S03552,Male,Game Design and Development,EntranceExam,1.42,2.1,2.59,1.34,1.86,140,5,0,0.66,0.87,3,Stable,0,6,0
S03553,Male,Multimedia Technology,EntranceExam,1.75,2,1.79,2.19,1.93,125,2,0,0.76,0.73,0,Difficult,0,6,0
S03554,Female,Accounting,EntranceExam,2.38,1.96,2.88,1.92,2.28,130,3,0,0.86,0.7,0,Stable,0,5,1
S03555,Male,Business Administration,EntranceExam,1.55,1.83,2.31,2.07,1.94,120,5,0,0.88,0.9,0,Average,0,5,0
S03556,Male,Information Security,EntranceExam,2.23,2.35,2.19,2.39,2.29,130,1,0,0.98,0.83,0,Average,0,5,0
S03557,Male,Multimedia Technology,EntranceExam,1.78,2.41,2.31,2.42,2.23,125,0,0,0.87,0.7,2,Stable,1,4,0
S03558,Female,Financial Technology (Fintech),EntranceExam,2.69,2.72,2.79,2.52,2.68,130,4,0,0.76,0.8,0,Average,0,5,1
S03559,Male,Artificial Intelligence,EntranceExam,1.56,1.74,2.28,2.56,2.04,130,3,0,0.88,0.83,1,Average,0,5,0
S03560,Female,Accounting,EntranceExam,2.22,2.01,2.12,1.79,2.04,130,0,0,0.82,0.88,3,Stable,1,4,1
S03561,Female,Computer Science,DirectAdmission,1.7,1.57,1.46,2.12,1.71,130,4,0,0.76,0.72,2,Stable,0,5,1
S03562,Male,E-commerce,EntranceExam,3.09,2.74,2.55,3.47,2.96,125,0,0,0.93,0.9,3,Stable,1,4,1
S03563,Male,Automation,EntranceExam,2.33,2.06,2.69,2.07,2.29,140,0,0,0.92,0.79,0,Average,1,4,0
S03564,Male,Multimedia Communication,EntranceExam,2.51,2.28,2.29,2.09,2.29,125,0,0,0.95,0.78,1,Difficult,0,7,0
S03565,Male,Multimedia Communication,EntranceExam,2.85,2.6,2.6,2.95,2.75,125,3,0,0.63,0.86,2,Stable,0,7,0
S03566,Female,Artificial Intelligence,EntranceExam,2.48,2.44,2.29,2.31,2.38,130,3,0,0.68,0.81,2,Stable,0,5,1
S03567,Female,Artificial Intelligence,EntranceExam,2.08,1.37,1.8,2.35,1.9,130,3,1,0.92,0.88,1,Stable,1,4,1
S03568,Male,Business Administration,EntranceExam,2.46,2.23,2.63,2.58,2.47,120,0,0,0.88,0.95,2,Average,1,4,0
S03569,Male,Information Technology,EntranceExam,2.83,3.27,3.59,3.33,3.26,130,0,0,0.95,0.74,2,Stable,1,4,1
S03570,Male,Information Technology,EntranceExam,2.72,2.09,2.73,2.79,2.58,130,0,1,0.92,0.79,1,Stable,1,4,0
S03571,Female,Financial Technology (Fintech),EntranceExam,2.91,2.65,2.35,2.12,2.51,130,0,0,0.89,0.84,3,Average,1,4,1
S03572,Male,Artificial Intelligence,EntranceExam,2.85,2.77,3.07,2.73,2.86,130,1,0,0.74,0.83,2,Difficult,0,5,0
S03573,Male,Game Design and Development,EntranceExam,1.78,1.85,2.1,2.74,2.12,140,1,0,0.86,0.78,2,Stable,1,4,0
S03574,Female,Automation,EntranceExam,2.53,3.15,2.89,2.56,2.78,140,0,0,0.85,0.93,2,Stable,1,4,1
S03575,Female,Computer Science,EntranceExam,2.81,2.87,2.47,2.3,2.61,130,0,0,0.91,0.77,0,Average,1,4,1
S03576,Male,Financial Technology (Fintech),EntranceExam,2.9,2.4,2.71,2.77,2.7,130,0,0,0.91,0.95,2,Stable,1,4,0
S03577,Female,Multimedia Communication,EntranceExam,2.49,2.56,2.77,2.25,2.52,125,2,0,0.76,0.77,0,Average,0,5,0
S03578,Female,Information Security,EntranceExam,1.47,1.29,1.88,1.6,1.56,130,5,0,0.78,0.7,0,Difficult,0,7,0
S03579,Male,Marketing,EntranceExam,1.89,1.85,1.82,1.51,1.77,120,5,1,0.93,0.87,1,Average,0,5,0
S03580,Male,Artificial Intelligence,EntranceExam,1.32,1.68,1.2,1.3,1.38,130,3,0,0.82,0.75,1,Average,0,6,0
S03581,Female,Multimedia Communication,DirectAdmission,3.13,2.76,3.47,3.68,3.26,125,0,0,0.89,0.68,4,Average,1,4,0
S03582,Female,Journalism,EntranceExam,3.42,4,3.6,3.22,3.56,120,1,0,0.81,0.9,0,Stable,1,4,0
S03583,Female,Notary Relations,EntranceExam,2.2,2.28,2.79,2.54,2.45,125,1,0,0.89,1,1,Average,1,4,1
S03584,Male,Financial Technology (Fintech),DirectAdmission,3.16,2.66,3.54,3.28,3.16,130,1,0,0.96,0.96,0,Stable,1,4,1
S03585,Female,Journalism,EntranceExam,1.32,1.51,1.49,1.57,1.47,120,11,0,0.74,0.65,0,Average,0,5,1
S03586,Female,Multimedia Technology,EntranceExam,2.48,3.27,2.99,2.56,2.82,125,3,0,0.84,0.64,1,Average,0,6,1
S03587,Female,Multimedia Technology,EntranceExam,2.51,2.82,2.07,2.49,2.47,125,0,0,0.82,0.83,2,Stable,1,4,1
S03588,Female,Computer Science,DirectAdmission,2.1,1.98,1.73,2.16,1.99,130,2,0,0.92,0.87,4,Stable,1,4,1
S03589,Male,Journalism,EntranceExam,1.84,2.04,1.64,2.03,1.89,120,6,0,0.77,0.99,2,Average,0,5,0
S03590,Male,Multimedia Technology,EntranceExam,2.93,2.96,2.46,2.82,2.79,125,1,0,0.91,0.85,2,Stable,1,4,0
S03591,Female,Multimedia Communication,EntranceExam,3.33,3.17,3.57,3.5,3.39,125,1,0,0.85,0.82,1,Stable,1,4,0
S03592,Female,Computer Science,EntranceExam,2.09,2.25,2.32,2.52,2.3,130,1,0,0.7,0.79,0,Average,0,6,1
S03593,Female,Financial Technology (Fintech),EntranceExam,2.4,2.71,2.11,2.51,2.43,130,0,0,1,0.88,1,Stable,1,4,0
S03594,Female,Multimedia Technology,EntranceExam,1.93,2.66,2.44,2.88,2.48,125,3,0,0.65,0.79,0,Stable,0,6,1
S03595,Female,Automation,DirectAdmission,2.97,3.12,2.6,2.46,2.79,140,0,0,0.91,1,0,Stable,1,4,1
S03596,Male,Information Security,EntranceExam,1.49,2.11,2,1.71,1.83,130,4,0,0.84,0.93,0,Difficult,0,7,0
S03597,Male,Marketing,EntranceExam,2.34,1.79,1.57,1.77,1.87,120,0,0,0.87,0.83,0,Stable,0,5,0
S03598,Female,Computer Science,EntranceExam,2.65,2.4,2.42,3.15,2.66,130,1,0,0.87,0.64,1,Average,1,4,1
S03599,Female,Game Design and Development,EntranceExam,2.56,3.06,3.13,3.17,2.98,140,0,0,0.93,0.89,0,Stable,1,4,0
S03600,Female,Artificial Intelligence,EntranceExam,1.95,1.91,2.14,2.12,2.03,130,2,0,0.88,0.74,3,Stable,0,7,1
S03601,Male,Information Technology,EntranceExam,2.78,2.96,3.08,2.86,2.92,130,0,1,0.86,0.75,1,Stable,1,4,0
S03602,Female,Business Administration,EntranceExam,3.36,3.21,3.72,3.16,3.36,120,0,0,0.99,0.86,2,Stable,1,4,1
S03603,Male,Multimedia Communication,EntranceExam,1.54,1.52,1.84,1.27,1.54,125,4,0,0.8,0.89,1,Average,0,7,0
S03604,Female,Multimedia Technology,EntranceExam,2.01,2.07,2.2,2.39,2.17,125,0,0,0.9,0.99,0,Average,1,4,1
S03605,Male,Information Technology,DirectAdmission,2.57,2.43,2.28,2.45,2.43,130,1,0,0.81,0.88,1,Average,1,4,0
S03606,Female,Multimedia Technology,EntranceExam,2.96,2.66,3.04,2.55,2.8,125,0,0,0.98,0.87,2,Stable,1,4,0
S03607,Male,Multimedia Communication,EntranceExam,2.32,3.5,3.18,2.95,2.99,125,0,0,0.86,0.78,1,Average,1,4,0
S03608,Male,E-commerce,DirectAdmission,2.81,3.11,2.71,3.33,2.99,125,1,0,0.89,0.89,1,Stable,1,4,1
S03609,Female,Business Administration,EntranceExam,2.04,2,2.16,2.05,2.06,120,2,0,0.89,0.84,0,Average,0,6,1
S03610,Female,Computer Science,EntranceExam,2.52,2.26,2.93,2.41,2.53,130,0,0,0.92,0.93,5,Stable,1,4,1
S03611,Male,Financial Technology (Fintech),EntranceExam,3.05,3.28,3.5,2.76,3.15,130,0,0,0.83,0.81,2,Stable,1,4,1
S03612,Female,Artificial Intelligence,DirectAdmission,2.16,2.07,2.06,1.84,2.03,130,5,0,0.86,0.78,0,Stable,0,6,1
S03613,Female,Game Design and Development,EntranceExam,1.28,1.61,1.36,1.67,1.48,140,2,1,0.76,0.74,2,Stable,0,6,1
S03614,Female,Notary Relations,EntranceExam,1.82,1.41,1.56,1.56,1.59,125,3,0,0.9,0.96,0,Average,0,7,1
S03615,Female,Multimedia Communication,EntranceExam,2.32,2.46,2.47,1.89,2.28,125,2,0,0.88,0.75,1,Difficult,0,6,1
S03616,Male,Game Design and Development,DirectAdmission,2.89,2.77,3.02,3.16,2.96,140,0,0,0.86,0.86,3,Stable,1,4,1
S03617,Male,Marketing,EntranceExam,2.27,1.86,2.21,1.57,1.98,120,7,0,0.84,0.93,1,Stable,1,4,0
S03618,Male,Information Security,DirectAdmission,3,3.08,2.92,2.84,2.96,130,0,0,0.8,0.78,3,Average,1,4,0
S03619,Male,Accounting,EntranceExam,2.13,2.06,2.05,2.16,2.1,130,1,0,1,0.95,3,Stable,1,4,0
S03620,Male,Marketing,DirectAdmission,2.05,2.34,2.26,1.32,1.99,120,10,0,0.79,0.87,2,Stable,0,6,0
S03621,Female,Multimedia Communication,EntranceExam,2.81,2.16,2.73,2.88,2.65,125,3,0,0.77,0.74,0,Average,0,8,1
S03622,Female,Automation,EntranceExam,1.77,1.87,2.43,2.16,2.06,140,1,0,0.93,0.94,0,Stable,1,4,1
S03623,Female,Journalism,EntranceExam,2.13,2.5,2.01,2.17,2.2,120,5,0,0.93,0.62,0,Stable,0,7,1
S03624,Male,Information Security,EntranceExam,3.46,3.29,3.4,3.28,3.36,130,1,0,0.81,0.81,4,Average,1,4,1
S03625,Female,Computer Science,EntranceExam,1.94,2.35,1.57,2.15,2,130,0,0,0.96,1,3,Average,1,4,1
S03626,Male,Financial Technology (Fintech),EntranceExam,3.01,2.7,2.57,2.84,2.78,130,0,0,0.84,1,1,Average,1,4,0
S03627,Male,Financial Technology (Fintech),EntranceExam,1.86,1.51,2.34,1.91,1.9,130,5,0,0.9,0.78,2,Average,0,6,0
S03628,Male,Multimedia Communication,EntranceExam,2.76,2.56,3.21,2.27,2.7,125,0,0,0.88,0.66,1,Difficult,1,4,0
S03629,Male,Information Security,EntranceExam,2.92,2.82,2.72,2.79,2.81,130,1,0,0.92,0.95,3,Stable,1,4,0
S03630,Female,Information Security,EntranceExam,2.32,2.34,2.52,2.31,2.37,130,0,1,0.88,0.88,1,Stable,1,4,1
S03631,Male,Game Design and Development,EntranceExam,3.02,2.71,3.07,2.86,2.92,140,0,0,0.91,1,1,Average,1,4,1
S03632,Female,Accounting,DirectAdmission,2.5,2.39,2.4,1.73,2.26,130,1,0,0.9,0.82,2,Stable,1,4,0
S03633,Female,Information Technology,EntranceExam,2.51,2.91,3.19,2.77,2.84,130,1,1,0.83,0.87,2,Stable,1,4,1
S03634,Male,Accounting,DirectAdmission,2.06,1.58,1.92,1.88,1.86,130,7,0,0.9,0.8,1,Average,0,5,0
S03635,Male,Information Security,DirectAdmission,1.69,1.49,1.98,1.36,1.63,130,6,0,0.78,0.83,3,Stable,0,7,0
S03636,Male,Notary Relations,EntranceExam,1.87,1.98,2,1.58,1.86,125,4,1,0.87,1,1,Stable,0,6,0
S03637,Male,Information Security,DirectAdmission,2.59,2.47,2.53,2.84,2.61,130,1,0,0.84,0.76,0,Stable,1,4,0
S03638,Male,Business Administration,EntranceExam,1.61,2.11,1.86,2.1,1.92,120,6,1,0.9,0.69,0,Average,0,7,0
S03639,Male,Multimedia Technology,DirectAdmission,2.8,2.44,2.39,2.71,2.58,125,2,0,0.83,0.88,0,Difficult,0,8,0
S03640,Male,Financial Technology (Fintech),EntranceExam,2.68,1.54,2.09,2.35,2.16,130,3,1,0.69,0.69,1,Stable,0,7,0
S03641,Female,Multimedia Communication,EntranceExam,1.58,1.53,1.66,2.05,1.7,125,9,0,0.98,0.95,0,Stable,0,6,1
S03642,Female,Notary Relations,EntranceExam,2.9,2.93,2.51,2.88,2.8,125,3,0,0.88,0.69,0,Difficult,0,7,1
S03643,Male,Game Design and Development,EntranceExam,2.38,2.38,2.26,2.22,2.31,140,3,0,0.82,0.77,1,Average,0,5,0
S03644,Female,Game Design and Development,DirectAdmission,1.96,2.26,2.1,2.35,2.17,140,4,0,0.69,0.64,1,Average,0,5,1
S03645,Male,Accounting,EntranceExam,2.64,2.54,2.79,3.04,2.75,130,0,0,0.9,0.66,2,Stable,1,4,0
S03646,Male,Accounting,DirectAdmission,2.48,2.92,2.98,3.12,2.88,130,0,0,0.89,0.86,2,Stable,1,4,0
S03647,Male,Information Technology,EntranceExam,3.09,3,3.02,3.89,3.25,130,0,0,0.91,0.85,1,Stable,1,4,1
S03648,Female,Automation,DirectAdmission,2.06,2.4,2.03,1.74,2.06,140,1,0,0.8,0.82,0,Stable,0,6,1
S03649,Male,Information Technology,EntranceExam,2.08,1.47,2.15,2.8,2.12,130,0,0,0.84,0.85,2,Stable,1,4,0
S03650,Female,Artificial Intelligence,EntranceExam,3.12,3.27,3.12,3.06,3.14,130,0,0,0.81,0.77,1,Difficult,1,4,0
S03651,Female,Multimedia Technology,EntranceExam,3.82,4,3.88,3.27,3.74,125,0,0,0.84,0.87,0,Average,1,4,0
S03652,Male,Business Administration,EntranceExam,2.13,2.71,2.55,2.38,2.44,120,1,0,0.9,0.87,1,Stable,1,4,0
S03653,Female,Automation,EntranceExam,2.34,2.64,2.41,2.81,2.55,140,5,0,0.65,0.8,4,Average,0,5,1
S03654,Female,Multimedia Technology,EntranceExam,2.26,1.99,2.48,2.34,2.27,125,2,0,0.8,0.86,2,Difficult,0,8,1
S03655,Male,Information Technology,EntranceExam,2.86,2.86,2.55,2.94,2.8,130,2,1,0.66,0.73,0,Stable,0,8,0
S03656,Female,Information Security,DirectAdmission,2.37,2.94,2.57,2.42,2.58,130,1,0,0.97,0.95,3,Stable,1,4,1
S03657,Male,Automation,EntranceExam,2.77,2.67,2.78,2.7,2.73,140,0,0,0.88,0.92,2,Difficult,1,4,0
S03658,Female,Information Technology,EntranceExam,1.71,1.94,1.9,1.75,1.82,130,4,0,0.86,0.9,2,Stable,0,6,0
S03659,Male,Information Technology,DirectAdmission,2.53,2.73,2.61,2.22,2.52,130,6,0,0.77,0.89,2,Stable,0,8,0
S03660,Male,Game Design and Development,DirectAdmission,2.77,3.1,3.03,2.64,2.88,140,0,0,0.97,0.8,1,Stable,1,4,1
S03661,Female,Artificial Intelligence,EntranceExam,3.21,3.36,3.28,3.32,3.29,130,0,0,0.84,0.82,1,Stable,1,4,1
S03662,Male,Automation,EntranceExam,2.43,2.5,2.68,2.61,2.55,140,0,0,0.86,0.63,2,Average,0,6,0
S03663,Female,Journalism,EntranceExam,2.97,3.02,3.53,3.6,3.28,120,0,0,0.92,1,0,Average,1,4,0
S03664,Female,Business Administration,EntranceExam,2.75,3.23,2.68,2.43,2.77,120,0,0,0.86,0.8,1,Average,1,4,0
S03665,Male,Multimedia Technology,EntranceExam,1.52,1.4,1.46,0.98,1.34,125,9,1,0.79,0.76,0,Difficult,0,7,0
S03666,Male,Computer Science,EntranceExam,1.82,1.55,2.11,1.79,1.82,130,9,0,0.89,0.9,4,Average,0,5,0
S03667,Male,Multimedia Communication,EntranceExam,3.1,3.32,3.3,3.37,3.27,125,0,0,0.84,0.84,0,Average,1,4,1
S03668,Male,Information Security,EntranceExam,2.62,2.67,2.81,2.76,2.72,130,2,0,0.93,0.73,1,Stable,1,4,0
S03669,Female,Business Administration,EntranceExam,1.52,1.47,1.94,1.67,1.65,120,7,0,0.9,0.76,0,Stable,0,7,1
S03670,Female,Computer Science,EntranceExam,3.65,3.45,3.36,3.03,3.37,130,0,0,0.96,0.7,0,Stable,1,4,0
S03671,Female,Multimedia Technology,EntranceExam,1.82,1.8,2.62,2.23,2.12,125,3,0,0.75,0.9,1,Average,0,5,0
S03672,Female,Computer Science,EntranceExam,1.95,2.1,2.02,2.19,2.06,130,1,0,0.86,0.86,0,Average,0,6,1
S03673,Male,Multimedia Communication,EntranceExam,3.06,2.61,3.64,3.27,3.14,125,1,0,0.8,0.97,0,Stable,1,4,0
S03674,Female,Artificial Intelligence,EntranceExam,2.48,2.76,2.68,2.81,2.68,130,0,0,0.94,1,2,Stable,1,4,1
S03675,Female,Information Technology,EntranceExam,3.27,3.29,3.79,3.12,3.37,130,1,0,0.81,0.79,2,Stable,1,4,0
S03676,Female,E-commerce,EntranceExam,2.81,2.71,2.63,2.98,2.78,125,0,0,0.91,0.61,1,Stable,1,4,1
S03677,Female,Journalism,EntranceExam,2.99,3.5,4,2.68,3.29,120,1,1,0.84,0.9,3,Average,1,4,0
S03678,Male,Automation,EntranceExam,2.45,2.36,2.92,2.49,2.56,140,0,0,0.93,0.88,1,Stable,1,4,0
S03679,Male,Multimedia Communication,EntranceExam,2.55,2.87,3.04,3.06,2.88,125,2,1,0.83,0.7,3,Average,0,5,0
S03680,Female,Computer Science,EntranceExam,3.9,3.34,3.55,3.39,3.54,130,0,0,0.82,0.9,0,Stable,1,4,0
S03681,Female,E-commerce,EntranceExam,2.28,2.42,2.08,2.71,2.37,125,4,0,0.69,0.58,2,Stable,0,7,1
S03682,Female,Information Technology,DirectAdmission,1.94,2.16,1.59,1.77,1.86,130,2,1,0.95,1,4,Stable,1,4,1
S03683,Male,Journalism,EntranceExam,2.83,3.01,3.25,3.19,3.07,120,0,0,0.95,0.9,0,Stable,1,4,1
S03684,Male,Information Security,EntranceExam,2.02,2.06,2.52,1.47,2.02,130,4,0,0.87,0.85,3,Stable,0,6,0
S03685,Male,Journalism,EntranceExam,2.3,2.67,2.63,3.01,2.65,120,1,0,0.91,0.99,0,Average,1,4,0
S03686,Female,Accounting,DirectAdmission,2.45,2.4,2.63,2.55,2.51,130,1,0,0.99,0.84,1,Average,1,4,1
S03687,Male,Marketing,EntranceExam,2.16,1.86,1.96,1.49,1.87,120,9,1,0.74,0.89,2,Stable,0,5,0
S03688,Female,Multimedia Communication,EntranceExam,1.42,1.06,1.13,0.81,1.1,125,6,0,0.98,0.78,4,Average,0,7,1
S03689,Male,Information Technology,EntranceExam,1.2,1.86,1.34,2.15,1.64,130,4,0,0.9,0.79,2,Average,0,7,0
S03690,Male,Multimedia Technology,DirectAdmission,3.07,2.73,2.59,2.91,2.82,125,1,0,0.86,0.73,1,Stable,1,4,0
S03691,Male,Financial Technology (Fintech),EntranceExam,2.27,2.45,1.86,2.05,2.16,130,3,0,0.83,0.88,0,Stable,0,5,0
S03692,Female,Multimedia Technology,EntranceExam,2.07,2.15,2.38,1.89,2.12,125,2,0,0.92,0.81,4,Stable,1,4,1
S03693,Male,Information Technology,DirectAdmission,2.81,3.05,3.04,2.82,2.93,130,0,0,0.87,0.85,1,Stable,1,4,0
S03694,Female,Artificial Intelligence,DirectAdmission,2.04,2.37,2.03,1.95,2.1,130,1,1,0.85,0.8,2,Stable,0,5,0
S03695,Male,Information Technology,EntranceExam,2.89,2.5,2.74,3.51,2.91,130,0,0,1,0.93,2,Stable,1,4,1
S03696,Female,Computer Science,EntranceExam,2.57,2.81,2.54,2.55,2.62,130,0,0,0.86,0.88,4,Stable,1,4,1
S03697,Male,Multimedia Technology,EntranceExam,2.22,2.74,1.87,2.91,2.44,125,0,0,0.84,0.88,1,Stable,1,4,0
S03698,Female,Game Design and Development,EntranceExam,2.08,2.49,2.41,2.15,2.28,140,1,0,0.93,0.81,3,Average,1,4,1
S03699,Female,Game Design and Development,EntranceExam,2.66,2.48,2.7,2.23,2.52,140,0,0,0.93,0.88,2,Stable,1,4,1
S03700,Female,Computer Science,EntranceExam,3.28,3.27,3.11,3.53,3.3,130,0,0,0.81,0.85,1,Average,1,4,0
S03701,Female,Computer Science,DirectAdmission,2.36,2.6,2.58,2.99,2.63,130,3,0,0.82,0.85,0,Average,0,5,0
S03702,Female,Business Administration,EntranceExam,2.77,2.13,2.88,2.74,2.63,120,1,0,0.96,0.94,2,Stable,1,4,0
S03703,Female,Information Technology,EntranceExam,2.21,2.06,2.3,2.18,2.19,130,1,0,0.85,0.92,1,Stable,1,4,0
S03704,Female,Game Design and Development,DirectAdmission,1.96,1.41,2.22,2.1,1.92,140,2,0,0.96,0.65,3,Stable,1,4,0
S03705,Male,Business Administration,EntranceExam,2.84,2.34,2.64,2.94,2.69,120,1,0,0.71,0.79,1,Average,0,6,0
S03706,Female,Journalism,EntranceExam,3.27,2.93,3.4,3.23,3.21,120,0,0,0.86,0.77,0,Stable,1,4,0
S03707,Female,Business Administration,EntranceExam,1.53,2.19,1.71,2.24,1.92,120,4,0,0.78,1,1,Stable,0,6,1
S03708,Female,Marketing,DirectAdmission,2.52,3.03,2.9,2.86,2.83,120,0,1,0.98,1,1,Stable,1,4,0
S03709,Male,E-commerce,EntranceExam,1.61,2.26,2.09,1.95,1.98,125,1,0,0.75,0.88,3,Average,0,8,0
S03710,Female,Artificial Intelligence,EntranceExam,1.82,1.55,1.74,1.11,1.56,130,7,1,0.7,0.86,2,Stable,0,5,0
S03711,Male,Financial Technology (Fintech),EntranceExam,2.62,3.04,3.1,2.39,2.79,130,1,0,0.87,1,0,Stable,1,4,0
S03712,Female,Marketing,EntranceExam,2.35,2.21,2.61,2.48,2.41,120,0,0,0.85,0.8,2,Stable,1,4,1
S03713,Male,Accounting,EntranceExam,2.8,2.99,3.3,2.95,3.01,130,1,0,0.82,0.83,2,Stable,1,4,0
S03714,Male,Journalism,EntranceExam,2.16,2.02,2.36,2.32,2.22,120,2,0,0.75,0.64,0,Stable,0,5,0
S03715,Female,Information Security,EntranceExam,2.69,2.83,2.63,2.66,2.7,130,0,0,1,0.74,0,Average,1,4,1
S03716,Male,Marketing,EntranceExam,2.59,2.9,3.5,2.92,2.98,120,2,0,0.81,0.53,0,Average,0,5,0
S03717,Female,Multimedia Technology,EntranceExam,2.57,2.81,2.79,2.33,2.62,125,0,0,0.81,0.71,0,Stable,1,4,1
S03718,Male,Accounting,EntranceExam,2.17,1.79,2.07,2.17,2.05,130,4,0,0.88,0.79,2,Stable,0,5,0
S03719,Female,Information Technology,DirectAdmission,1.75,1.88,1.42,1.92,1.74,130,2,1,0.97,1,2,Average,0,5,1
S03720,Male,Artificial Intelligence,DirectAdmission,1.96,1.8,2.58,2.18,2.13,130,2,0,0.93,0.84,1,Stable,1,4,0
S03721,Female,Multimedia Technology,DirectAdmission,3.4,3.9,3.59,2.98,3.47,125,1,0,0.83,0.81,2,Stable,1,4,1
S03722,Female,Financial Technology (Fintech),EntranceExam,3.27,3.59,3.35,3.59,3.45,130,0,0,0.87,0.72,4,Difficult,1,4,0
S03723,Female,Automation,EntranceExam,2.41,2.47,1.95,2.55,2.35,140,3,1,0.82,0.85,2,Stable,0,5,1
S03724,Female,Game Design and Development,EntranceExam,3.12,2.79,2.46,3.36,2.93,140,5,1,0.79,0.65,2,Average,0,7,1
S03725,Male,Information Technology,EntranceExam,2.55,2.71,2.93,2.42,2.65,130,0,0,0.86,0.74,2,Average,1,4,0
S03726,Female,Multimedia Communication,EntranceExam,2.76,3.96,3,2.85,3.14,125,0,0,0.86,0.83,2,Stable,1,4,0
S03727,Female,Information Technology,EntranceExam,2,2.9,2.92,2.9,2.68,130,0,0,0.93,0.82,3,Stable,1,4,1
S03728,Female,Information Security,EntranceExam,3.15,2.91,2.58,2.6,2.81,130,1,0,0.89,0.62,2,Average,1,4,1
S03729,Female,Game Design and Development,DirectAdmission,2.4,2.67,2.53,2.3,2.47,140,3,1,0.72,0.7,4,Average,0,5,1
S03730,Male,Marketing,EntranceExam,1.69,2.21,2.51,2.3,2.18,120,1,0,0.86,0.92,3,Stable,1,4,0
S03731,Male,Information Technology,EntranceExam,2.11,2.34,2.86,2.07,2.34,130,1,0,0.96,0.74,2,Stable,1,4,0
S03732,Male,Computer Science,EntranceExam,3.05,3.78,3.49,3.08,3.35,130,0,0,0.88,0.84,2,Average,1,4,1
S03733,Female,Financial Technology (Fintech),DirectAdmission,2.79,3.32,3.63,3.11,3.21,130,0,0,1,0.78,2,Average,1,4,1
S03734,Female,Information Technology,EntranceExam,2.41,2.76,2.45,2.64,2.56,130,1,0,0.8,0.8,3,Stable,1,4,1
S03735,Female,Computer Science,EntranceExam,2.85,2.52,3.03,3.12,2.88,130,0,0,0.83,0.8,3,Average,1,4,1
S03736,Female,Computer Science,EntranceExam,1.65,2.25,1.98,1.94,1.96,130,5,1,0.82,1,3,Stable,0,7,1
S03737,Male,Automation,EntranceExam,2.23,2.85,3.37,2.13,2.64,140,0,0,1,0.85,1,Stable,1,4,0
S03738,Female,Information Security,EntranceExam,2.48,2.86,2.79,2.7,2.71,130,1,0,0.97,0.92,2,Stable,1,4,1
S03739,Male,Information Technology,EntranceExam,2.46,2.71,3.2,2.5,2.72,130,1,0,0.93,0.98,0,Average,1,4,0
S03740,Male,Game Design and Development,EntranceExam,2.3,2.37,2.62,2.74,2.51,140,0,1,0.95,0.7,1,Stable,1,4,0
S03741,Female,Information Security,EntranceExam,1.71,2.43,2.45,2.7,2.32,130,1,1,0.83,0.78,0,Average,0,5,1
S03742,Male,Marketing,EntranceExam,2.99,2.72,3.43,2.86,3,120,0,0,0.86,0.85,1,Stable,1,4,0
S03743,Male,Marketing,EntranceExam,2.79,2.43,2.57,2.26,2.51,120,0,0,0.82,1,2,Average,1,4,0
S03744,Male,Automation,EntranceExam,2.84,2.72,2.74,2.35,2.66,140,0,0,0.87,0.71,1,Stable,1,4,0
S03745,Female,Game Design and Development,EntranceExam,3.26,2.84,3.07,3,3.04,140,0,0,0.91,0.88,2,Stable,1,4,0
S03746,Male,Financial Technology (Fintech),EntranceExam,2.54,2.04,3.07,2.36,2.5,130,0,0,0.92,0.93,0,Stable,1,4,0
S03747,Male,Computer Science,EntranceExam,2.32,2.37,2,1.88,2.14,130,2,0,0.83,0.87,4,Average,0,5,0
S03748,Male,Accounting,DirectAdmission,3.04,2.77,2.56,3.01,2.84,130,2,0,0.79,0.66,2,Difficult,0,6,0
S03749,Male,Multimedia Technology,EntranceExam,2.35,2.65,2.83,2.82,2.66,125,0,1,0.98,0.81,1,Stable,1,4,0
S03750,Female,Computer Science,EntranceExam,2.48,2.27,2.37,2.74,2.46,130,0,0,0.82,0.97,1,Stable,1,4,1
S03751,Female,Information Security,EntranceExam,3.4,3.37,3.21,3.34,3.33,130,0,0,0.93,0.78,5,Stable,1,4,0
S03752,Female,Information Security,EntranceExam,1.86,2.15,2.17,2.39,2.14,130,3,0,0.88,0.79,2,Stable,0,6,1
S03753,Male,Journalism,EntranceExam,2.59,2.73,2.84,3.35,2.88,120,0,0,0.94,0.86,1,Stable,1,4,0
S03754,Female,E-commerce,EntranceExam,3.22,2.95,3.13,2.34,2.91,125,1,0,0.85,0.71,3,Stable,1,4,1
S03755,Male,E-commerce,DirectAdmission,1.94,1.76,2.09,1.81,1.9,125,6,0,0.73,0.86,2,Difficult,0,6,0
S03756,Male,Multimedia Communication,EntranceExam,2.75,2.88,3.08,2.4,2.78,125,0,0,0.93,0.79,0,Stable,1,4,0
S03757,Female,Artificial Intelligence,EntranceExam,2.69,3.1,3.21,2.49,2.87,130,1,0,0.89,0.99,4,Average,1,4,0
S03758,Female,Notary Relations,EntranceExam,1.42,2.17,1.11,1.68,1.6,125,5,1,1,0.87,0,Stable,0,5,1
S03759,Female,Multimedia Communication,EntranceExam,2.58,2.69,2.84,2.78,2.72,125,3,0,0.77,0.77,1,Average,0,5,1
S03760,Female,Automation,EntranceExam,3.33,3.4,2.86,2.94,3.13,140,0,0,0.82,0.73,1,Stable,1,4,1
S03761,Female,Marketing,DirectAdmission,3.07,2.7,2.56,2.76,2.77,120,1,0,0.81,0.93,2,Average,1,4,0
S03762,Male,Business Administration,EntranceExam,2.24,2.25,1.93,2.46,2.22,120,3,0,0.92,0.7,0,Difficult,0,7,0
S03763,Male,Information Technology,DirectAdmission,2.33,2.29,1.69,1.89,2.05,130,6,0,0.73,0.98,5,Stable,0,6,0
S03764,Male,Financial Technology (Fintech),EntranceExam,2.37,2.79,3.12,2.87,2.79,130,1,0,0.82,0.84,3,Average,1,4,0
S03765,Female,Financial Technology (Fintech),DirectAdmission,2.29,2.73,2.83,2.61,2.62,130,1,0,0.97,0.86,0,Stable,1,4,1
S03766,Female,E-commerce,EntranceExam,2.1,3.1,2.74,2.86,2.7,125,0,0,0.81,0.86,1,Stable,1,4,1
S03767,Male,Multimedia Communication,EntranceExam,2.9,2.77,2.37,2.41,2.61,125,1,0,0.89,0.94,1,Stable,1,4,0
S03768,Male,Computer Science,DirectAdmission,2.91,3.02,2.86,2.92,2.93,130,0,0,0.98,0.92,1,Average,1,4,1
S03769,Male,Multimedia Communication,EntranceExam,3.44,3.84,3.95,4,3.81,125,1,0,0.83,0.83,1,Average,1,4,1
S03770,Male,Journalism,DirectAdmission,1.73,2.69,2.49,2.1,2.25,120,1,0,0.81,0.81,2,Stable,1,4,0
S03771,Male,Financial Technology (Fintech),EntranceExam,1.09,1.87,1.5,1.13,1.4,130,3,0,0.94,0.91,1,Stable,0,7,0
S03772,Female,Information Technology,EntranceExam,3.33,3.55,3.97,3.81,3.66,130,0,0,0.89,0.67,3,Difficult,1,4,0
S03773,Female,Accounting,EntranceExam,1.79,2.14,2.11,1.43,1.87,130,3,2,0.76,0.91,3,Average,0,7,1
S03774,Female,Journalism,EntranceExam,1.41,1.93,2.1,1.86,1.82,120,2,0,0.93,0.88,1,Stable,1,4,1
S03775,Male,E-commerce,DirectAdmission,2.32,2.45,2.35,2.2,2.33,125,4,1,0.95,0.76,2,Stable,0,5,0
S03776,Male,Notary Relations,EntranceExam,2.66,2.23,2.78,2.57,2.56,125,1,0,0.86,0.69,2,Stable,0,6,0
S03777,Female,Information Security,EntranceExam,1.88,1.07,1.67,1.58,1.55,130,1,0,0.92,0.96,3,Stable,0,8,1
S03778,Male,Accounting,DirectAdmission,2.77,2.72,3.03,3.18,2.92,130,0,0,0.87,0.92,2,Stable,1,4,0
S03779,Female,Business Administration,EntranceExam,2.48,2.44,2.62,2.57,2.53,120,1,0,1,0.88,1,Average,1,4,1
S03780,Male,E-commerce,EntranceExam,2.53,2.62,2.25,2.63,2.51,125,0,0,0.94,0.71,1,Stable,1,4,0
S03781,Female,Marketing,EntranceExam,2.38,2.7,2.91,2.66,2.66,120,2,0,0.9,0.83,2,Average,0,6,1
S03782,Male,Marketing,DirectAdmission,2.72,2.38,2.89,3.11,2.78,120,0,0,0.93,0.96,1,Average,1,4,0
S03783,Male,Information Technology,DirectAdmission,2.12,2.07,1.9,2.88,2.24,130,1,0,0.86,0.85,0,Stable,0,5,0
S03784,Male,Multimedia Technology,EntranceExam,2.23,2.88,2.46,2.69,2.56,125,3,0,0.82,0.69,2,Difficult,0,7,0
S03785,Female,Artificial Intelligence,EntranceExam,3.19,3.3,3.32,2.8,3.15,130,0,0,0.98,0.72,1,Average,1,4,1
S03786,Female,Computer Science,EntranceExam,2.12,2.24,2.35,2.55,2.32,130,0,1,1,0.76,5,Stable,1,4,1
S03787,Female,Marketing,EntranceExam,2.78,2.83,2.93,3.2,2.93,120,1,0,0.89,0.89,3,Average,1,4,0
S03788,Female,Information Security,EntranceExam,2.07,2.07,1.72,1.51,1.84,130,9,0,0.78,0.93,0,Stable,0,5,1
S03789,Female,Notary Relations,EntranceExam,1.44,1.75,1.9,1.9,1.75,125,5,1,0.83,0.74,2,Average,0,5,0
S03790,Male,Journalism,DirectAdmission,1.95,2.24,2.4,1.88,2.12,120,3,0,0.93,0.89,1,Average,0,6,0
S03791,Female,Financial Technology (Fintech),EntranceExam,2.88,3.17,2.81,2.77,2.91,130,0,0,0.92,0.61,1,Stable,1,4,0
S03792,Female,Artificial Intelligence,DirectAdmission,2.86,2.81,2.81,2.55,2.76,130,0,0,0.8,0.78,0,Stable,1,4,1
S03793,Female,Information Technology,EntranceExam,1.54,1.83,2,1.51,1.72,130,1,1,0.78,0.88,1,Average,0,5,1
S03794,Male,Information Technology,EntranceExam,2.09,2.25,2.11,2.02,2.12,130,4,0,0.84,0.93,0,Stable,1,4,0
S03795,Male,Game Design and Development,EntranceExam,1.91,1.91,1.67,1.3,1.7,140,7,1,0.82,0.68,1,Average,0,8,0
S03796,Female,Business Administration,EntranceExam,2.9,2.8,2.76,3.11,2.89,120,1,0,0.87,0.89,0,Stable,1,4,1
S03797,Female,Business Administration,EntranceExam,1.82,2.06,1.8,1.67,1.84,120,4,0,0.94,0.93,1,Stable,0,6,1
S03798,Male,Business Administration,DirectAdmission,3.48,3.02,2.73,3.18,3.1,120,0,0,0.88,0.72,3,Stable,1,4,1
S03799,Male,Information Technology,EntranceExam,2.05,1.74,2.24,2.39,2.1,130,5,1,0.94,0.89,0,Stable,0,7,0
S03800,Male,Marketing,EntranceExam,2.59,2.74,2.79,3.18,2.82,120,0,0,0.98,0.86,4,Average,1,4,0
S03801,Female,Notary Relations,EntranceExam,2.96,2.84,2.66,3.05,2.88,125,0,0,0.99,0.8,0,Average,1,4,0
S03802,Female,Computer Science,EntranceExam,3.04,3.14,3.46,2.99,3.16,130,1,0,0.83,0.96,2,Stable,1,4,0
S03803,Male,Information Technology,DirectAdmission,3.42,4,3.19,3.69,3.58,130,0,0,0.95,0.76,2,Stable,1,4,1
S03804,Female,Journalism,EntranceExam,1.26,1.53,2.02,1.28,1.52,120,6,1,0.87,0.72,1,Average,0,7,1
S03805,Female,Information Technology,EntranceExam,1.74,2.51,2.39,2.33,2.24,130,0,0,0.84,0.83,1,Stable,1,4,1
S03806,Female,Information Technology,EntranceExam,2.71,3.27,2.89,3.02,2.97,130,1,0,1,0.93,2,Stable,1,4,0
S03807,Male,Information Technology,EntranceExam,2.65,2.42,2.62,2.53,2.56,130,1,0,0.9,0.74,2,Stable,1,4,0
S03808,Male,Multimedia Communication,DirectAdmission,2.2,2,2.12,2.03,2.09,125,1,0,0.9,0.8,1,Stable,1,4,0
S03809,Male,Business Administration,DirectAdmission,3.71,3.68,3.53,4,3.73,120,0,0,0.98,0.99,3,Average,1,4,1
S03810,Female,Information Technology,EntranceExam,2.7,3.14,3.08,3.45,3.09,130,1,0,1,1,2,Average,1,4,0
S03811,Male,Information Technology,EntranceExam,2.59,3.21,2.92,2.77,2.87,130,0,0,0.8,0.87,1,Stable,1,4,0
S03812,Male,Automation,EntranceExam,2.43,3.1,2.55,2.86,2.74,140,5,0,0.63,0.56,2,Stable,0,6,0
S03813,Male,Automation,DirectAdmission,1.29,1.44,1.32,1.08,1.28,140,1,0,0.77,0.85,0,Stable,0,5,0
S03814,Female,Multimedia Technology,EntranceExam,2.56,2.48,2.44,2.85,2.58,125,0,0,0.91,0.76,2,Average,1,4,1
S03815,Male,E-commerce,DirectAdmission,2.21,2.43,2.66,2.81,2.53,125,0,1,0.81,0.78,1,Average,0,7,0
S03816,Female,Information Security,EntranceExam,1.71,2.65,2.3,2.59,2.31,130,4,0,0.81,0.99,1,Stable,0,5,1
S03817,Male,Information Technology,EntranceExam,1.65,1.07,2.04,1.72,1.62,130,7,0,0.77,0.79,1,Stable,0,6,0
S03818,Female,Computer Science,EntranceExam,2.62,2.47,2.58,2.74,2.6,130,0,0,0.86,0.85,5,Average,1,4,1
S03819,Male,Multimedia Communication,DirectAdmission,1.03,1.44,1.24,1.02,1.18,125,6,0,0.83,0.92,1,Stable,0,8,0
S03820,Female,Marketing,EntranceExam,1.38,1.8,2.12,1.75,1.76,120,3,1,0.94,0.64,5,Difficult,0,5,1
S03821,Female,Information Security,EntranceExam,0.93,2.37,1.4,1.44,1.54,130,5,1,0.8,1,1,Average,0,6,1
S03822,Male,Information Technology,EntranceExam,2.55,2.31,1.89,2.92,2.42,130,1,0,0.81,0.81,1,Stable,1,4,0
S03823,Female,Information Security,EntranceExam,2.01,2.4,2.44,2.53,2.34,130,0,0,0.89,0.84,1,Average,1,4,1
S03824,Male,Accounting,EntranceExam,2.09,1.83,1.84,2.18,1.98,130,2,0,0.8,0.95,1,Stable,0,5,0
S03825,Female,Multimedia Communication,EntranceExam,2.72,2.8,3.16,2.58,2.82,125,2,0,0.71,0.77,1,Average,0,5,0
S03826,Male,Artificial Intelligence,EntranceExam,2.77,2.76,3.27,3.22,3,130,1,0,0.88,0.73,0,Stable,1,4,1
S03827,Male,Information Security,DirectAdmission,3.54,3.4,3.66,3.99,3.65,130,1,1,0.9,0.84,0,Stable,1,4,1
S03828,Female,Marketing,EntranceExam,2.56,2.66,2.48,2.97,2.67,120,0,0,0.86,0.88,3,Difficult,1,4,1
S03829,Female,Multimedia Communication,DirectAdmission,2.46,1.93,2.04,2.02,2.11,125,2,0,0.8,0.92,1,Difficult,0,7,0
S03830,Female,Information Technology,EntranceExam,3.22,3.18,3.53,3.58,3.38,130,0,0,0.84,0.85,2,Average,1,4,0
S03831,Female,Game Design and Development,DirectAdmission,3.28,4,3.9,3.62,3.7,140,0,0,0.88,0.7,2,Average,1,4,0
S03832,Male,Information Technology,EntranceExam,2.67,2.83,2.08,2.55,2.53,130,3,0,0.86,0.77,1,Stable,1,4,0
S03833,Male,Game Design and Development,EntranceExam,2.35,2.47,2.76,2.26,2.46,140,0,0,0.81,0.91,2,Stable,1,4,0
S03834,Male,Marketing,EntranceExam,2.58,1.78,2.57,2.34,2.32,120,0,0,0.85,0.87,1,Stable,1,4,0
S03835,Male,Multimedia Communication,EntranceExam,2.87,2.94,3.38,3.13,3.08,125,1,1,0.93,0.84,2,Stable,1,4,0
S03836,Male,Automation,EntranceExam,2.84,2.94,2.75,2.32,2.71,140,6,0,0.7,0.93,2,Stable,0,5,0
S03837,Female,Computer Science,EntranceExam,1.87,1.97,2.43,1.59,1.96,130,6,0,0.84,0.99,1,Stable,0,6,1
S03838,Male,Automation,EntranceExam,3.15,3.6,3.42,3.83,3.5,140,0,0,0.95,0.85,1,Average,1,4,1
S03839,Female,Computer Science,DirectAdmission,2.57,2.6,2.54,2.4,2.53,130,0,0,0.86,0.86,2,Average,1,4,1
S03840,Female,Financial Technology (Fintech),EntranceExam,2.01,2.67,2.18,2.08,2.24,130,2,0,0.9,0.79,4,Average,0,6,1
S03841,Male,Computer Science,DirectAdmission,2.82,3.22,3.36,3.08,3.12,130,0,0,0.87,0.78,3,Average,1,4,0
S03842,Female,Computer Science,EntranceExam,2.43,2.42,2.65,2.78,2.57,130,1,0,0.84,1,1,Stable,1,4,1
S03843,Male,Notary Relations,DirectAdmission,3.36,3.03,2.89,2.63,2.98,125,1,0,0.89,0.78,2,Stable,1,4,1
S03844,Female,E-commerce,EntranceExam,1.95,2.43,2.56,2.25,2.3,125,0,0,0.94,0.89,1,Stable,1,4,0
S03845,Male,Multimedia Technology,DirectAdmission,2.63,3.34,3.56,2.6,3.03,125,0,0,0.8,0.86,0,Stable,1,4,0
S03846,Female,Multimedia Technology,EntranceExam,3.12,3.21,2.61,2.46,2.85,125,0,0,0.88,0.96,0,Stable,1,4,1
S03847,Male,Computer Science,EntranceExam,2.39,2.27,2.68,2.12,2.37,130,5,0,0.62,0.62,1,Stable,0,7,0
S03848,Female,Business Administration,EntranceExam,2.68,2.75,3.19,2.15,2.69,120,3,0,0.81,0.74,1,Difficult,0,6,1
S03849,Female,Financial Technology (Fintech),EntranceExam,1.92,3.2,2.45,2.68,2.56,130,1,0,0.88,0.95,1,Stable,1,4,1
S03850,Male,Artificial Intelligence,DirectAdmission,3.25,3.2,2.88,3.7,3.26,130,1,0,0.81,0.78,1,Stable,1,4,1
S03851,Male,Information Technology,EntranceExam,2,1.96,2.25,2.07,2.07,130,1,0,0.83,0.91,0,Stable,0,7,0
S03852,Female,Accounting,EntranceExam,2.09,2.59,1.73,2.76,2.29,130,2,0,0.71,0.8,2,Average,0,7,1
S03853,Female,Multimedia Communication,EntranceExam,1.52,1.67,1.84,1.22,1.56,125,3,0,0.77,0.83,0,Stable,0,7,0
S03854,Male,Accounting,EntranceExam,2.08,2.64,2.1,2.43,2.31,130,4,0,0.9,0.65,3,Stable,0,6,0
S03855,Male,Accounting,EntranceExam,2.28,2.36,2.03,1.98,2.16,130,2,0,0.73,0.76,2,Average,0,8,0
S03856,Female,Information Security,DirectAdmission,2.16,2.51,2.13,2.16,2.24,130,4,0,0.83,0.77,3,Stable,0,5,1
S03857,Female,Multimedia Communication,DirectAdmission,2.75,2.51,3.38,2.67,2.83,125,0,0,0.89,0.86,1,Average,1,4,1
S03858,Female,Marketing,EntranceExam,3.67,3.23,3.35,3.53,3.44,120,0,0,0.88,0.95,1,Average,1,4,0
S03859,Male,Multimedia Communication,DirectAdmission,3,2.5,3.06,3.34,2.98,125,1,0,0.69,0.62,4,Average,0,7,0
S03860,Female,E-commerce,EntranceExam,3.17,3.19,3.6,3.85,3.45,125,0,0,0.96,0.76,4,Stable,1,4,0
S03861,Female,Information Technology,EntranceExam,2,2.45,2.5,2.7,2.41,130,0,0,0.96,0.81,2,Average,1,4,1
S03862,Female,Artificial Intelligence,EntranceExam,2.3,1.93,1.81,2.45,2.12,130,2,0,0.95,0.7,3,Stable,1,4,1
S03863,Male,Computer Science,EntranceExam,2.57,2.38,2.62,2.85,2.6,130,1,0,0.8,0.85,0,Stable,1,4,0
S03864,Male,Computer Science,EntranceExam,2.59,2.43,2.8,2.88,2.68,130,0,0,0.89,0.8,0,Stable,1,4,0
S03865,Male,Business Administration,EntranceExam,2.4,2.4,2.42,3.08,2.58,120,1,0,0.92,0.93,0,Average,1,4,0
S03866,Female,Computer Science,DirectAdmission,2.69,2.55,2.8,3.42,2.86,130,0,0,0.94,0.82,2,Stable,1,4,1
S03867,Female,Artificial Intelligence,EntranceExam,2.89,3.39,3.38,2.77,3.11,130,0,0,0.98,0.78,5,Stable,1,4,1
S03868,Male,Automation,EntranceExam,2.84,2.79,2.93,2.93,2.87,140,1,0,0.72,0.76,1,Difficult,0,6,0
S03869,Male,Notary Relations,EntranceExam,1.81,2.34,2.11,2.31,2.14,125,6,0,0.75,0.9,1,Average,0,8,0
S03870,Female,Marketing,EntranceExam,3.78,3.39,3.61,3.84,3.66,120,0,0,0.9,0.94,0,Stable,1,4,0
S03871,Female,Information Technology,EntranceExam,2.1,2.12,1.97,1.99,2.04,130,1,0,0.82,0.96,0,Average,0,6,1
S03872,Male,Computer Science,EntranceExam,3.11,3.77,3.36,3.57,3.45,130,0,0,0.88,0.73,0,Stable,1,4,1
S03873,Female,Business Administration,DirectAdmission,2.76,2.86,2.59,1.87,2.52,120,1,0,0.96,0.66,2,Stable,1,4,1
S03874,Male,Financial Technology (Fintech),EntranceExam,2.42,2.28,2.24,1.97,2.23,130,2,0,0.89,0.9,1,Average,0,7,0
S03875,Male,E-commerce,EntranceExam,1.63,1.52,1.35,1.74,1.56,125,6,1,0.82,0.74,1,Difficult,0,6,0
S03876,Female,Information Security,DirectAdmission,2.4,2.53,2.04,2.2,2.29,130,2,0,0.82,0.91,0,Average,0,5,1
S03877,Male,Computer Science,DirectAdmission,2.35,2.81,2.42,1.91,2.37,130,1,0,0.84,0.96,1,Stable,1,4,0
S03878,Male,Computer Science,EntranceExam,2.75,2.87,3.23,2.31,2.79,130,1,0,0.81,0.85,1,Average,1,4,0
S03879,Female,Computer Science,EntranceExam,1.89,2.49,2.74,2.47,2.4,130,1,0,0.88,0.79,0,Stable,1,4,1
S03880,Female,E-commerce,DirectAdmission,3.92,3.64,4,3.7,3.82,125,0,0,0.83,0.83,0,Average,1,4,0
S03881,Female,Information Technology,DirectAdmission,1.47,1.92,2.3,2.02,1.93,130,3,1,0.93,0.92,2,Stable,0,5,1
S03882,Female,Automation,DirectAdmission,2.82,3.45,2.64,3.01,2.98,140,0,0,0.87,0.77,5,Stable,1,4,1
S03883,Male,E-commerce,EntranceExam,2.27,2.6,2.04,2.52,2.36,125,0,0,0.84,0.88,1,Stable,1,4,0
S03884,Female,Marketing,EntranceExam,2.08,1.86,2.21,2.16,2.08,120,2,0,0.85,0.88,0,Stable,0,5,1
S03885,Male,Multimedia Communication,EntranceExam,3.3,2.92,2.55,3.12,2.97,125,0,0,1,0.94,0,Stable,1,4,1
S03886,Female,Information Security,DirectAdmission,2.94,2.59,2.93,2.84,2.82,130,0,0,0.92,0.76,0,Stable,1,4,1
S03887,Female,Multimedia Communication,EntranceExam,2.32,1.55,1.91,2.08,1.96,125,8,0,0.87,0.83,1,Average,0,7,1
S03888,Male,Computer Science,DirectAdmission,2.59,2.24,2.81,2.81,2.61,130,2,0,0.85,0.78,1,Difficult,0,7,0
S03889,Female,Automation,DirectAdmission,2.28,2.03,2.22,2.09,2.15,140,1,0,0.8,1,0,Stable,0,7,0
S03890,Female,Notary Relations,DirectAdmission,3.53,3.57,3.63,3.36,3.52,125,0,0,0.98,0.94,2,Stable,1,4,0
S03891,Male,Automation,EntranceExam,1.7,1.75,2.12,2.45,2,140,4,0,0.91,0.81,2,Stable,0,5,0
S03892,Female,Game Design and Development,DirectAdmission,2.5,3.39,3.35,2.29,2.88,140,0,0,0.94,0.78,2,Stable,1,4,1
S03893,Female,Information Technology,EntranceExam,2.89,2.94,2.56,2.54,2.73,130,0,0,0.84,0.74,0,Average,1,4,1
S03894,Female,Information Technology,EntranceExam,2.24,2.06,2.96,2.45,2.43,130,0,0,0.92,0.83,3,Stable,1,4,1
S03895,Female,Artificial Intelligence,EntranceExam,2.18,1.98,2.48,2.44,2.27,130,0,0,0.84,0.93,1,Stable,1,4,1
S03896,Male,E-commerce,EntranceExam,2.41,2.34,2.7,2.27,2.43,125,0,0,0.83,0.79,2,Average,1,4,0
S03897,Female,Artificial Intelligence,DirectAdmission,1.53,1.37,1.16,1.43,1.37,130,5,0,0.83,0.77,2,Average,0,7,0
S03898,Male,Information Security,EntranceExam,1.69,2.27,2.44,2.28,2.17,130,3,0,0.82,0.79,0,Average,0,5,0
S03899,Female,Computer Science,EntranceExam,2.99,3.17,2.92,3.02,3.02,130,0,0,0.88,0.85,2,Stable,1,4,0
S03900,Female,Computer Science,EntranceExam,1.51,1.87,2.49,1.44,1.83,130,8,0,0.91,0.99,0,Average,0,5,1
S03901,Female,Marketing,EntranceExam,2.45,2.4,2.86,2.73,2.61,120,0,0,1,0.98,2,Stable,1,4,1
S03902,Female,Information Security,EntranceExam,2.4,2.57,2.41,2.46,2.46,130,2,0,0.87,0.78,2,Stable,1,4,1
S03903,Male,Automation,DirectAdmission,2.73,2.22,2.61,2.7,2.57,140,4,0,0.77,0.85,1,Difficult,0,6,0
S03904,Male,Information Technology,EntranceExam,2.23,2.32,2.25,1.64,2.11,130,4,0,0.82,0.69,1,Stable,0,5,0
S03905,Male,Business Administration,DirectAdmission,3.06,2.94,2.67,3.35,3,120,0,0,0.99,0.88,0,Stable,1,4,0
S03906,Male,Automation,DirectAdmission,3.01,3.27,3.59,3.6,3.37,140,0,0,0.88,0.61,2,Stable,1,4,1
S03907,Female,E-commerce,DirectAdmission,2.55,3.13,2.92,2.68,2.82,125,0,0,0.82,0.84,0,Stable,1,4,1
S03908,Male,Marketing,EntranceExam,3.4,3.05,3.94,4,3.6,120,0,0,0.91,0.88,2,Average,1,4,1
S03909,Male,Marketing,DirectAdmission,3.62,3.49,4,3.03,3.53,120,0,0,0.88,0.86,1,Stable,1,4,1
S03910,Male,Marketing,DirectAdmission,2.92,2.73,2.41,2.75,2.7,120,0,0,0.88,0.84,1,Stable,1,4,0
S03911,Male,Game Design and Development,EntranceExam,2.05,1.87,2.19,2.6,2.18,140,4,0,0.94,0.61,1,Average,0,5,0
S03912,Female,Artificial Intelligence,DirectAdmission,2.02,2.32,1.92,2.02,2.07,130,0,0,0.81,1,3,Stable,1,4,0
S03913,Male,Information Technology,EntranceExam,2.45,2.94,3.03,3.16,2.9,130,0,0,0.85,0.8,1,Stable,1,4,0
S03914,Female,Artificial Intelligence,EntranceExam,2.27,2.2,2.18,2.13,2.2,130,1,0,0.85,0.78,4,Average,0,7,1
S03915,Female,Business Administration,DirectAdmission,2.53,2.54,2.53,2.27,2.47,120,2,0,0.84,0.79,3,Stable,1,4,1
S03916,Female,Artificial Intelligence,DirectAdmission,2.47,2.57,3.09,2.49,2.66,130,2,1,0.76,0.91,0,Difficult,0,7,1
S03917,Male,Information Security,EntranceExam,1.96,2.45,1.99,2.04,2.11,130,5,0,0.76,0.68,2,Difficult,0,6,0
S03918,Male,Artificial Intelligence,EntranceExam,2.52,2.2,2.56,2.27,2.39,130,3,2,0.81,0.8,3,Stable,0,7,0
S03919,Male,Artificial Intelligence,DirectAdmission,2.16,2.21,1.74,2.15,2.06,130,0,1,0.86,0.54,1,Stable,0,5,0
S03920,Female,Business Administration,EntranceExam,2.59,2.96,3.25,2.92,2.93,120,2,0,0.72,0.74,3,Average,0,5,1
S03921,Male,Accounting,EntranceExam,1.79,2.65,1.96,2.47,2.22,130,1,0,0.89,0.95,0,Stable,1,4,0
S03922,Male,Artificial Intelligence,DirectAdmission,2.37,2.54,2.73,2.81,2.61,130,0,1,1,0.9,3,Stable,1,4,0
S03923,Male,Game Design and Development,EntranceExam,3.1,2.72,2.59,3.36,2.94,140,0,0,0.82,0.8,1,Average,1,4,0
S03924,Female,Computer Science,EntranceExam,2.8,3.3,3.47,3.7,3.32,130,0,0,0.81,0.91,1,Average,1,4,0
S03925,Female,Artificial Intelligence,EntranceExam,1.54,1.34,0.99,1.58,1.36,130,7,1,0.88,0.7,1,Average,0,6,0
S03926,Female,Multimedia Technology,EntranceExam,2.78,2.63,3.08,2.71,2.8,125,1,0,0.82,0.81,2,Stable,1,4,1
S03927,Male,Information Technology,EntranceExam,2.55,2.75,2.69,3.47,2.86,130,0,0,0.94,0.71,2,Average,1,4,1
S03928,Male,Information Technology,EntranceExam,2.63,2.33,2.39,2.18,2.38,130,1,0,0.87,0.78,0,Stable,1,4,0
S03929,Male,Financial Technology (Fintech),EntranceExam,2.61,2.86,3.07,2.97,2.88,130,1,0,0.84,0.74,1,Average,1,4,0
S03930,Male,Information Technology,DirectAdmission,2.85,3.08,3.38,2.74,3.01,130,0,1,0.78,0.7,1,Average,0,6,0
S03931,Female,Marketing,EntranceExam,2.9,2.65,3.08,2.41,2.76,120,0,0,0.87,0.67,1,Average,1,4,1
S03932,Male,Accounting,EntranceExam,2.46,2.54,2.25,2.81,2.52,130,0,0,0.82,1,1,Average,1,4,0
S03933,Female,Marketing,EntranceExam,3.38,3.52,3.04,3.29,3.31,120,1,0,0.94,0.77,1,Average,1,4,0
S03934,Male,Computer Science,DirectAdmission,3.59,3.07,3.84,3.41,3.48,130,0,0,0.8,0.74,0,Average,1,4,1
S03935,Male,Artificial Intelligence,EntranceExam,2.05,2.14,1.8,1.66,1.91,130,4,0,0.92,0.87,3,Stable,0,7,0
S03936,Female,Multimedia Technology,EntranceExam,2.99,2.83,3.15,3.79,3.19,125,1,0,0.89,0.88,4,Stable,1,4,0
S03937,Female,Multimedia Technology,EntranceExam,2.57,3.19,3.33,3.15,3.06,125,1,0,0.86,0.91,1,Stable,1,4,1
S03938,Female,Computer Science,EntranceExam,2.27,2,2.19,2.34,2.2,130,2,0,0.75,0.76,2,Average,0,7,1
S03939,Female,Multimedia Technology,EntranceExam,2.65,2.3,2.49,2.28,2.43,125,0,0,0.85,0.89,0,Stable,1,4,1
S03940,Female,Multimedia Communication,EntranceExam,3.02,2.69,3.31,2.54,2.89,125,0,0,0.82,0.79,1,Stable,1,4,1
S03941,Male,Multimedia Communication,EntranceExam,2.69,2.82,1.95,2.48,2.48,125,2,0,0.93,0.76,0,Stable,1,4,0
S03942,Female,Marketing,EntranceExam,2.02,2.85,2.45,2.31,2.41,120,2,0,0.79,0.87,3,Difficult,0,5,1
S03943,Male,Automation,EntranceExam,1.88,2.25,2.72,3.02,2.47,140,2,1,0.78,0.87,1,Average,0,5,0
S03944,Male,Computer Science,EntranceExam,1.92,2.1,2.39,2.35,2.19,130,0,0,0.99,0.89,3,Stable,1,4,0
S03945,Female,Automation,DirectAdmission,3.09,2.77,3.13,2.69,2.92,140,0,0,0.88,0.97,3,Stable,1,4,0
S03946,Male,Information Security,EntranceExam,2.78,2.66,3.14,2.68,2.82,130,1,0,0.83,0.7,2,Stable,1,4,0
S03947,Male,Journalism,EntranceExam,2.5,2.65,2.65,2.3,2.53,120,0,1,0.88,1,1,Average,0,6,0
S03948,Male,Computer Science,EntranceExam,2.73,2.74,3.41,2.63,2.88,130,0,0,0.82,0.8,1,Stable,1,4,0
S03949,Male,Information Security,EntranceExam,2.84,2.62,3.21,2.85,2.88,130,0,1,0.83,0.84,1,Stable,1,4,0
S03950,Female,Business Administration,EntranceExam,2.89,2.91,2.55,2.46,2.7,120,0,0,0.84,0.84,2,Average,1,4,1
S03951,Female,Financial Technology (Fintech),EntranceExam,3.41,2.7,3.33,3.07,3.13,130,0,1,0.82,0.63,3,Average,1,4,0
S03952,Male,Multimedia Communication,EntranceExam,2.27,2.18,2.76,2.38,2.4,125,0,0,0.92,1,1,Average,1,4,0
S03953,Female,Automation,EntranceExam,2.68,2.81,3.32,2.44,2.81,140,0,0,0.86,0.73,1,Difficult,1,4,1
S03954,Female,Business Administration,DirectAdmission,2.6,2.06,2.98,2.13,2.44,120,2,0,0.77,0.85,0,Stable,0,5,0
S03955,Female,E-commerce,EntranceExam,2.36,2.23,1.86,2.28,2.18,125,2,0,0.84,0.51,1,Average,0,7,1
S03956,Female,Computer Science,DirectAdmission,2.5,2.42,2.05,1.98,2.24,130,0,0,1,0.94,1,Stable,1,4,0
S03957,Male,Journalism,EntranceExam,2.92,2.87,3.35,3.28,3.1,120,0,0,0.82,0.93,5,Stable,1,4,1
S03958,Female,Financial Technology (Fintech),DirectAdmission,1.83,1.67,1.72,2.18,1.85,130,6,1,0.85,0.74,2,Stable,0,5,1
S03959,Female,Game Design and Development,EntranceExam,2.07,3.04,2.38,2.29,2.44,140,0,0,0.93,1,0,Stable,1,4,1
S03960,Male,Multimedia Technology,DirectAdmission,3.07,2.64,2.56,3.36,2.91,125,0,0,0.98,1,3,Average,1,4,1
S03961,Female,Multimedia Communication,EntranceExam,2.11,2.2,2.74,2.82,2.47,125,1,1,0.82,1,2,Stable,0,6,1
S03962,Female,Information Security,DirectAdmission,2.86,3,3.62,2.3,2.94,130,1,0,0.86,0.83,2,Stable,1,4,1
S03963,Male,Information Technology,EntranceExam,1.96,1.56,2.43,1.54,1.87,130,8,0,0.79,0.62,3,Difficult,0,7,0
S03964,Male,Marketing,EntranceExam,2.71,2.42,3.38,2.84,2.84,120,2,1,0.85,0.83,1,Stable,0,5,0
S03965,Female,Information Technology,EntranceExam,3.34,3.46,3.58,3.02,3.35,130,0,0,0.9,0.86,1,Stable,1,4,0
S03966,Male,Automation,EntranceExam,2.11,2.31,2.73,2.49,2.41,140,2,0,0.85,0.87,2,Stable,1,4,0
S03967,Female,Artificial Intelligence,EntranceExam,2.01,1.93,2.56,2.09,2.15,130,0,1,0.99,0.97,2,Stable,1,4,1
S03968,Male,Journalism,EntranceExam,3.3,4,3.53,3.71,3.64,120,0,0,0.84,0.58,2,Average,1,4,1
S03969,Female,E-commerce,EntranceExam,3.05,2.44,2.82,2.58,2.72,125,0,0,0.92,0.83,1,Average,1,4,1
S03970,Female,Business Administration,DirectAdmission,3.22,2.78,3.19,3.03,3.06,120,0,0,0.95,0.73,0,Stable,1,4,1
S03971,Female,Information Technology,DirectAdmission,2.23,1.78,2.33,1.67,2,130,4,0,0.91,0.72,3,Average,0,7,1
S03972,Male,Business Administration,DirectAdmission,2.11,1.69,1.38,1.59,1.69,120,11,0,0.81,0.9,1,Difficult,0,5,0
S03973,Male,E-commerce,DirectAdmission,1.22,2.44,2.19,1.95,1.95,125,8,0,0.65,0.67,1,Difficult,0,6,0
S03974,Male,Information Technology,DirectAdmission,2.29,2.5,2.61,2.34,2.44,130,2,1,0.9,0.89,1,Average,0,5,0
S03975,Male,Accounting,EntranceExam,1.89,2.15,2.07,2.65,2.19,130,1,0,0.88,0.69,0,Stable,1,4,0
S03976,Male,Information Technology,EntranceExam,2.94,2.72,3.1,2.98,2.94,130,0,0,0.9,1,4,Average,1,4,1
S03977,Male,Accounting,EntranceExam,2.94,2.6,3.11,2.25,2.72,130,1,0,0.83,0.98,2,Stable,1,4,0
S03978,Male,Artificial Intelligence,EntranceExam,3.16,3.21,3.83,3.12,3.33,130,0,0,0.88,0.69,0,Stable,1,4,1
S03979,Male,Multimedia Technology,EntranceExam,2.31,2.45,1.92,1.95,2.16,125,0,0,0.96,1,5,Stable,1,4,0
S03980,Male,Financial Technology (Fintech),DirectAdmission,2.42,2.38,2.52,2.68,2.5,130,0,0,0.77,0.53,0,Stable,0,8,0
S03981,Male,Financial Technology (Fintech),EntranceExam,2.63,2.63,2.44,2.88,2.64,130,6,0,0.86,0.86,3,Difficult,0,6,0
S03982,Female,Information Security,EntranceExam,2.89,3.48,3.45,3.6,3.36,130,1,0,0.91,0.65,3,Stable,1,4,0
S03983,Female,Information Security,DirectAdmission,2.28,1.68,1.82,1.86,1.91,130,6,0,0.84,0.7,3,Difficult,0,5,1
S03984,Female,Journalism,EntranceExam,0.92,1.05,1.55,2.01,1.38,120,6,1,0.92,1,3,Stable,0,6,1
S03985,Male,Information Security,EntranceExam,2.9,3.36,2.91,3.58,3.19,130,0,0,0.91,0.85,1,Stable,1,4,1
S03986,Female,Computer Science,DirectAdmission,1.3,1.71,1.19,1.64,1.46,130,1,0,0.82,0.84,1,Stable,0,5,1
S03987,Female,Financial Technology (Fintech),EntranceExam,3.41,3.26,3.6,3.35,3.4,130,0,0,0.82,0.72,1,Average,1,4,0
S03988,Female,Information Technology,EntranceExam,2.18,2.37,2.2,2.61,2.34,130,1,0,0.86,0.86,1,Average,1,4,0
S03989,Male,Computer Science,EntranceExam,2.77,2.72,3.73,3.44,3.16,130,1,0,0.99,0.73,1,Stable,1,4,0
S03990,Female,Computer Science,EntranceExam,2.32,2.19,2.92,2.14,2.39,130,1,0,0.82,0.75,6,Average,1,4,1
S03991,Female,Notary Relations,EntranceExam,2.61,2.95,2.72,2.63,2.73,125,3,1,0.74,0.78,3,Average,0,7,1
S03992,Female,Journalism,EntranceExam,3.12,3.65,3.1,3.3,3.29,120,1,1,0.9,0.54,0,Stable,1,4,0
S03993,Female,Multimedia Technology,EntranceExam,2.65,2.27,2.74,2.77,2.61,125,4,0,0.95,0.96,3,Difficult,0,5,1
S03994,Female,Information Technology,EntranceExam,3.13,2.92,3.33,3.21,3.15,130,0,0,0.92,0.98,2,Stable,1,4,0
S03995,Female,Computer Science,EntranceExam,2.7,2.51,2.96,2.67,2.71,130,3,0,0.72,0.82,0,Average,0,8,1
S03996,Male,Marketing,EntranceExam,2.92,2.9,2.72,3.19,2.93,120,1,0,0.87,0.85,0,Average,1,4,0
S03997,Male,Computer Science,EntranceExam,2.56,2.64,3.49,2.83,2.88,130,1,0,0.91,0.85,1,Stable,1,4,0
S03998,Male,Automation,DirectAdmission,1.66,1.26,1.07,1.94,1.48,140,4,0,0.83,0.68,3,Stable,0,7,0
S03999,Male,Artificial Intelligence,EntranceExam,1.46,2.43,2.7,2.04,2.16,130,2,1,0.82,0.84,3,Stable,0,5,0
S04000,Female,E-commerce,EntranceExam,3.49,3.24,3.38,3.79,3.47,125,0,0,0.9,0.83,1,Average,1,4,0
S04001,Female,Computer Science,EntranceExam,3,2.43,3.35,2.85,2.91,130,0,0,0.88,1,1,Stable,1,4,1
S04002,Male,Journalism,EntranceExam,2.85,3.08,3.2,2.93,3.01,120,1,0,0.92,0.67,3,Stable,1,4,0
S04003,Female,Marketing,EntranceExam,3.25,3.01,2.72,2.51,2.87,120,0,0,0.92,0.83,0,Average,1,4,1
S04004,Female,Game Design and Development,EntranceExam,3,2.77,3.54,2.49,2.95,140,0,0,0.82,0.74,0,Average,1,4,1
S04005,Female,Information Technology,EntranceExam,1.78,2.44,2.37,1.85,2.11,130,1,0,0.82,0.79,2,Stable,1,4,1
S04006,Male,E-commerce,EntranceExam,3.14,3.19,3.28,3.07,3.17,125,1,0,0.89,0.8,2,Average,1,4,1
S04007,Male,E-commerce,EntranceExam,1.77,2.33,2.53,2.1,2.18,125,4,0,0.88,0.8,1,Average,0,5,0
S04008,Female,Financial Technology (Fintech),EntranceExam,3.04,3.01,2.92,3.16,3.03,130,1,0,0.82,0.85,4,Stable,1,4,0
S04009,Male,Journalism,DirectAdmission,1.64,1.54,1.74,2.21,1.78,120,4,0,0.8,0.93,1,Average,0,5,0
S04010,Male,Marketing,EntranceExam,3.44,3.27,3.1,3.33,3.28,120,0,0,0.88,0.93,0,Average,1,4,1
S04011,Female,Computer Science,EntranceExam,3.13,2.45,3.34,3.24,3.04,130,0,0,0.8,0.82,0,Stable,1,4,1
S04012,Female,E-commerce,DirectAdmission,2.38,2.51,2.24,2.67,2.45,125,0,0,0.93,0.89,3,Average,1,4,1
S04013,Male,E-commerce,EntranceExam,1.84,2.13,2.21,1.69,1.97,125,3,0,0.85,0.78,0,Stable,0,6,0
S04014,Male,Computer Science,EntranceExam,2.49,2.79,2.62,2.94,2.71,130,2,0,0.75,0.81,3,Difficult,0,5,0
S04015,Female,Business Administration,DirectAdmission,2.9,3.28,2.75,3.11,3.01,120,0,0,0.85,0.8,1,Average,1,4,1
S04016,Female,E-commerce,EntranceExam,2.13,2.2,1.66,2.1,2.02,125,3,0,0.76,0.72,0,Average,0,7,0
S04017,Male,Automation,EntranceExam,2.77,2.93,2.94,2.79,2.86,140,0,0,0.8,0.86,2,Stable,1,4,0
S04018,Female,E-commerce,EntranceExam,1.76,2.26,2.49,2.07,2.14,125,3,0,0.88,1,0,Average,0,5,1
S04019,Female,E-commerce,EntranceExam,2.92,3.15,2.64,3.59,3.08,125,0,0,1,0.85,1,Stable,1,4,0
S04020,Female,Computer Science,EntranceExam,3.42,4,3.86,3.97,3.81,130,0,0,0.97,0.84,4,Difficult,1,4,1
S04021,Male,Multimedia Communication,EntranceExam,1.53,1.25,1.73,1.71,1.56,125,12,1,0.85,0.66,1,Stable,0,7,0
S04022,Male,E-commerce,EntranceExam,3,2.57,1.83,2.91,2.58,125,0,0,0.9,0.89,2,Stable,1,4,0
S04023,Female,Multimedia Communication,EntranceExam,2.42,2.86,2.44,2.31,2.51,125,0,0,0.93,0.78,0,Stable,1,4,1
S04024,Male,Artificial Intelligence,EntranceExam,3.14,3.05,3.09,2.85,3.03,130,0,0,0.81,0.86,1,Stable,1,4,0
S04025,Female,Computer Science,EntranceExam,1.33,1.49,1.48,2.23,1.63,130,3,0,0.88,0.74,0,Stable,0,7,1
S04026,Male,Artificial Intelligence,EntranceExam,2.91,3.11,2.71,2.41,2.78,130,0,0,0.91,0.75,2,Stable,1,4,0
S04027,Female,Financial Technology (Fintech),EntranceExam,2.2,2.29,2.48,2.54,2.38,130,0,0,0.85,0.95,0,Stable,1,4,0
S04028,Female,Computer Science,EntranceExam,2.81,2.76,2.79,3,2.84,130,0,0,0.9,1,0,Average,1,4,1
S04029,Male,Business Administration,EntranceExam,2.38,2.64,2.26,2.92,2.55,120,5,0,0.85,0.84,1,Stable,0,7,0
S04030,Male,Artificial Intelligence,DirectAdmission,1.98,1.64,2.42,1.82,1.96,130,5,1,0.97,0.93,2,Stable,0,5,0
S04031,Female,Computer Science,DirectAdmission,1.73,2.22,1.58,1.64,1.79,130,7,0,0.87,0.84,1,Stable,0,6,1
S04032,Male,Journalism,DirectAdmission,2.11,1.98,2.27,2.76,2.28,120,1,0,0.82,0.9,2,Stable,1,4,0
S04033,Male,Artificial Intelligence,DirectAdmission,3.12,3.18,3.19,4,3.37,130,1,1,0.87,0.86,2,Stable,1,4,1
S04034,Female,Artificial Intelligence,EntranceExam,2.38,2.84,2.3,2.89,2.6,130,0,0,0.9,0.91,2,Average,1,4,1
S04035,Male,Multimedia Communication,EntranceExam,2.06,1.95,1.89,1.74,1.91,125,2,0,0.72,0.82,1,Stable,0,5,0
S04036,Male,Information Technology,EntranceExam,3.97,3.37,3.14,3.2,3.42,130,0,0,0.83,0.86,0,Difficult,1,4,1
S04037,Male,Computer Science,EntranceExam,2.46,3.05,2.82,2.24,2.64,130,1,0,0.86,0.78,0,Stable,1,4,0
S04038,Male,E-commerce,EntranceExam,2.18,2.2,2.05,1.85,2.07,125,2,0,0.84,0.8,1,Stable,0,6,0
S04039,Female,Multimedia Technology,EntranceExam,2.32,2.42,2.81,2.93,2.62,125,2,0,0.91,0.82,0,Difficult,0,6,1
S04040,Female,Information Security,DirectAdmission,2.17,1.85,1.49,2.2,1.93,130,3,0,0.79,0.84,2,Difficult,0,6,1
S04041,Male,Multimedia Communication,EntranceExam,2.48,2.39,2.45,2.71,2.51,125,0,0,0.94,0.87,1,Stable,1,4,0
S04042,Male,Information Security,DirectAdmission,2.57,3.34,3.36,3.33,3.15,130,0,0,0.86,0.94,1,Stable,1,4,1
S04043,Male,Financial Technology (Fintech),EntranceExam,3,2.99,3.16,2.9,3.01,130,0,0,0.87,0.86,2,Average,1,4,0
S04044,Male,Information Technology,EntranceExam,3.32,3.16,3.51,3.03,3.26,130,0,0,0.93,0.7,1,Difficult,1,4,1
S04045,Male,Journalism,EntranceExam,2.48,2.52,2.89,2.57,2.62,120,1,0,0.89,1,0,Stable,1,4,0
S04046,Female,Accounting,EntranceExam,3.15,3.19,3.48,3.11,3.23,130,1,0,0.93,0.76,4,Stable,1,4,0
S04047,Female,Journalism,EntranceExam,3.12,3.76,2.83,3.54,3.31,120,0,0,1,0.87,1,Average,1,4,0
S04048,Male,Financial Technology (Fintech),EntranceExam,1.55,1.42,1.21,1.12,1.32,130,8,0,0.8,0.72,1,Stable,0,5,0
S04049,Female,Information Security,EntranceExam,1.72,1.38,1.38,1.1,1.4,130,3,2,0.86,0.81,0,Average,0,5,0
S04050,Male,E-commerce,EntranceExam,3.19,2.21,2.73,2.56,2.67,125,4,0,0.7,0.87,0,Stable,0,5,0
S04051,Female,Accounting,EntranceExam,2.4,1.99,1.75,2.27,2.1,130,2,0,0.8,0.84,2,Difficult,0,7,1
S04052,Male,Notary Relations,EntranceExam,1.27,1.72,2.34,1.95,1.82,125,7,0,0.88,0.91,2,Average,0,6,0
S04053,Male,Information Technology,DirectAdmission,2.3,1.9,1.93,1.97,2.02,130,3,0,0.87,0.72,5,Difficult,0,8,0
S04054,Female,Multimedia Communication,EntranceExam,2.62,2.75,2.76,2.57,2.68,125,0,0,0.88,0.63,0,Stable,1,4,1
S04055,Male,Game Design and Development,EntranceExam,2.64,2.88,2.99,3.12,2.91,140,0,0,0.83,0.7,1,Stable,1,4,0
S04056,Female,Marketing,EntranceExam,2.34,2.25,1.85,2.46,2.22,120,2,0,0.93,0.8,0,Stable,1,4,1
S04057,Female,Artificial Intelligence,DirectAdmission,2.6,2.51,2.79,2.65,2.64,130,2,0,0.75,0.61,2,Difficult,0,7,1
S04058,Female,Information Technology,EntranceExam,1.89,2.07,2.06,1.89,1.98,130,9,0,0.86,0.77,1,Average,0,6,0
S04059,Male,Automation,EntranceExam,2.98,2.97,2.06,3.3,2.83,140,0,0,0.89,0.82,4,Stable,1,4,0
S04060,Female,Artificial Intelligence,EntranceExam,2.65,3.33,2.94,3.02,2.98,130,2,0,0.86,0.85,3,Stable,1,4,0
S04061,Female,E-commerce,DirectAdmission,2.25,2.24,2.41,1.91,2.2,125,0,0,0.86,0.78,2,Stable,1,4,1
S04062,Female,Accounting,EntranceExam,2.2,2.68,2.3,3.14,2.58,130,0,0,0.88,1,3,Average,1,4,1
S04063,Female,Multimedia Communication,EntranceExam,2.4,2.85,2.17,2.3,2.43,125,0,0,0.85,0.86,0,Stable,1,4,0
S04064,Female,Artificial Intelligence,DirectAdmission,1.97,1.57,1.81,1.63,1.74,130,1,0,0.87,0.87,6,Stable,0,7,1
S04065,Male,Information Technology,EntranceExam,1.99,2.5,2.19,1.88,2.14,130,4,0,0.85,0.67,0,Stable,0,8,0
S04066,Female,Financial Technology (Fintech),EntranceExam,2.97,2.96,2.34,2.41,2.67,130,0,0,0.81,0.72,1,Stable,1,4,1
S04067,Female,Multimedia Technology,DirectAdmission,3.02,2.8,3.41,2.89,3.03,125,0,0,0.95,0.8,3,Stable,1,4,0
S04068,Female,Journalism,EntranceExam,2.1,2.11,1.93,1.7,1.96,120,6,0,0.91,0.89,2,Average,0,7,1
S04069,Male,Artificial Intelligence,EntranceExam,2.28,3.01,2.53,2.34,2.54,130,0,0,0.9,0.94,0,Stable,1,4,0
S04070,Female,Artificial Intelligence,DirectAdmission,2.13,2.15,2.28,3.18,2.43,130,3,0,0.75,0.54,2,Stable,0,6,1
S04071,Male,Journalism,EntranceExam,1.68,1.78,1.57,2.08,1.78,120,3,0,0.83,0.91,0,Difficult,0,6,0
S04072,Male,Information Technology,EntranceExam,2.03,2.4,1.43,1.55,1.85,130,3,1,0.88,0.8,4,Stable,0,6,0
S04073,Male,Multimedia Technology,EntranceExam,2.32,1.78,2.78,2.03,2.23,125,3,0,0.94,0.78,4,Difficult,0,5,0
S04074,Female,Marketing,DirectAdmission,1.96,2.14,1.68,1.67,1.86,120,5,0,0.91,0.77,2,Stable,0,6,1
S04075,Female,E-commerce,EntranceExam,2.39,2.33,2.6,2.2,2.38,125,2,0,0.84,0.9,1,Average,1,4,0
S04076,Male,Artificial Intelligence,EntranceExam,2.92,2.67,3.12,2.12,2.71,130,0,0,0.89,0.78,2,Average,1,4,0
S04077,Female,Multimedia Communication,DirectAdmission,2.21,2.4,1.96,2.27,2.21,125,5,0,0.81,0.79,1,Stable,0,7,1
S04078,Male,Information Technology,EntranceExam,2.67,3.2,3.49,3.59,3.24,130,0,0,0.88,0.96,6,Average,1,4,1
S04079,Male,Game Design and Development,EntranceExam,2.7,2.5,2.9,2.8,2.72,140,4,0,0.78,0.7,3,Average,0,5,0
S04080,Male,Accounting,EntranceExam,1.8,2.5,2.38,2.33,2.25,130,1,0,0.98,0.78,1,Stable,1,4,0
S04081,Female,Artificial Intelligence,DirectAdmission,2.73,2.75,2.88,2.83,2.8,130,0,0,0.91,0.88,0,Average,1,4,1
S04082,Male,Financial Technology (Fintech),EntranceExam,2.86,2.07,2.7,2.03,2.42,130,1,0,0.83,0.74,2,Stable,1,4,0
S04083,Female,Information Technology,EntranceExam,2.86,2.95,2.81,2.86,2.87,130,0,0,0.92,0.9,1,Stable,1,4,1
S04084,Male,Computer Science,EntranceExam,1.78,2.06,1.93,2.62,2.1,130,2,0,0.94,0.77,4,Average,0,6,0
S04085,Male,Information Technology,EntranceExam,1.77,1.4,1.63,1.05,1.46,130,5,1,0.89,0.8,0,Stable,0,7,0
S04086,Female,Information Technology,EntranceExam,2.66,2.43,2.58,2.47,2.54,130,0,0,0.91,0.98,1,Difficult,1,4,1
S04087,Male,E-commerce,EntranceExam,2.19,2.03,2.5,2.32,2.26,125,3,0,0.66,0.85,2,Stable,0,5,0
S04088,Male,Artificial Intelligence,EntranceExam,2.59,3.45,2.41,2.73,2.8,130,0,0,0.95,0.67,1,Stable,1,4,0
S04089,Female,Computer Science,EntranceExam,2.37,2.11,2.38,1.89,2.19,130,0,0,0.93,0.82,2,Average,1,4,1
S04090,Female,Artificial Intelligence,EntranceExam,2.95,3.05,3.7,3.42,3.28,130,0,0,0.81,0.72,2,Difficult,1,4,0
S04091,Male,Business Administration,EntranceExam,2.67,2.77,3.32,3.48,3.06,120,0,0,0.99,0.83,0,Stable,1,4,1
S04092,Male,Marketing,EntranceExam,2.82,2.67,2.17,2.78,2.61,120,0,1,0.91,1,0,Stable,1,4,0
S04093,Male,Computer Science,EntranceExam,2.43,2.6,2.81,2.97,2.7,130,0,0,0.99,0.89,2,Stable,1,4,0
S04094,Female,Information Security,EntranceExam,2.04,1.57,1.77,2.04,1.86,130,5,0,0.85,0.84,3,Average,0,6,1
S04095,Female,Journalism,DirectAdmission,2.35,2.38,2.27,2.01,2.25,120,2,0,0.74,0.85,2,Average,0,8,0
S04096,Male,Business Administration,EntranceExam,2.12,2.85,2.41,2.36,2.44,120,0,0,0.85,0.7,1,Average,0,6,0
S04097,Female,Information Technology,EntranceExam,3.31,3.03,2.87,2.68,2.97,130,1,1,0.88,1,1,Stable,1,4,1
S04098,Male,Computer Science,EntranceExam,2.38,2.44,2.48,2.22,2.38,130,1,0,0.72,0.76,0,Difficult,0,5,0
S04099,Male,Artificial Intelligence,EntranceExam,2.95,2.2,2.91,2.54,2.65,130,0,0,0.86,0.78,4,Average,1,4,0
S04100,Female,Information Technology,EntranceExam,3.31,2.77,2.88,3.74,3.18,130,0,0,0.92,0.85,2,Average,1,4,0
S04101,Male,Notary Relations,EntranceExam,3.87,3.61,3.88,4,3.84,125,0,0,0.81,0.77,1,Average,1,4,1
S04102,Male,Information Technology,EntranceExam,2.87,2.38,2.75,2.15,2.54,130,2,1,0.82,0.83,3,Stable,0,5,0
S04103,Female,Marketing,EntranceExam,3.36,3.66,3,3.47,3.37,120,0,0,0.94,0.85,1,Stable,1,4,0
S04104,Female,Information Technology,EntranceExam,1.47,1.7,1.42,1.72,1.58,130,4,0,0.85,0.73,2,Average,0,5,0
S04105,Female,Multimedia Technology,DirectAdmission,2.82,2.91,3.3,3.32,3.09,125,0,0,0.83,0.74,1,Stable,1,4,0
S04106,Male,Artificial Intelligence,EntranceExam,2.4,1.83,2.31,3.47,2.5,130,3,0,0.55,0.77,2,Average,0,6,0
S04107,Male,Information Technology,EntranceExam,2.52,1.78,2.08,2.22,2.15,130,2,0,1,1,3,Average,1,4,0
S04108,Male,Information Technology,EntranceExam,2.51,2.78,3.09,2.92,2.82,130,0,0,0.9,0.67,2,Stable,1,4,0
S04109,Male,Information Technology,DirectAdmission,2.95,2.46,2.51,2.61,2.63,130,2,0,0.85,0.8,2,Difficult,0,6,0
S04110,Male,Financial Technology (Fintech),DirectAdmission,2.97,2.7,3,3.08,2.94,130,0,0,0.89,0.9,3,Stable,1,4,1
S04111,Male,Multimedia Technology,EntranceExam,1.9,2.32,1.8,1.5,1.88,125,5,1,0.75,0.84,1,Difficult,0,6,0
S04112,Male,Journalism,EntranceExam,1.99,2.63,2.31,1.81,2.18,120,5,0,0.68,0.79,1,Average,0,7,0
S04113,Female,Business Administration,EntranceExam,2.57,3.25,2.9,2.4,2.78,120,0,0,0.85,0.99,0,Average,1,4,0
S04114,Female,Game Design and Development,EntranceExam,2.38,2.19,1.71,1.87,2.04,140,5,2,0.82,0.92,0,Average,0,8,1
S04115,Female,E-commerce,EntranceExam,1.89,2.4,1.96,2.12,2.09,125,3,0,0.93,1,0,Stable,0,5,0
S04116,Male,Marketing,DirectAdmission,2.95,3.37,3.2,3.34,3.22,120,0,0,0.89,1,1,Stable,1,4,1
S04117,Male,Computer Science,DirectAdmission,2.32,2.88,2.65,2.88,2.68,130,0,0,0.92,0.77,1,Stable,1,4,0
S04118,Female,Financial Technology (Fintech),EntranceExam,2.28,2.25,3.09,2.36,2.49,130,1,0,0.83,0.8,1,Difficult,0,5,1
S04119,Male,Computer Science,EntranceExam,2.11,2.1,3.04,3.21,2.62,130,0,0,0.88,0.72,1,Average,1,4,0
S04120,Male,Business Administration,EntranceExam,2.57,2.84,3.05,2.65,2.78,120,0,0,0.81,0.75,0,Stable,1,4,0
S04121,Male,Information Technology,EntranceExam,2.49,2.83,2.46,3.07,2.71,130,0,0,1,0.9,1,Average,1,4,0
S04122,Female,Artificial Intelligence,EntranceExam,2.18,2.85,2.71,3.07,2.7,130,0,1,0.81,0.85,1,Stable,1,4,1
S04123,Male,Multimedia Communication,DirectAdmission,3.37,3.59,3.37,3.03,3.34,125,0,0,0.91,0.73,2,Stable,1,4,1
S04124,Male,Business Administration,EntranceExam,2.53,2.96,2.87,2.44,2.7,120,0,0,0.94,0.77,4,Stable,1,4,0
S04125,Male,Journalism,EntranceExam,1.96,1.7,1.69,1.65,1.75,120,4,0,0.87,0.8,0,Average,0,6,0
S04126,Male,Information Security,EntranceExam,3.16,3.19,3.4,2.66,3.1,130,0,0,0.83,0.7,1,Average,1,4,1
S04127,Male,Business Administration,EntranceExam,2.9,2.77,2.47,2.6,2.68,120,1,0,0.86,0.79,0,Average,1,4,0
S04128,Male,Information Security,DirectAdmission,2.36,2.87,3.04,2.67,2.74,130,0,0,0.87,0.91,0,Average,1,4,0
S04129,Male,Computer Science,EntranceExam,2.89,2.95,3.1,2.83,2.94,130,0,0,0.9,0.92,1,Difficult,1,4,1
S04130,Female,Computer Science,EntranceExam,2.55,2.74,2.73,2.35,2.59,130,0,0,0.9,0.81,4,Average,1,4,1
S04131,Female,Computer Science,EntranceExam,2.04,3.13,2.96,2.33,2.62,130,0,0,0.95,0.87,2,Stable,1,4,1
S04132,Female,Multimedia Technology,EntranceExam,2.28,2.42,2.21,2.3,2.3,125,1,1,0.78,0.75,1,Stable,0,5,1
S04133,Male,Business Administration,DirectAdmission,2.04,2.09,1.77,1.78,1.92,120,3,0,0.74,0.68,0,Stable,0,7,0
S04134,Male,Automation,EntranceExam,3.34,3.14,2.8,2.8,3.02,140,0,0,0.98,0.76,2,Average,1,4,1
S04135,Male,Financial Technology (Fintech),EntranceExam,2.46,1.92,2.64,2.68,2.42,130,1,0,0.9,0.92,4,Stable,1,4,0
S04136,Female,Information Technology,EntranceExam,2.09,2.37,1.92,1.53,1.98,130,2,1,0.81,0.73,2,Stable,0,6,1
S04137,Female,Multimedia Communication,DirectAdmission,2.87,2.58,2.97,2.59,2.75,125,0,0,1,0.91,2,Average,1,4,0
S04138,Female,Multimedia Communication,EntranceExam,0.77,1.14,1.26,0.95,1.03,125,4,0,0.77,0.74,2,Average,0,8,1
S04139,Male,Automation,DirectAdmission,3.38,3.37,3.15,3.06,3.24,140,0,0,0.91,0.86,2,Average,1,4,1
S04140,Female,Artificial Intelligence,EntranceExam,3.11,3.06,3.08,3.27,3.13,130,0,0,0.91,0.9,0,Average,1,4,0
S04141,Female,Multimedia Communication,EntranceExam,2.8,3.19,3.17,3.46,3.16,125,0,0,0.99,0.82,0,Average,1,4,0
S04142,Female,Game Design and Development,EntranceExam,2.46,2.64,2.6,3.15,2.71,140,0,0,0.87,0.86,2,Difficult,1,4,1
S04143,Male,E-commerce,EntranceExam,2.78,2.55,2.92,3.23,2.87,125,0,0,0.97,0.88,0,Average,1,4,0
S04144,Female,Artificial Intelligence,DirectAdmission,2.2,2.19,2.11,2.91,2.35,130,1,0,0.95,0.82,3,Difficult,0,5,1
S04145,Female,Information Technology,DirectAdmission,1.6,1.76,2.21,2.38,1.99,130,7,1,0.82,0.8,1,Average,0,7,1
S04146,Male,Artificial Intelligence,EntranceExam,3.09,3.42,3.09,2.82,3.1,130,0,0,0.95,0.96,0,Stable,1,4,1
S04147,Female,Computer Science,DirectAdmission,3.06,3.12,2.85,2.36,2.85,130,0,0,0.92,0.92,1,Stable,1,4,1
S04148,Male,Game Design and Development,EntranceExam,1.86,1.49,1.17,1.72,1.56,140,5,0,0.76,0.88,2,Stable,0,8,0
S04149,Female,Multimedia Technology,EntranceExam,2.39,2.32,2.53,2.36,2.4,125,4,0,0.96,0.77,0,Difficult,0,5,0
S04150,Female,Computer Science,EntranceExam,2.93,3.46,3.19,2.85,3.11,130,0,0,0.83,0.81,0,Average,1,4,0
S04151,Female,E-commerce,EntranceExam,1.16,1.41,1.5,1.78,1.46,125,5,0,1,0.95,1,Stable,0,8,1
S04152,Female,Business Administration,EntranceExam,1.94,1.97,2.59,2.26,2.19,120,0,0,0.82,0.91,2,Stable,1,4,1
S04153,Female,Accounting,EntranceExam,3.95,3.11,4,4,3.76,130,0,0,0.83,0.69,1,Average,1,4,0
S04154,Female,Accounting,DirectAdmission,1.39,1.55,1.92,2.62,1.87,130,6,1,0.89,0.74,3,Stable,0,6,0
S04155,Female,Automation,EntranceExam,2.95,2.6,3.16,2.88,2.9,140,0,0,0.86,0.78,1,Stable,1,4,1
S04156,Female,Artificial Intelligence,EntranceExam,3.27,2.92,2.66,2.78,2.91,130,1,0,0.81,0.87,0,Difficult,0,7,1
S04157,Male,Multimedia Communication,EntranceExam,2.3,2.72,2.41,2.58,2.5,125,4,0,0.81,0.63,2,Average,0,7,0
S04158,Female,Artificial Intelligence,EntranceExam,2.58,2.78,2.36,3.18,2.72,130,0,0,0.9,0.67,1,Stable,1,4,1
S04159,Female,Marketing,EntranceExam,2.58,2.98,2.86,3.18,2.9,120,0,0,0.83,0.88,1,Average,1,4,1
S04160,Male,Notary Relations,EntranceExam,3.28,3.26,3,3.74,3.32,125,0,0,0.83,0.95,0,Stable,1,4,1
S04161,Male,Game Design and Development,DirectAdmission,3.45,3.18,3.58,4,3.55,140,0,0,0.86,0.62,0,Stable,1,4,1
S04162,Female,Information Technology,DirectAdmission,1.85,1.75,1.75,2.1,1.86,130,3,1,0.87,0.82,0,Difficult,0,6,0
S04163,Female,Business Administration,EntranceExam,3.08,3.46,3.7,3.28,3.38,120,0,0,0.9,0.78,0,Stable,1,4,0
S04164,Female,Automation,DirectAdmission,3.32,3.97,3.48,3.3,3.52,140,0,0,0.99,0.71,0,Stable,1,4,0
S04165,Female,Multimedia Communication,EntranceExam,3.69,2.38,2.67,2.84,2.9,125,0,0,0.9,0.81,1,Difficult,0,5,1
S04166,Female,Artificial Intelligence,EntranceExam,2.37,2.43,2.45,2.41,2.42,130,0,0,0.93,0.9,2,Average,1,4,1
S04167,Female,Automation,EntranceExam,3.36,3.59,3.08,3.3,3.33,140,0,0,0.89,0.73,0,Stable,1,4,0
S04168,Male,Information Technology,EntranceExam,2.9,3.07,2.69,3.14,2.95,130,0,0,0.93,0.84,3,Stable,1,4,1
S04169,Female,Information Security,EntranceExam,2.14,2.2,1.72,1.73,1.95,130,2,0,0.82,0.77,1,Difficult,0,5,1
S04170,Male,Artificial Intelligence,DirectAdmission,2.64,3.02,3.21,2.71,2.9,130,0,0,1,0.95,3,Average,1,4,1
S04171,Male,Game Design and Development,EntranceExam,2.03,2.21,2.25,2.11,2.15,140,1,0,0.89,0.72,0,Average,1,4,0
S04172,Female,Multimedia Communication,DirectAdmission,2.22,2.82,2.86,2.85,2.69,125,0,0,0.95,0.91,0,Average,1,4,1
S04173,Male,Automation,EntranceExam,2.33,1.79,1.8,1.88,1.95,140,3,1,0.77,0.7,0,Stable,0,5,0
S04174,Female,Information Technology,EntranceExam,2.03,2.51,2.06,1.84,2.11,130,2,0,0.87,0.95,1,Average,1,4,1
S04175,Male,Accounting,DirectAdmission,1.29,1.81,1.05,2.07,1.56,130,6,0,0.93,0.97,0,Stable,0,7,0
S04176,Female,Notary Relations,DirectAdmission,2.09,2.47,2.16,2.14,2.22,125,0,0,0.86,0.84,1,Stable,1,4,1
S04177,Male,Computer Science,DirectAdmission,3,2.43,2.33,2.85,2.65,130,1,0,0.86,0.78,0,Stable,1,4,0
S04178,Female,Computer Science,EntranceExam,1.53,1.98,2.2,1.73,1.86,130,6,0,0.87,0.8,0,Stable,0,6,1
S04179,Female,Automation,EntranceExam,1.3,1.81,1.33,1.28,1.43,140,5,0,0.74,0.75,0,Stable,0,7,0
S04180,Male,Artificial Intelligence,EntranceExam,2.42,2.7,2.96,2.94,2.76,130,0,0,0.84,0.8,3,Average,1,4,0
S04181,Male,Financial Technology (Fintech),DirectAdmission,1.9,1.91,2.12,1.61,1.88,130,6,0,0.86,0.79,1,Difficult,0,5,0
S04182,Female,Accounting,EntranceExam,2.73,2.92,2.55,3.03,2.81,130,0,0,0.91,0.68,1,Stable,1,4,1
S04183,Male,Computer Science,EntranceExam,1.99,1.95,2.03,2.48,2.11,130,2,0,0.98,1,1,Average,1,4,0
S04184,Male,Marketing,EntranceExam,2.62,2.99,3.33,2.85,2.95,120,0,0,0.8,0.95,1,Average,1,4,0
S04185,Male,Computer Science,EntranceExam,3.09,3.16,2.61,3.57,3.11,130,0,0,0.85,0.72,1,Average,1,4,1
S04186,Male,Marketing,EntranceExam,1.58,1.07,1.55,1.52,1.43,120,4,0,0.9,0.79,4,Stable,0,5,0
S04187,Female,Artificial Intelligence,EntranceExam,2.54,2.61,2.14,2.3,2.4,130,0,0,0.96,0.95,1,Stable,1,4,1
S04188,Male,Multimedia Technology,EntranceExam,2.74,3.1,2.32,3.3,2.86,125,0,0,0.86,0.87,1,Difficult,1,4,0
S04189,Male,Artificial Intelligence,EntranceExam,2.27,2.78,2.64,2.68,2.59,130,1,0,0.89,0.86,1,Average,1,4,0
S04190,Male,Information Security,DirectAdmission,3.01,3.19,3.38,2.66,3.06,130,0,0,0.9,0.86,2,Stable,1,4,1
S04191,Female,Artificial Intelligence,DirectAdmission,2.76,2.28,2.56,2.73,2.58,130,2,0,0.83,0.78,1,Average,0,5,1
S04192,Male,Artificial Intelligence,EntranceExam,2.6,3.23,2.58,2.6,2.75,130,1,0,0.83,0.89,2,Average,1,4,0
S04193,Male,Business Administration,DirectAdmission,2.51,2.88,2.44,2.9,2.68,120,0,0,0.93,0.81,1,Stable,1,4,0
S04194,Male,Game Design and Development,EntranceExam,2.09,2.46,2.62,2.55,2.43,140,3,0,0.75,0.94,4,Stable,0,8,0
S04195,Female,Artificial Intelligence,EntranceExam,2.91,3.04,3.52,3.25,3.18,130,3,0,0.82,0.85,1,Average,1,4,0
S04196,Male,Automation,EntranceExam,2.84,2.52,2.6,2.58,2.64,140,1,0,0.81,0.84,3,Stable,1,4,0
S04197,Female,Automation,EntranceExam,2.65,2.94,3.22,3.04,2.96,140,1,0,0.9,0.85,1,Average,1,4,0
S04198,Female,Marketing,DirectAdmission,2.84,2.67,2.1,2.38,2.5,120,0,0,0.95,0.79,2,Stable,1,4,1
S04199,Male,Multimedia Technology,EntranceExam,2.63,2.77,2.65,2.41,2.62,125,0,0,0.95,0.56,4,Stable,1,4,0
S04200,Female,Multimedia Communication,EntranceExam,2.7,2.97,2.97,2.94,2.9,125,0,0,1,1,3,Stable,1,4,0
S04201,Female,E-commerce,DirectAdmission,1.31,1.74,1.93,1.51,1.62,125,12,0,0.86,0.79,2,Stable,0,7,1
S04202,Male,Information Technology,EntranceExam,2.87,2.26,2.66,2.58,2.59,130,2,0,0.91,0.86,1,Average,1,4,0
S04203,Female,Information Technology,EntranceExam,2.51,3.3,2.94,2.96,2.93,130,0,0,0.91,0.89,5,Difficult,1,4,0
S04204,Female,Automation,EntranceExam,1.68,1.82,2.08,2.14,1.93,140,5,1,0.87,0.83,3,Stable,0,5,0
S04205,Male,Multimedia Technology,EntranceExam,2.23,3.23,2.57,2.67,2.68,125,0,0,0.89,0.9,1,Average,1,4,0
S04206,Male,Information Security,DirectAdmission,2.69,2.72,3.35,2.83,2.9,130,0,0,0.84,0.83,3,Stable,1,4,0
S04207,Female,Multimedia Technology,DirectAdmission,1.64,1.4,2.32,1.07,1.61,125,5,0,0.87,0.84,2,Difficult,0,5,1
S04208,Male,Journalism,EntranceExam,3.11,3.24,3.64,2.6,3.15,120,0,0,0.83,0.84,3,Stable,1,4,1
S04209,Female,Accounting,EntranceExam,2.58,2.13,1.89,2.17,2.19,130,2,0,0.77,0.75,3,Stable,0,8,1
S04210,Female,E-commerce,EntranceExam,3.25,3.39,3.46,3.67,3.44,125,0,0,0.94,0.85,3,Average,1,4,0
S04211,Female,Accounting,EntranceExam,2.31,2.27,2.73,2.57,2.47,130,0,1,0.89,0.8,1,Stable,1,4,1
S04212,Female,Multimedia Communication,EntranceExam,1.99,1.73,1.95,1.76,1.86,125,5,0,0.79,0.89,4,Stable,0,5,1
S04213,Male,Game Design and Development,EntranceExam,1.78,2.36,1.98,2.54,2.16,140,5,0,0.67,0.87,3,Stable,0,5,0
S04214,Female,Automation,EntranceExam,2.25,2.63,2.41,2.03,2.33,140,2,1,0.85,0.87,2,Stable,0,8,1
S04215,Female,Journalism,EntranceExam,3.1,2.77,2.79,3.32,3,120,1,0,0.81,1,1,Stable,1,4,1
S04216,Male,Artificial Intelligence,EntranceExam,2.01,2.32,2.1,2.31,2.18,130,1,0,0.91,0.83,0,Average,1,4,0
S04217,Male,Game Design and Development,DirectAdmission,3.21,3.42,3.78,2.8,3.3,140,1,1,0.75,0.7,1,Stable,0,5,1
S04218,Female,Accounting,EntranceExam,2.94,3.42,2.88,3.18,3.1,130,0,0,0.97,0.65,1,Stable,1,4,1
S04219,Female,Marketing,EntranceExam,2.81,2.73,2.81,3.11,2.86,120,0,1,0.85,0.9,1,Stable,1,4,1
S04220,Female,Marketing,EntranceExam,2.32,3.27,2.2,2.84,2.66,120,4,0,0.74,0.67,1,Stable,0,5,1
S04221,Female,Artificial Intelligence,EntranceExam,1.8,2.44,2.11,2.55,2.22,130,2,0,0.82,0.97,3,Average,0,7,1
S04222,Female,Business Administration,EntranceExam,2.35,2.07,2.1,2.55,2.27,120,0,0,0.7,0.7,0,Difficult,0,6,1
S04223,Female,E-commerce,DirectAdmission,2.19,2.96,3.15,2.29,2.65,125,1,0,0.69,0.95,0,Average,0,5,0
S04224,Female,Financial Technology (Fintech),EntranceExam,2.58,2.84,2.53,2.4,2.59,130,0,0,0.93,0.77,3,Stable,1,4,1
S04225,Male,Multimedia Technology,EntranceExam,1.49,2.58,2.15,1.9,2.03,125,1,0,0.86,0.87,2,Stable,1,4,0
S04226,Male,Computer Science,EntranceExam,3,3.07,3.23,2.99,3.07,130,0,0,0.84,0.79,1,Difficult,1,4,1
S04227,Male,Multimedia Communication,EntranceExam,2.01,2.2,2.78,2.52,2.38,125,2,0,0.74,0.68,1,Difficult,0,7,0
S04228,Female,Automation,DirectAdmission,2.86,3.12,3.27,3,3.06,140,0,0,0.83,0.7,1,Stable,1,4,0
S04229,Female,Game Design and Development,EntranceExam,2.61,3.1,1.81,3,2.63,140,0,0,0.8,0.63,1,Stable,1,4,1
S04230,Female,Information Technology,EntranceExam,1.41,1.1,0.76,1.57,1.21,130,3,1,0.74,0.89,2,Stable,0,5,0
S04231,Male,Information Security,EntranceExam,2.42,2.17,3.17,3.1,2.72,130,0,0,0.94,0.89,2,Stable,1,4,0
S04232,Female,Accounting,EntranceExam,3.03,3.15,2.83,2.94,2.99,130,1,0,0.91,0.91,0,Stable,1,4,0
S04233,Female,Multimedia Communication,EntranceExam,1.56,1.5,1.83,1.44,1.58,125,5,0,0.86,0.84,0,Average,0,7,1
S04234,Male,Information Technology,EntranceExam,2.14,2.04,2.56,2.75,2.37,130,0,0,1,1,2,Average,1,4,0
S04235,Female,Automation,DirectAdmission,2,1.44,2.44,1.5,1.84,140,9,0,0.79,0.75,2,Average,0,7,1
S04236,Female,Multimedia Technology,EntranceExam,2.8,2.67,2.76,2.38,2.65,125,0,0,0.99,1,0,Stable,1,4,1
S04237,Female,Financial Technology (Fintech),EntranceExam,3.33,3.35,3.58,3.86,3.53,130,0,0,0.88,0.9,1,Stable,1,4,1
S04238,Male,Business Administration,EntranceExam,1.35,1.65,2.1,0.61,1.43,120,4,0,0.63,0.91,1,Stable,0,6,0
S04239,Female,Automation,EntranceExam,2.82,2.34,2.77,2.5,2.61,140,0,0,0.8,1,4,Average,1,4,1
S04240,Female,Multimedia Communication,EntranceExam,1.49,1.48,2.37,1.49,1.71,125,6,0,0.94,1,3,Stable,0,6,1
S04241,Male,E-commerce,DirectAdmission,2.76,3.18,3.44,3.28,3.16,125,1,0,0.99,0.83,1,Average,1,4,0
S04242,Female,Computer Science,DirectAdmission,1.43,2.11,1.97,1.9,1.85,130,10,0,0.82,0.72,1,Average,0,5,0
S04243,Female,Multimedia Technology,DirectAdmission,2.27,2.27,2.53,2.98,2.51,125,3,0,0.76,0.92,1,Average,0,5,1
S04244,Male,E-commerce,EntranceExam,2.36,2.8,2.25,2.02,2.36,125,3,0,0.77,0.8,1,Average,0,7,0
S04245,Female,Business Administration,EntranceExam,1.99,2.45,2.82,2.09,2.34,120,3,0,0.84,0.93,4,Difficult,0,5,1
S04246,Female,Accounting,EntranceExam,2.84,2.52,2.54,2.43,2.58,130,0,0,0.94,0.87,0,Average,1,4,0
S04247,Female,Computer Science,EntranceExam,1.7,1.81,2.63,2.43,2.14,130,2,0,0.69,0.82,2,Difficult,0,7,1
S04248,Female,Information Security,DirectAdmission,3.53,3.12,2.96,3.13,3.18,130,0,0,0.9,0.72,1,Average,1,4,0
S04249,Female,Automation,EntranceExam,3.25,2.83,3.19,3.28,3.14,140,1,0,0.98,0.85,0,Stable,1,4,1
S04250,Female,Multimedia Communication,EntranceExam,2.88,2.59,3.06,2.78,2.83,125,4,0,0.74,0.61,2,Difficult,0,6,1
S04251,Male,Business Administration,EntranceExam,2.35,3.25,2.57,3.05,2.8,120,0,0,0.88,1,4,Stable,1,4,0
S04252,Male,Multimedia Communication,EntranceExam,2.54,2.76,2.59,2.89,2.7,125,0,0,0.89,0.78,1,Average,1,4,0
S04253,Female,Information Security,EntranceExam,3.08,2.94,2.99,2.88,2.97,130,0,1,0.84,0.97,3,Average,1,4,0
S04254,Male,Artificial Intelligence,EntranceExam,2.79,2.61,2.77,2.77,2.74,130,0,0,0.92,0.63,2,Stable,1,4,0
S04255,Female,E-commerce,EntranceExam,2.46,2.7,3.3,3.11,2.89,125,0,0,0.88,1,2,Average,1,4,1
S04256,Male,Automation,EntranceExam,3.16,3.39,3.09,3.53,3.29,140,0,0,0.8,0.79,0,Average,1,4,1
S04257,Female,Multimedia Communication,EntranceExam,2.36,2.73,2.07,2.01,2.29,125,0,0,0.86,0.88,5,Average,1,4,0
S04258,Female,Information Technology,DirectAdmission,2.66,2.82,2.19,2.66,2.58,130,1,1,0.94,0.73,0,Average,1,4,1
S04259,Male,Computer Science,EntranceExam,2.85,2.57,2.27,1.82,2.38,130,0,0,0.87,0.69,2,Average,1,4,0
S04260,Male,Multimedia Communication,EntranceExam,1.63,1.6,1.92,1.88,1.76,125,6,0,0.96,0.7,3,Average,0,7,0
S04261,Female,Information Technology,DirectAdmission,2.15,2.51,2.23,2.72,2.4,130,0,0,0.93,0.89,4,Stable,1,4,1
S04262,Female,Automation,EntranceExam,1.95,2.67,2.14,2.46,2.3,140,0,0,0.93,0.79,1,Average,1,4,1
S04263,Male,Marketing,EntranceExam,1.96,2.21,2.16,1.93,2.06,120,2,1,0.93,1,0,Stable,0,5,0
S04264,Female,Business Administration,DirectAdmission,3.2,2.89,2.71,3.37,3.04,120,0,0,0.97,0.65,3,Average,1,4,1
S04265,Male,Marketing,EntranceExam,3.16,3.23,3.08,3.02,3.12,120,0,0,0.87,0.71,5,Stable,1,4,1
S04266,Female,Multimedia Communication,EntranceExam,3.59,3.46,3.36,2.87,3.32,125,0,0,0.97,0.85,0,Stable,1,4,0
S04267,Male,Multimedia Technology,DirectAdmission,2.31,3.11,3.08,2.82,2.83,125,0,0,0.9,0.91,2,Difficult,1,4,0
S04268,Male,Game Design and Development,EntranceExam,2.81,2.87,2.52,2.31,2.63,140,1,1,0.82,1,1,Stable,1,4,0
S04269,Female,Marketing,EntranceExam,1.47,1.69,1.62,2.2,1.74,120,8,0,0.78,0.84,2,Difficult,0,7,1
S04270,Female,Information Technology,EntranceExam,2.46,2.58,2.64,2.32,2.5,130,4,0,0.8,0.74,2,Average,0,5,1
S04271,Female,Game Design and Development,DirectAdmission,2.06,1.59,1.68,1.86,1.8,140,5,1,0.87,0.81,0,Stable,0,8,1
S04272,Female,Business Administration,EntranceExam,3.25,2.99,3.11,3.08,3.11,120,0,0,0.95,0.84,0,Average,1,4,1
S04273,Female,Accounting,EntranceExam,2.57,2.31,3.21,3.02,2.78,130,1,0,0.93,0.83,0,Stable,1,4,1
S04274,Female,Business Administration,EntranceExam,1.82,2.58,1.69,2.3,2.1,120,1,0,0.84,0.87,1,Stable,1,4,1
S04275,Female,Multimedia Technology,EntranceExam,2.56,2.49,2.22,2.38,2.41,125,3,0,0.83,0.68,5,Stable,0,6,1
S04276,Male,Accounting,DirectAdmission,2.99,3.01,3.22,3.77,3.25,130,0,1,0.8,0.78,1,Average,1,4,1
S04277,Female,Game Design and Development,EntranceExam,2.94,2.8,3.04,3.11,2.97,140,0,0,0.87,0.7,1,Stable,1,4,1
S04278,Female,Multimedia Communication,DirectAdmission,2.21,2.22,2.53,2.3,2.31,125,4,0,0.94,0.79,1,Average,0,5,1
S04279,Female,Artificial Intelligence,EntranceExam,2.48,3.18,3.14,2.95,2.94,130,0,0,1,0.79,1,Stable,1,4,1
S04280,Female,Accounting,EntranceExam,2.08,3.2,3.03,3.44,2.94,130,0,0,0.87,0.87,4,Difficult,1,4,1
S04281,Female,Information Technology,EntranceExam,3.13,2.94,3.48,3.06,3.15,130,0,0,0.84,0.85,4,Stable,1,4,0
S04282,Female,Financial Technology (Fintech),EntranceExam,2.5,2.34,2.35,2.31,2.38,130,2,0,1,0.93,1,Stable,1,4,1
S04283,Female,Journalism,DirectAdmission,3.07,3.2,2.75,2.91,2.98,120,0,0,0.93,0.92,1,Stable,1,4,0
S04284,Male,Artificial Intelligence,EntranceExam,1.81,2.04,2.31,2.12,2.07,130,4,0,0.88,0.87,2,Difficult,0,5,0
S04285,Male,Information Technology,EntranceExam,2.21,2.83,2.43,3.34,2.7,130,0,1,1,0.59,1,Stable,1,4,0
S04286,Female,Information Technology,EntranceExam,3.06,2.77,3.55,2.91,3.07,130,0,0,0.84,0.7,2,Average,1,4,0
S04287,Male,Marketing,EntranceExam,2.11,2.34,2.24,2.12,2.2,120,0,0,0.89,1,0,Stable,1,4,0
S04288,Female,Multimedia Communication,DirectAdmission,2.32,2.83,2.79,2.51,2.61,125,2,0,0.92,0.72,1,Average,1,4,1
S04289,Male,Computer Science,EntranceExam,2.35,2.71,2.66,2.58,2.58,130,4,0,0.86,0.83,1,Difficult,0,6,0
S04290,Male,Automation,EntranceExam,2.79,2.93,3.7,3.29,3.18,140,0,0,0.93,0.84,1,Stable,1,4,1
S04291,Female,Automation,EntranceExam,3.75,4,4,4,3.94,140,0,0,1,0.89,0,Stable,1,4,1
S04292,Female,Financial Technology (Fintech),EntranceExam,3.25,3.34,3.3,2.91,3.2,130,0,0,0.8,0.72,1,Average,1,4,0
S04293,Male,Business Administration,EntranceExam,2.61,2.91,2.61,2.07,2.55,120,1,0,0.89,0.63,2,Stable,1,4,0
S04294,Female,Marketing,EntranceExam,2.68,2.43,3.07,2.19,2.59,120,1,0,0.91,0.76,1,Average,1,4,1
S04295,Female,Journalism,EntranceExam,2.69,2.6,2.7,2.65,2.66,120,0,0,0.97,0.94,3,Stable,1,4,0
S04296,Female,Artificial Intelligence,EntranceExam,2.56,2.67,2.04,2.89,2.54,130,4,0,0.7,0.66,2,Difficult,0,5,1
S04297,Female,Financial Technology (Fintech),EntranceExam,3.27,3.23,2.88,3.24,3.16,130,4,1,0.85,0.79,0,Difficult,0,7,0
S04298,Female,Information Technology,EntranceExam,2.17,2.5,2.5,2.65,2.46,130,0,0,0.94,0.81,5,Average,1,4,1
S04299,Female,Information Technology,DirectAdmission,2.81,2.67,2.43,2.07,2.5,130,2,0,0.81,0.65,1,Stable,0,6,1
S04300,Male,Computer Science,DirectAdmission,2.53,2.83,2.87,2.78,2.75,130,0,0,0.83,0.95,0,Average,1,4,0
S04301,Female,Multimedia Technology,EntranceExam,1.77,2.05,2.09,1.64,1.89,125,5,0,0.85,1,0,Difficult,0,5,1
S04302,Male,Computer Science,EntranceExam,2.85,3.11,2.92,3.16,3.01,130,0,0,0.96,0.67,3,Stable,1,4,0
S04303,Male,Information Technology,EntranceExam,2.28,1.94,1.94,1.63,1.95,130,4,0,0.8,0.78,1,Average,0,8,0
S04304,Female,Information Technology,DirectAdmission,3.19,2.67,2.42,2.93,2.8,130,0,0,0.95,0.94,1,Stable,1,4,1
S04305,Male,E-commerce,DirectAdmission,2.23,2.13,2.23,2.64,2.31,125,1,0,0.95,0.96,0,Stable,1,4,0
S04306,Male,Multimedia Technology,DirectAdmission,2.32,1.79,1.59,1.74,1.86,125,6,0,0.88,0.78,3,Stable,0,5,0
S04307,Female,Marketing,EntranceExam,2.26,1.96,2.78,2.69,2.42,120,4,0,0.87,0.79,0,Average,0,5,1
S04308,Male,Financial Technology (Fintech),EntranceExam,2.19,2.39,2.09,2.69,2.34,130,1,0,0.81,0.93,2,Stable,1,4,0
S04309,Male,Multimedia Technology,EntranceExam,2.08,1.98,2.43,2.42,2.23,125,2,0,0.79,0.7,1,Average,0,8,0
S04310,Female,Accounting,EntranceExam,3.11,3.13,2.63,3.6,3.12,130,0,0,0.88,0.92,2,Average,1,4,0
S04311,Female,Automation,EntranceExam,3.24,3.01,3.44,3.54,3.31,140,0,0,0.84,0.71,0,Average,1,4,0
S04312,Male,Marketing,EntranceExam,1.81,2.25,2.33,2.61,2.25,120,2,0,0.76,0.67,0,Stable,0,5,0
S04313,Female,Information Technology,EntranceExam,1.8,2.37,2.5,2.56,2.31,130,0,0,0.89,0.99,0,Stable,1,4,1
S04314,Female,Information Technology,DirectAdmission,2.81,2.93,3.44,3.22,3.1,130,0,0,0.92,1,1,Stable,1,4,0
S04315,Male,Computer Science,EntranceExam,2.77,2.75,3.05,2.78,2.84,130,0,0,0.97,0.74,7,Stable,1,4,0
S04316,Female,Multimedia Communication,EntranceExam,2.58,3.44,2.64,3.69,3.09,125,0,0,0.89,0.79,0,Average,1,4,1
S04317,Female,Information Technology,EntranceExam,3.13,2.48,3.34,3.13,3.02,130,0,1,0.93,0.73,3,Stable,1,4,0
S04318,Male,Multimedia Technology,EntranceExam,2.19,2.15,1.79,1.95,2.02,125,4,0,0.89,0.92,0,Average,0,7,0
S04319,Female,Marketing,DirectAdmission,1.68,2.07,2.08,1.56,1.85,120,5,0,0.89,0.91,1,Stable,0,7,0
S04320,Male,Business Administration,EntranceExam,1.31,1.09,1.06,1.61,1.27,120,3,2,0.89,0.89,1,Average,0,7,0
S04321,Female,Computer Science,EntranceExam,2.36,2.86,3.27,3.3,2.95,130,0,0,0.93,0.82,3,Average,1,4,0
S04322,Female,Information Technology,EntranceExam,2.29,3.12,3.44,2.48,2.83,130,2,1,0.84,0.9,2,Difficult,0,7,1
S04323,Male,Marketing,EntranceExam,2.13,2.03,2.6,2.68,2.36,120,1,1,0.84,0.93,1,Stable,0,6,0
S04324,Female,Information Technology,EntranceExam,0.62,0.97,1.48,1.31,1.1,130,6,0,0.85,0.89,1,Average,0,8,0
S04325,Female,Notary Relations,EntranceExam,2.11,2.09,2.3,2.65,2.29,125,0,0,0.93,0.76,2,Stable,1,4,1
S04326,Female,Computer Science,DirectAdmission,1.72,1.5,1.87,2.25,1.84,130,4,0,0.87,0.88,0,Stable,0,6,1
S04327,Male,E-commerce,EntranceExam,1.51,1.43,1.6,1.78,1.58,125,2,0,0.79,0.73,1,Difficult,0,6,0
S04328,Female,Information Technology,EntranceExam,3.38,3.65,2.83,3.11,3.24,130,0,1,0.98,0.67,2,Stable,1,4,0
S04329,Female,Journalism,EntranceExam,2.13,2.64,2.31,1.65,2.18,120,2,0,0.81,0.89,2,Stable,0,8,1
S04330,Male,Computer Science,EntranceExam,1.94,2.2,1.92,2.21,2.07,130,2,0,0.96,0.71,0,Average,0,5,0
S04331,Male,Computer Science,EntranceExam,2.36,2.28,1.7,1.59,1.98,130,1,0,0.83,0.94,0,Average,0,5,0
S04332,Female,Marketing,EntranceExam,2.19,2.65,3.06,2.63,2.63,120,0,0,0.73,0.72,3,Stable,0,8,1
S04333,Female,Information Security,EntranceExam,1.49,1.53,1.28,1.51,1.45,130,7,0,0.86,0.73,3,Difficult,0,5,0
S04334,Female,Multimedia Technology,EntranceExam,2.1,2.47,3.19,3.2,2.74,125,2,1,0.84,0.82,1,Stable,0,5,0
S04335,Female,Information Technology,DirectAdmission,2.04,2.26,1.74,2.13,2.04,130,2,0,0.85,0.85,2,Stable,1,4,1
S04336,Female,E-commerce,EntranceExam,2.18,2.45,2.57,2.74,2.49,125,0,0,0.77,0.86,1,Average,0,5,1
S04337,Male,Game Design and Development,EntranceExam,2.91,3.06,3.25,3.33,3.14,140,0,0,0.8,0.72,1,Stable,1,4,1
S04338,Female,Information Technology,DirectAdmission,2.71,2.6,2.75,2.45,2.63,130,1,0,0.84,0.69,3,Average,1,4,1
S04339,Female,Information Technology,EntranceExam,1.91,1.77,1.55,2.22,1.86,130,5,0,0.66,0.8,3,Average,0,8,1
S04340,Female,Multimedia Communication,EntranceExam,2.35,2.29,2.91,2.82,2.59,125,0,0,1,0.93,2,Average,1,4,1
S04341,Male,Multimedia Communication,EntranceExam,2.06,2.13,2.39,2.63,2.3,125,0,0,0.91,0.93,2,Stable,1,4,0
S04342,Female,Multimedia Communication,EntranceExam,1.6,1.61,2.57,2.25,2.01,125,5,0,0.76,0.72,2,Average,0,6,1
S04343,Female,Information Security,DirectAdmission,1.21,1.13,2.43,1.38,1.54,130,11,0,0.81,0.87,3,Stable,0,6,1
S04344,Male,Multimedia Technology,EntranceExam,2.44,2.57,2.51,2.3,2.46,125,2,1,0.84,0.82,0,Stable,0,5,0
S04345,Male,Automation,DirectAdmission,2.48,2.54,2.67,3.37,2.76,140,0,0,0.81,0.91,0,Stable,1,4,0
S04346,Female,Computer Science,EntranceExam,2.12,2.76,2.62,2.65,2.54,130,2,0,0.78,0.89,6,Difficult,0,6,1
S04347,Female,Journalism,DirectAdmission,2.57,2.29,2.45,2.15,2.36,120,0,0,0.94,1,2,Stable,1,4,1
S04348,Female,Marketing,DirectAdmission,1.38,1.4,2.25,2.29,1.83,120,5,1,0.75,0.75,1,Stable,0,6,1
S04349,Female,Information Security,DirectAdmission,2.01,1.61,1.91,2.26,1.95,130,1,1,0.75,0.79,0,Average,0,5,1
S04350,Female,Financial Technology (Fintech),EntranceExam,1.68,2.09,2.34,2.21,2.08,130,2,0,0.8,0.74,3,Difficult,0,6,1
S04351,Male,Information Technology,DirectAdmission,2.92,2.74,3.06,2.88,2.9,130,0,0,0.81,0.92,4,Average,1,4,0
S04352,Male,Marketing,EntranceExam,1.2,1.24,1.15,1,1.15,120,6,0,0.91,0.63,0,Average,0,6,0
S04353,Male,Artificial Intelligence,DirectAdmission,2.41,2.97,3.14,2.95,2.87,130,1,0,0.8,0.82,1,Stable,1,4,0
S04354,Male,Information Security,EntranceExam,2.03,2.21,2.01,2.23,2.12,130,0,0,0.84,0.83,1,Average,0,6,0
S04355,Male,Multimedia Communication,DirectAdmission,1.89,2.65,2.23,1.81,2.14,125,2,0,0.72,0.72,1,Stable,0,8,0
S04356,Female,Automation,DirectAdmission,2.9,2.8,3,3.07,2.94,140,0,0,0.86,0.92,2,Stable,1,4,1
S04357,Male,Automation,EntranceExam,2.67,2.5,2.14,2.55,2.46,140,2,0,0.94,0.79,1,Average,0,5,0
S04358,Male,Multimedia Communication,EntranceExam,1.92,1.9,1.56,1.25,1.66,125,7,0,0.94,0.9,2,Stable,0,5,0
S04359,Female,Computer Science,EntranceExam,2.98,2.73,3,2.2,2.73,130,0,0,0.86,0.81,2,Stable,1,4,0
S04360,Male,Multimedia Technology,EntranceExam,3.7,3.52,3.57,3.21,3.5,125,1,0,0.95,0.66,0,Average,1,4,1
S04361,Male,Journalism,EntranceExam,1.88,2.14,2.4,1.57,2,120,3,0,0.87,0.64,0,Stable,0,5,0
S04362,Female,E-commerce,EntranceExam,2.63,2.56,2.67,2.56,2.6,125,0,0,0.91,0.91,1,Stable,1,4,1
S04363,Female,Information Security,EntranceExam,1.89,1.89,2.37,2.36,2.13,130,5,0,0.97,0.93,0,Average,0,6,1
S04364,Female,Information Security,DirectAdmission,2.59,2.72,2.67,2.18,2.54,130,0,0,0.82,0.91,2,Stable,1,4,1
S04365,Male,E-commerce,EntranceExam,2.29,2.28,2.65,2.48,2.43,125,0,0,0.85,1,4,Stable,1,4,0
S04366,Female,Game Design and Development,EntranceExam,1.61,1.88,1.75,1.89,1.78,140,10,0,0.8,0.7,1,Stable,0,5,0
S04367,Female,Artificial Intelligence,EntranceExam,2.07,2.62,2.39,1.89,2.24,130,2,0,0.82,1,1,Stable,1,4,1
S04368,Female,Business Administration,EntranceExam,1.78,1.3,1.65,2.08,1.7,120,5,1,0.79,0.86,1,Average,0,5,1
S04369,Male,E-commerce,EntranceExam,2.76,3.3,3.04,2.24,2.84,125,0,0,0.95,0.92,4,Stable,1,4,1
S04370,Male,Computer Science,EntranceExam,2.3,2.43,1.9,2.44,2.27,130,3,0,0.87,0.82,2,Stable,1,4,0
S04371,Male,Artificial Intelligence,EntranceExam,2.98,3.54,3.05,3.73,3.32,130,0,0,0.84,0.75,3,Stable,1,4,1
S04372,Male,Multimedia Technology,EntranceExam,2.83,3.07,2.58,2.33,2.7,125,1,0,0.83,0.78,1,Stable,1,4,0
S04373,Female,Multimedia Communication,EntranceExam,2.39,2.7,2.46,2.83,2.6,125,7,0,0.76,0.75,2,Difficult,0,8,1
S04374,Male,Business Administration,EntranceExam,3.25,3,3.38,3.64,3.32,120,0,0,0.95,0.72,1,Average,1,4,1
S04375,Female,Information Technology,EntranceExam,2.78,2.6,2.17,2.54,2.52,130,1,0,0.92,0.74,2,Stable,1,4,1
S04376,Male,Business Administration,EntranceExam,2.48,2.06,2.5,2.71,2.44,120,1,0,0.87,0.65,1,Stable,0,8,0
S04377,Female,Information Technology,EntranceExam,1.88,2.27,1.96,2.57,2.17,130,4,1,0.84,0.88,1,Stable,0,8,1
S04378,Male,Information Security,EntranceExam,2.31,3.09,2.7,2.69,2.7,130,2,0,0.76,0.83,1,Difficult,0,5,0
S04379,Male,Automation,EntranceExam,3.22,2.74,3,2.49,2.86,140,0,0,0.82,0.92,3,Stable,1,4,0
S04380,Female,Game Design and Development,EntranceExam,2.2,2.31,2.31,2.48,2.33,140,0,0,1,0.85,2,Stable,1,4,1
S04381,Male,Artificial Intelligence,EntranceExam,3.07,3.42,2.96,2.91,3.09,130,0,0,0.85,0.58,1,Stable,1,4,0
S04382,Female,Multimedia Communication,EntranceExam,2.09,2.23,1.99,1.92,2.06,125,0,0,0.92,0.73,1,Stable,1,4,0
S04383,Male,Computer Science,DirectAdmission,2.63,2.73,2.8,2.27,2.61,130,1,0,0.85,0.88,3,Stable,1,4,0
S04384,Female,Multimedia Communication,EntranceExam,1.51,1.73,0.97,1.79,1.5,125,6,0,0.68,0.78,0,Stable,0,5,1
S04385,Male,Computer Science,EntranceExam,1.71,1.88,1.21,1.59,1.6,130,9,0,0.79,0.93,2,Stable,0,5,0
S04386,Female,Artificial Intelligence,EntranceExam,1.5,2.03,2.59,0.87,1.75,130,8,0,0.78,0.68,0,Stable,0,5,0
S04387,Male,Financial Technology (Fintech),EntranceExam,2.41,2.97,2.8,2.24,2.6,130,6,0,0.68,0.82,0,Stable,0,6,0
S04388,Female,Information Security,EntranceExam,2.95,3.52,3.39,3.68,3.38,130,0,0,0.84,0.78,1,Average,1,4,0
S04389,Male,Marketing,EntranceExam,1.35,1.72,2.16,2.05,1.82,120,4,0,0.95,0.92,2,Stable,0,6,0
S04390,Female,Artificial Intelligence,DirectAdmission,2.28,2.02,2.38,2.01,2.17,130,3,0,0.95,0.86,0,Difficult,0,5,1
S04391,Female,Information Security,EntranceExam,2.59,2.53,2.88,3.35,2.84,130,3,0,0.82,0.65,0,Stable,1,4,0
S04392,Male,Artificial Intelligence,EntranceExam,2.46,2.9,2.9,2.27,2.63,130,2,0,0.83,0.76,2,Difficult,0,6,0
S04393,Male,Information Technology,DirectAdmission,2.77,2.8,2.81,3.09,2.87,130,0,0,0.85,0.75,3,Stable,1,4,0
S04394,Female,Computer Science,DirectAdmission,1.81,2.17,2.18,1.78,1.98,130,4,0,0.91,0.91,0,Average,0,5,1
S04395,Female,E-commerce,EntranceExam,3.85,3.65,3.34,3.54,3.6,125,1,0,0.88,0.88,0,Stable,1,4,0
S04396,Female,Multimedia Technology,DirectAdmission,2.25,2.25,2.45,2.91,2.46,125,3,0,0.84,0.8,0,Average,1,4,1
S04397,Male,Accounting,EntranceExam,0.77,0.97,1.53,0.5,0.94,130,8,0,0.94,0.95,3,Average,0,5,0
S04398,Male,Information Security,DirectAdmission,1.44,2.18,1.81,2.21,1.91,130,1,0,0.97,0.91,2,Stable,1,4,0
S04399,Female,Information Security,EntranceExam,2.52,2.7,2.99,2.55,2.69,130,1,0,0.95,0.82,2,Stable,1,4,1
S04400,Female,Notary Relations,EntranceExam,2.12,2.11,2.43,2.6,2.32,125,1,0,0.77,0.89,0,Average,0,5,0
S04401,Male,E-commerce,EntranceExam,1.88,2.9,2.52,2.74,2.51,125,1,0,1,0.85,1,Stable,1,4,0
S04402,Male,Information Security,DirectAdmission,2.93,3.54,3.17,3.09,3.18,130,0,1,0.89,0.85,2,Stable,1,4,1
S04403,Male,Information Security,EntranceExam,3.17,3.43,3.65,3.16,3.35,130,0,0,0.91,0.69,1,Average,1,4,1
S04404,Female,Marketing,EntranceExam,2.17,2.46,2.38,2.4,2.35,120,1,0,0.93,0.97,1,Stable,1,4,1
S04405,Female,Automation,EntranceExam,1.51,2.03,2.24,2.44,2.06,140,4,0,0.87,0.68,1,Average,0,5,1
S04406,Female,Accounting,EntranceExam,2.55,2.24,2.9,2.48,2.54,130,0,0,0.85,0.87,2,Stable,0,7,0
S04407,Female,Information Technology,EntranceExam,1.41,2.27,1.94,2.4,2,130,3,0,0.73,0.68,2,Average,0,6,1
S04408,Female,Game Design and Development,EntranceExam,2.34,2.04,2.48,2.75,2.4,140,0,0,0.88,0.76,0,Stable,1,4,1
S04409,Female,Business Administration,EntranceExam,2.97,2.78,2.52,2.83,2.78,120,0,0,1,0.87,1,Stable,1,4,1
S04410,Male,Multimedia Communication,EntranceExam,2.25,2.26,2.78,2.88,2.54,125,0,0,0.97,0.82,1,Stable,1,4,0
S04411,Female,Information Technology,DirectAdmission,1.85,2.59,2.54,2.42,2.35,130,4,0,0.72,0.78,2,Stable,0,6,1
S04412,Female,Information Technology,EntranceExam,2.12,2.7,2.35,1.93,2.28,130,1,0,0.79,0.78,1,Stable,0,6,1
S04413,Male,Automation,DirectAdmission,2.15,2.71,2.16,2.36,2.34,140,3,0,0.76,0.69,2,Stable,0,7,0
S04414,Male,Information Technology,EntranceExam,2.27,2.46,3.35,2.58,2.66,130,1,0,0.94,1,2,Stable,1,4,0
S04415,Male,Automation,EntranceExam,2.38,2.22,2.27,2.42,2.32,140,6,0,0.82,0.86,2,Average,0,5,0
S04416,Male,Multimedia Technology,EntranceExam,1.82,1.84,1.35,1.8,1.7,125,5,0,0.86,0.64,3,Stable,0,6,0
S04417,Female,Artificial Intelligence,DirectAdmission,2.84,3.11,3.12,2.56,2.91,130,0,0,0.93,0.97,2,Stable,1,4,0
S04418,Male,Accounting,EntranceExam,2.05,2.39,2.39,1.93,2.19,130,3,0,0.78,0.78,6,Difficult,0,5,0
S04419,Female,Information Security,EntranceExam,3.45,2.83,3.29,2.58,3.04,130,0,0,0.82,0.72,2,Average,1,4,0
S04420,Female,Computer Science,EntranceExam,1.9,1.56,1.97,1.42,1.71,130,4,0,0.87,1,1,Average,0,5,0
S04421,Female,Financial Technology (Fintech),DirectAdmission,2.83,2.88,2.55,3.08,2.84,130,1,0,0.98,0.75,2,Stable,1,4,1
S04422,Female,Financial Technology (Fintech),DirectAdmission,2.9,3,3.37,3.01,3.07,130,0,0,0.92,1,0,Stable,1,4,0
S04423,Male,Artificial Intelligence,EntranceExam,2.94,3.19,3.05,2.66,2.96,130,0,0,0.85,0.62,0,Stable,1,4,0
S04424,Female,Marketing,EntranceExam,2.51,3.15,2.19,2.95,2.7,120,0,0,0.84,0.64,2,Stable,1,4,1
S04425,Female,Information Technology,EntranceExam,2.25,2.78,2.66,3.56,2.81,130,0,0,0.88,0.7,2,Stable,1,4,1
S04426,Female,Information Technology,DirectAdmission,2.04,1.32,1.9,2.19,1.86,130,2,0,0.71,0.82,0,Difficult,0,6,0
S04427,Male,Computer Science,DirectAdmission,2.13,2.19,2.21,2.58,2.28,130,2,0,0.87,0.9,1,Average,0,6,0
S04428,Male,Accounting,EntranceExam,2.97,2.39,2.82,2.83,2.75,130,1,0,0.82,0.96,0,Average,1,4,0
S04429,Female,Game Design and Development,EntranceExam,2.43,2.71,2.65,2.36,2.54,140,0,0,1,0.8,0,Average,1,4,1
S04430,Female,Information Technology,DirectAdmission,2.79,3.06,3.52,3.59,3.24,130,0,1,0.85,0.88,1,Stable,1,4,0
S04431,Male,Information Technology,EntranceExam,1.85,1.67,1.88,2.32,1.93,130,3,0,0.83,0.9,1,Stable,0,7,0
S04432,Male,Information Technology,DirectAdmission,1.96,2.61,2.68,2.22,2.37,130,2,0,0.89,0.77,0,Stable,1,4,0
S04433,Male,Game Design and Development,EntranceExam,2.15,2.5,2.8,2.51,2.49,140,0,0,0.9,0.66,0,Stable,1,4,0
S04434,Male,Computer Science,EntranceExam,2.78,2.74,3.07,2.85,2.86,130,0,0,0.91,0.84,0,Stable,1,4,0
S04435,Male,Multimedia Communication,EntranceExam,2.7,2.6,2.82,2.94,2.76,125,1,0,0.83,0.8,2,Stable,1,4,0
S04436,Female,E-commerce,EntranceExam,1.86,1.39,1.82,2.39,1.87,125,2,1,0.93,0.82,0,Average,0,6,0
S04437,Male,Computer Science,EntranceExam,3.22,3.12,3.72,3.54,3.4,130,0,0,0.98,0.7,1,Stable,1,4,1
S04438,Male,Information Technology,EntranceExam,1.73,1.34,1.88,1.9,1.71,130,3,2,0.81,0.74,1,Difficult,0,7,0
S04439,Male,Information Technology,EntranceExam,1.68,2.82,1.42,2.03,1.99,130,1,0,0.83,0.78,0,Average,0,5,0
S04440,Male,Information Technology,EntranceExam,2.91,2.54,3,3.18,2.91,130,0,0,0.81,0.69,1,Stable,1,4,0
S04441,Male,Business Administration,EntranceExam,1.89,1.97,2.14,1.85,1.96,120,5,0,0.83,0.74,3,Stable,0,5,0
S04442,Male,Marketing,DirectAdmission,2.84,3.16,2.37,2.72,2.77,120,4,0,0.81,0.97,1,Average,0,6,0
S04443,Male,Marketing,EntranceExam,2.79,2.81,2.5,2.56,2.66,120,0,0,0.81,0.93,0,Average,1,4,0
S04444,Male,Notary Relations,EntranceExam,2.06,2.3,2.37,2.22,2.24,125,3,0,0.77,0.99,1,Stable,0,7,0
S04445,Female,Multimedia Technology,EntranceExam,3.08,2.91,3.22,3.28,3.12,125,0,0,0.81,1,1,Average,1,4,0
S04446,Female,Game Design and Development,EntranceExam,1.99,2.62,2.34,2.24,2.3,140,4,0,0.83,0.8,4,Stable,0,5,1
S04447,Male,Financial Technology (Fintech),EntranceExam,1.82,1.56,1.51,2.62,1.88,130,4,0,0.93,0.68,1,Stable,0,6,0
S04448,Male,Computer Science,EntranceExam,2.25,2.05,2.69,2.74,2.43,130,4,0,0.92,0.8,1,Average,0,5,0
S04449,Male,Information Technology,DirectAdmission,2.32,3.03,2.78,2.49,2.66,130,0,0,0.84,1,2,Average,1,4,0
S04450,Male,Financial Technology (Fintech),EntranceExam,2.53,2.44,2.55,2.58,2.52,130,1,1,0.78,0.83,2,Stable,0,8,0
S04451,Male,Computer Science,EntranceExam,2.44,2.39,2.84,2.81,2.62,130,6,0,0.71,0.74,2,Difficult,0,7,0
S04452,Male,Financial Technology (Fintech),EntranceExam,2.35,1.92,2.97,3.43,2.67,130,0,0,0.8,0.75,0,Stable,1,4,0
S04453,Female,Multimedia Communication,EntranceExam,3.8,3.6,4,4,3.85,125,1,0,0.94,0.7,1,Average,1,4,0
S04454,Male,Automation,EntranceExam,2.23,1.81,2.54,1.37,1.99,140,3,0,0.85,0.77,1,Stable,0,7,0
S04455,Male,Game Design and Development,EntranceExam,2.94,2.6,2.41,3.28,2.81,140,0,0,0.83,1,0,Stable,1,4,0
S04456,Female,Financial Technology (Fintech),EntranceExam,2.07,2.51,2.24,2.31,2.28,130,0,0,0.92,0.87,2,Stable,1,4,1
S04457,Male,Information Technology,EntranceExam,3.13,3.71,3.35,3.23,3.36,130,0,0,0.89,0.83,0,Average,1,4,1
S04458,Female,Marketing,EntranceExam,2.1,2.63,2.3,2.14,2.29,120,2,0,0.79,0.78,2,Difficult,0,6,1
S04459,Female,Information Technology,EntranceExam,2.23,2.15,2.2,2.34,2.23,130,1,0,1,0.88,2,Stable,1,4,1
S04460,Female,Computer Science,DirectAdmission,1.69,2.04,1.66,1.65,1.76,130,2,1,0.87,0.91,1,Average,0,7,0
S04461,Male,Business Administration,EntranceExam,2.21,3.17,2.26,3.22,2.72,120,1,0,0.81,0.98,2,Average,1,4,0
S04462,Female,Artificial Intelligence,EntranceExam,1.55,2,1.95,1.53,1.76,130,9,0,0.88,0.78,2,Stable,0,8,1
S04463,Female,Computer Science,EntranceExam,2.3,2.48,2.16,2.63,2.39,130,1,1,0.93,0.75,2,Difficult,0,5,1
S04464,Female,E-commerce,EntranceExam,2.64,3.04,2.9,2.85,2.86,125,0,0,0.84,0.89,2,Average,1,4,1
S04465,Female,E-commerce,EntranceExam,2.33,2.12,1.92,2.21,2.14,125,4,1,0.82,0.8,5,Average,0,5,1
S04466,Male,Journalism,EntranceExam,2.33,2.77,2.8,2.38,2.57,120,0,0,0.87,0.74,0,Average,1,4,0
S04467,Male,Game Design and Development,EntranceExam,3.04,2.95,2.97,2.29,2.81,140,0,0,0.98,0.87,6,Stable,1,4,1
S04468,Female,Notary Relations,EntranceExam,1.75,2.15,2.02,2.9,2.2,125,2,0,0.87,0.75,1,Difficult,0,5,1
S04469,Male,Accounting,EntranceExam,1.38,2.22,1.64,1.93,1.79,130,6,0,0.94,0.86,2,Stable,1,4,0
S04470,Female,Information Security,EntranceExam,2.81,2.82,2.16,3,2.7,130,0,0,0.9,1,1,Average,1,4,1
S04471,Male,Information Technology,EntranceExam,1.63,2.09,2.35,1.68,1.94,130,5,0,0.81,0.81,1,Stable,0,6,0
S04472,Male,Information Technology,EntranceExam,2.49,2.46,2.62,2.85,2.6,130,0,0,0.84,0.74,1,Stable,1,4,0
S04473,Female,Computer Science,DirectAdmission,2.35,1.95,1.92,2.69,2.23,130,1,0,0.93,0.82,1,Stable,1,4,1
S04474,Female,Information Technology,EntranceExam,3.45,3.66,4,3.87,3.74,130,0,0,0.84,1,1,Stable,1,4,0
S04475,Female,Accounting,EntranceExam,2.41,1.96,2.23,2.11,2.18,130,2,0,0.92,0.96,2,Average,1,4,1
S04476,Female,Accounting,EntranceExam,2.17,2.25,3.06,2.39,2.47,130,2,0,0.85,0.76,1,Average,0,5,1
S04477,Male,Journalism,EntranceExam,2.89,2.54,2.31,2.82,2.64,120,1,0,0.75,0.68,1,Difficult,0,5,0
S04478,Male,Multimedia Communication,EntranceExam,1.63,1.69,1.48,2.2,1.75,125,6,0,0.79,0.68,0,Stable,0,8,0
S04479,Male,Information Technology,EntranceExam,0.75,0.96,1.77,1.98,1.36,130,3,1,0.95,0.76,3,Stable,0,5,0
S04480,Male,Computer Science,EntranceExam,2.45,1.93,2.49,2.51,2.34,130,1,0,0.84,0.86,1,Stable,1,4,0
S04481,Female,Multimedia Communication,DirectAdmission,1.75,2.58,2.2,2.66,2.3,125,1,0,0.85,0.7,1,Stable,1,4,0
S04482,Female,Accounting,EntranceExam,3.44,3.25,3.47,3.65,3.45,130,1,0,0.85,0.84,1,Stable,1,4,0
S04483,Male,E-commerce,DirectAdmission,3.31,3.24,3.23,3.08,3.22,125,0,0,0.96,0.96,1,Stable,1,4,1
S04484,Male,Notary Relations,EntranceExam,2.66,2.76,2.45,3.22,2.77,125,1,0,0.87,0.86,0,Difficult,0,6,0
S04485,Female,Business Administration,EntranceExam,2.62,2.48,2.22,2.59,2.48,120,2,0,0.81,0.78,3,Average,0,7,1
S04486,Female,Artificial Intelligence,EntranceExam,2.39,1.77,1.8,2.59,2.14,130,2,0,0.84,0.9,2,Average,1,4,1
S04487,Male,Information Technology,EntranceExam,1.55,2.07,1.14,0.81,1.39,130,6,0,0.9,0.79,0,Stable,0,5,0
S04488,Female,Artificial Intelligence,EntranceExam,2.16,2.23,1.12,1.92,1.86,130,5,0,0.83,0.75,2,Stable,0,6,1
S04489,Male,E-commerce,EntranceExam,2.84,2.22,2.09,2.53,2.42,125,2,0,0.72,0.75,3,Stable,0,7,0
S04490,Female,Accounting,EntranceExam,2.13,2.2,2.4,1.76,2.12,130,4,0,0.83,0.77,5,Average,0,6,1
S04491,Female,E-commerce,EntranceExam,2.43,2.27,2.25,2.15,2.28,125,1,0,0.93,0.78,3,Average,0,5,1
S04492,Female,E-commerce,EntranceExam,2.54,2.04,2.59,2.74,2.48,125,2,0,0.67,0.78,4,Difficult,0,5,1
S04493,Female,Computer Science,EntranceExam,2.3,2.7,2.34,2.15,2.37,130,1,0,0.81,0.65,1,Stable,0,6,1
S04494,Male,Accounting,EntranceExam,1.93,1.5,1.96,1.29,1.67,130,5,0,0.84,0.82,1,Stable,0,5,0
S04495,Male,E-commerce,EntranceExam,3.52,3.82,4,3.42,3.69,125,0,0,0.85,0.95,2,Stable,1,4,1
S04496,Female,Artificial Intelligence,EntranceExam,2.61,3.32,3.01,2.47,2.85,130,1,0,0.8,0.77,2,Stable,1,4,1
S04497,Male,Business Administration,DirectAdmission,2.47,2.42,2.29,2.46,2.41,120,3,0,0.82,0.73,3,Stable,0,7,0
S04498,Female,Multimedia Communication,EntranceExam,2.34,2.65,2.18,2.68,2.46,125,3,0,0.96,0.85,1,Difficult,0,7,1
S04499,Female,Automation,DirectAdmission,3.16,2.51,3.07,3.05,2.95,140,0,0,0.87,0.76,3,Stable,1,4,0
S04500,Male,E-commerce,EntranceExam,2.26,2.56,2.45,2.76,2.51,125,0,0,0.97,0.75,1,Average,1,4,0
S04501,Male,Computer Science,EntranceExam,2.03,1.6,2.16,2.08,1.97,130,8,0,0.78,0.78,4,Average,0,6,0
S04502,Male,Game Design and Development,EntranceExam,1.68,2.13,2.27,2,2.02,140,3,0,0.8,0.78,1,Average,0,7,0
S04503,Male,Information Technology,EntranceExam,2.1,2.44,1.75,1.71,2,130,4,1,0.75,0.76,2,Difficult,0,8,0
S04504,Male,Marketing,EntranceExam,2.29,2.78,2.36,2.56,2.5,120,2,0,0.88,0.86,3,Stable,1,4,0
S04505,Female,Multimedia Technology,EntranceExam,3.36,3.65,3.02,3.32,3.34,125,1,0,0.85,0.73,1,Stable,1,4,1
S04506,Female,Computer Science,EntranceExam,3,3.01,2.28,2.57,2.72,130,0,0,1,0.92,1,Average,1,4,0
S04507,Female,Computer Science,EntranceExam,2.68,3.07,2.82,3.68,3.06,130,0,0,0.82,0.77,3,Stable,1,4,0
S04508,Male,Multimedia Technology,EntranceExam,2.71,2.93,3.02,2.34,2.75,125,0,0,0.89,0.95,2,Stable,1,4,0
S04509,Female,Automation,EntranceExam,2.16,2.58,2.48,2.69,2.48,140,0,0,1,0.86,3,Stable,1,4,1
S04510,Female,Multimedia Communication,EntranceExam,1.31,1.39,1.69,1.31,1.43,125,5,1,1,0.97,2,Stable,0,5,1
S04511,Female,Accounting,EntranceExam,2.7,2.4,1.93,2.12,2.29,130,1,0,0.92,0.84,1,Difficult,0,5,1
S04512,Male,Automation,EntranceExam,2.3,2.7,2.63,2.61,2.56,140,0,0,0.99,0.84,5,Average,1,4,0
S04513,Male,Computer Science,EntranceExam,1.79,2.63,2.54,2.46,2.36,130,3,0,1,0.71,2,Stable,0,5,0
S04514,Female,Computer Science,EntranceExam,2.21,2.32,2.48,3.06,2.52,130,4,0,0.91,0.96,2,Stable,1,4,1
S04515,Male,Artificial Intelligence,DirectAdmission,2.77,2.54,2.92,2.55,2.7,130,0,0,0.89,0.92,2,Stable,1,4,0
S04516,Male,Computer Science,EntranceExam,2.9,2.8,3,2.65,2.84,130,1,0,0.83,0.68,2,Difficult,0,8,0
S04517,Male,Journalism,EntranceExam,2.5,2.24,1.9,2.16,2.2,120,2,0,0.91,0.88,3,Stable,1,4,0
S04518,Male,Automation,EntranceExam,3.36,3.5,3.69,2.95,3.38,140,0,0,0.82,0.95,0,Stable,1,4,1
S04519,Male,E-commerce,EntranceExam,2.55,2.83,3.22,2.89,2.87,125,0,0,0.96,0.84,2,Stable,1,4,1
S04520,Female,E-commerce,EntranceExam,2.28,2.83,3.02,3.18,2.83,125,0,0,0.82,0.65,3,Stable,1,4,1
S04521,Female,Artificial Intelligence,EntranceExam,3.23,2.95,2.71,3.02,2.98,130,1,0,0.83,0.62,1,Stable,1,4,1
S04522,Female,Marketing,EntranceExam,1.64,1.41,2.32,2.08,1.86,120,8,0,0.74,0.7,2,Difficult,0,5,1
S04523,Male,Information Technology,DirectAdmission,2.11,2.55,2.49,2.24,2.35,130,1,0,0.72,0.63,3,Stable,0,7,0
S04524,Female,Artificial Intelligence,EntranceExam,2.43,2.47,2.82,2.72,2.61,130,0,0,0.98,0.83,4,Average,1,4,0
S04525,Male,Marketing,EntranceExam,2.48,2.59,2.06,2.61,2.44,120,1,0,0.78,0.85,0,Average,0,5,0
S04526,Male,Computer Science,EntranceExam,3.37,3.75,3.28,3.37,3.44,130,0,0,0.83,0.76,0,Difficult,1,4,1
S04527,Female,Artificial Intelligence,DirectAdmission,2.52,2.03,2.67,2.09,2.33,130,4,0,0.8,0.73,2,Average,0,6,1
S04528,Female,Information Security,EntranceExam,3.06,3.54,3.8,2.83,3.31,130,0,0,0.93,0.91,1,Average,1,4,0
S04529,Male,Information Security,EntranceExam,1.45,1.97,1.29,2.16,1.72,130,1,0,0.91,1,0,Stable,1,4,0
S04530,Male,Automation,DirectAdmission,1.62,2.23,2.05,1.61,1.88,140,3,0,1,0.82,0,Stable,0,5,0
S04531,Female,Information Security,EntranceExam,2.57,3.21,3.06,2.09,2.73,130,0,0,0.93,0.89,4,Stable,1,4,1
S04532,Male,Computer Science,DirectAdmission,3.17,3.87,3.13,3.32,3.37,130,1,0,0.94,0.98,2,Average,1,4,1
S04533,Male,E-commerce,DirectAdmission,3.34,3.58,3.58,3.07,3.39,125,0,0,0.9,0.91,1,Stable,1,4,1
S04534,Male,Journalism,EntranceExam,2.21,2.53,2.08,2.22,2.26,120,5,0,0.8,0.7,0,Stable,0,5,0
S04535,Female,Automation,EntranceExam,2.59,2.95,2.47,2.33,2.58,140,2,0,0.81,0.89,3,Difficult,0,5,0
S04536,Male,E-commerce,DirectAdmission,2.94,3,2.91,3.27,3.03,125,0,0,0.92,0.88,0,Stable,1,4,1
S04537,Female,Accounting,EntranceExam,2.75,2.27,2.62,2.49,2.53,130,1,0,0.83,0.81,1,Stable,1,4,1
S04538,Female,Automation,DirectAdmission,2.54,2.55,2.08,2.26,2.36,140,0,0,0.96,0.86,3,Average,1,4,1
S04539,Female,Journalism,EntranceExam,2.11,2.43,1.85,2.57,2.24,120,3,0,0.81,0.82,2,Difficult,0,7,1
S04540,Male,Multimedia Technology,EntranceExam,1.53,2.23,2.42,2.08,2.06,125,2,0,0.89,0.78,0,Stable,0,6,0
S04541,Female,Information Technology,EntranceExam,2.7,2.81,2.59,1.96,2.51,130,0,0,0.86,0.96,0,Stable,1,4,1
S04542,Female,Artificial Intelligence,DirectAdmission,2.41,2.63,2.47,1.71,2.3,130,4,0,0.79,0.73,1,Average,0,5,1
S04543,Male,Computer Science,EntranceExam,2.5,2.69,3.35,3.15,2.92,130,1,0,0.85,0.82,0,Average,1,4,0
S04544,Female,Multimedia Technology,DirectAdmission,1.98,2.53,2.21,1.98,2.17,125,1,0,0.83,0.94,0,Average,0,6,0
S04545,Female,Marketing,EntranceExam,1.53,1.97,2,1.47,1.74,120,4,1,0.9,0.96,1,Average,0,5,1
S04546,Female,Notary Relations,DirectAdmission,2.5,2.67,2.5,2.53,2.55,125,0,0,0.91,0.92,4,Difficult,0,6,1
S04547,Female,Notary Relations,EntranceExam,1.38,1.72,2.52,1.24,1.72,125,7,1,0.74,0.64,0,Difficult,0,6,1
S04548,Female,Accounting,EntranceExam,3.28,3.28,2.94,3.1,3.15,130,0,0,0.96,0.88,2,Average,1,4,0
S04549,Female,Artificial Intelligence,EntranceExam,3.18,2.45,2.5,2.77,2.72,130,0,0,0.83,0.82,2,Average,1,4,1
S04550,Male,Multimedia Technology,EntranceExam,2.52,2.96,2.27,2.64,2.6,125,0,0,0.92,1,3,Stable,1,4,0
S04551,Female,Multimedia Communication,EntranceExam,2.39,3.08,3.21,2.68,2.84,125,0,0,1,0.74,0,Stable,1,4,0
S04552,Female,Computer Science,DirectAdmission,2.19,1.92,2.1,2.66,2.22,130,2,1,0.94,0.79,1,Stable,0,8,1
S04553,Male,Business Administration,EntranceExam,2.94,3.38,3.27,3.01,3.15,120,0,0,0.99,1,3,Average,1,4,1
S04554,Female,Computer Science,EntranceExam,1.73,2.31,3.25,1.91,2.3,130,7,0,0.85,0.81,2,Average,0,7,1
S04555,Male,Information Technology,EntranceExam,1.76,2.18,2.12,2.38,2.11,130,3,0,0.79,0.67,5,Average,0,6,0
S04556,Female,Artificial Intelligence,EntranceExam,2.36,2.3,2.62,3.08,2.59,130,0,0,0.95,0.78,0,Average,1,4,1
S04557,Male,Automation,EntranceExam,2.33,2.45,2.49,3.33,2.65,140,1,0,0.83,0.76,3,Average,1,4,0
S04558,Female,Information Technology,EntranceExam,4,4,3.8,3.72,3.88,130,0,0,0.9,0.85,5,Stable,1,4,0
S04559,Male,Computer Science,EntranceExam,1.68,2.12,2.36,2.13,2.07,130,5,0,0.73,0.81,3,Difficult,0,5,0
S04560,Male,Game Design and Development,DirectAdmission,2.14,2.45,2.3,3.57,2.62,140,0,0,0.76,0.64,5,Difficult,0,5,0
S04561,Male,Information Technology,DirectAdmission,2.49,1.77,1.68,1.75,1.92,130,10,0,0.78,0.89,2,Average,0,7,0
S04562,Female,Information Technology,EntranceExam,2.66,2.49,2.56,2.46,2.54,130,4,0,0.72,0.6,3,Average,0,5,0
S04563,Female,Computer Science,EntranceExam,1.66,2.07,1.64,2.19,1.89,130,6,0,0.95,0.84,0,Stable,1,4,0
S04564,Female,Information Technology,EntranceExam,2.56,2.2,2.63,2.06,2.36,130,6,0,0.81,0.71,0,Difficult,0,5,1
S04565,Male,Automation,DirectAdmission,2.2,2.28,2.58,2.15,2.3,140,4,0,0.8,0.8,2,Average,0,5,0
S04566,Male,Accounting,EntranceExam,2.75,2.84,2.43,2.2,2.55,130,0,0,0.87,0.74,1,Stable,1,4,0
S04567,Female,Information Technology,DirectAdmission,2.83,3.29,3.78,2.91,3.2,130,0,0,0.99,1,3,Stable,1,4,0
S04568,Male,Information Technology,EntranceExam,1.96,2.74,2.22,2.29,2.3,130,3,0,0.84,0.93,2,Difficult,0,6,0
S04569,Female,Journalism,EntranceExam,2.05,2.32,2.4,2.22,2.25,120,3,1,0.68,0.84,1,Stable,0,5,1
S04570,Male,Multimedia Communication,EntranceExam,1.87,2,2.13,2.73,2.18,125,0,0,0.82,0.83,0,Stable,1,4,0
S04571,Male,Computer Science,EntranceExam,2.54,3.1,2.6,2.93,2.79,130,1,0,0.7,0.69,4,Difficult,0,5,0
S04572,Male,Artificial Intelligence,EntranceExam,1.98,2.22,2.58,2.25,2.26,130,1,0,0.87,0.84,2,Average,1,4,0
S04573,Female,Information Security,EntranceExam,2.48,2.59,2.46,2.57,2.52,130,0,0,0.93,0.9,1,Stable,1,4,1
S04574,Male,Computer Science,EntranceExam,3.11,3.03,3.23,3.61,3.24,130,0,0,0.88,0.85,2,Stable,1,4,1
S04575,Male,Information Technology,EntranceExam,2.88,2.99,3.21,2.9,3,130,0,1,0.87,0.89,1,Stable,1,4,1
S04576,Male,Marketing,EntranceExam,2.57,2.16,2.5,2.68,2.48,120,1,0,0.83,0.98,3,Average,1,4,0
S04577,Male,Multimedia Technology,EntranceExam,2.72,2.84,2.99,3.06,2.9,125,0,0,0.89,0.73,0,Stable,1,4,0
S04578,Male,Marketing,EntranceExam,2.2,2.35,2.5,1.98,2.26,120,2,0,0.81,0.75,4,Stable,0,7,0
S04579,Female,Accounting,EntranceExam,2.29,2.87,2.67,2.31,2.54,130,2,0,0.71,0.92,1,Average,0,5,0
S04580,Female,Business Administration,EntranceExam,2.36,3.24,2.43,2.62,2.66,120,0,0,0.88,0.87,0,Average,1,4,1
S04581,Male,Game Design and Development,EntranceExam,2.94,2.38,2.27,2.85,2.61,140,2,0,0.75,0.72,2,Average,0,6,0
S04582,Female,Computer Science,EntranceExam,2.76,3.38,2.93,3.15,3.06,130,0,0,0.83,0.97,1,Average,1,4,0
S04583,Male,Multimedia Communication,DirectAdmission,2.21,2.21,2.63,2.78,2.46,125,0,0,0.81,0.79,0,Stable,1,4,0
S04584,Male,Artificial Intelligence,EntranceExam,2.51,2.56,2.98,3.28,2.83,130,3,1,0.88,0.79,2,Average,0,6,0
S04585,Female,Artificial Intelligence,EntranceExam,1.86,1.74,2.69,2.86,2.29,130,2,0,0.88,0.68,3,Average,0,6,1
S04586,Female,Marketing,EntranceExam,1.96,2.6,1.62,2.09,2.07,120,2,0,0.94,0.76,3,Average,1,4,1
S04587,Female,Multimedia Technology,EntranceExam,2.69,2.84,2.45,2.15,2.53,125,4,0,0.73,0.72,3,Stable,0,5,1
S04588,Male,Information Technology,EntranceExam,2.36,1.82,1.61,1.98,1.94,130,5,0,0.89,0.95,5,Stable,0,7,0
S04589,Male,Multimedia Communication,EntranceExam,2.34,2.34,2.1,2.2,2.24,125,0,0,1,0.85,3,Stable,1,4,0
S04590,Male,Game Design and Development,EntranceExam,3.34,3.7,2.74,2.66,3.11,140,0,0,0.87,0.53,1,Stable,1,4,0
S04591,Male,Journalism,EntranceExam,1.98,2.47,2.08,2.4,2.23,120,0,0,0.98,0.82,2,Stable,1,4,0
S04592,Male,Accounting,EntranceExam,2.93,3.21,2.99,2.72,2.96,130,0,0,0.83,0.7,0,Stable,1,4,0
S04593,Male,Information Technology,EntranceExam,1.63,1.98,1.83,2.35,1.95,130,1,0,0.82,0.94,1,Average,0,6,0
S04594,Female,Artificial Intelligence,EntranceExam,3.07,2.68,2.98,2.32,2.76,130,0,1,0.89,0.87,2,Stable,1,4,1
S04595,Female,Information Technology,EntranceExam,2.82,2.32,2.53,2.72,2.6,130,0,0,0.91,0.85,2,Average,1,4,1
S04596,Female,Multimedia Communication,EntranceExam,1.93,1.59,2.06,1.85,1.86,125,4,0,0.78,0.86,1,Stable,0,7,0
S04597,Male,Notary Relations,EntranceExam,2.61,3.29,3.01,2.91,2.96,125,0,0,0.72,0.9,0,Difficult,0,8,0
S04598,Female,Information Technology,EntranceExam,1.99,2.54,2.21,2.69,2.36,130,2,0,0.84,0.88,1,Average,0,6,0
S04599,Male,Information Security,EntranceExam,2.39,2.73,2.57,2.61,2.58,130,0,1,0.94,0.95,2,Average,1,4,0
S04600,Female,Computer Science,EntranceExam,1.71,2.25,1.5,3.1,2.14,130,2,0,0.94,0.93,3,Average,0,5,1
S04601,Male,Information Technology,DirectAdmission,3.53,3.65,3.69,2.95,3.46,130,0,0,0.96,0.95,2,Stable,1,4,1
S04602,Male,Notary Relations,EntranceExam,2.62,2.27,3.08,2.25,2.56,125,1,0,1,0.79,1,Stable,1,4,0
S04603,Female,Multimedia Technology,EntranceExam,1.87,2.04,2.14,2.26,2.08,125,0,0,0.92,0.93,1,Stable,1,4,1
S04604,Female,Journalism,DirectAdmission,3.07,3.34,3.13,3.44,3.24,120,1,0,0.85,0.85,0,Difficult,1,4,0
S04605,Male,Automation,EntranceExam,1.97,1.84,2.44,2.3,2.14,140,5,0,0.75,0.7,1,Difficult,0,6,0
S04606,Male,E-commerce,EntranceExam,3.25,2.81,2.15,2.37,2.65,125,0,0,0.84,0.82,2,Stable,1,4,0
S04607,Female,Information Security,EntranceExam,1.19,1.95,2.25,2.2,1.9,130,2,1,0.8,0.89,2,Stable,0,6,1
S04608,Male,Business Administration,EntranceExam,3.33,4,3.69,3.59,3.65,120,0,0,0.89,0.83,1,Average,1,4,1
S04609,Male,Information Technology,DirectAdmission,1.33,1.75,1.7,2.38,1.79,130,2,0,0.96,0.76,1,Stable,0,8,0
S04610,Female,Information Technology,DirectAdmission,2.62,2.81,2.83,2.76,2.76,130,0,0,0.86,0.95,1,Average,1,4,1
S04611,Female,Multimedia Communication,DirectAdmission,2.55,2.73,2.42,2.94,2.66,125,0,0,0.88,0.75,2,Average,1,4,1
S04612,Female,Information Technology,EntranceExam,2.44,2.36,2.62,1.92,2.34,130,2,0,0.85,0.69,1,Average,0,8,1
S04613,Female,Multimedia Communication,EntranceExam,2.33,1.62,2.31,3.01,2.32,125,2,0,0.81,0.65,2,Stable,1,4,0
S04614,Female,Information Technology,EntranceExam,2.12,2.33,2.17,2.52,2.28,130,0,0,0.99,0.77,3,Stable,1,4,1
S04615,Female,Automation,EntranceExam,2.5,2.2,2.07,2.15,2.23,140,3,0,0.81,0.86,1,Average,0,5,0
S04616,Male,Marketing,EntranceExam,1.24,1.4,1.24,1.21,1.27,120,2,1,0.96,0.77,1,Stable,0,8,0
S04617,Male,E-commerce,EntranceExam,2.32,2.63,2.25,1.67,2.22,125,2,0,0.92,0.86,2,Average,1,4,0
S04618,Male,Financial Technology (Fintech),DirectAdmission,2.57,2.39,2.01,1.9,2.22,130,0,0,0.94,0.91,0,Stable,1,4,0
S04619,Female,Financial Technology (Fintech),EntranceExam,1.93,2.24,2.22,2.26,2.16,130,1,0,0.94,0.81,3,Stable,1,4,1
S04620,Male,Multimedia Communication,EntranceExam,2.75,2.78,2.95,3.92,3.1,125,0,0,0.84,0.88,0,Stable,1,4,1
S04621,Female,Marketing,EntranceExam,2.67,2.52,2.91,2.64,2.68,120,0,0,0.91,0.86,0,Stable,1,4,1
S04622,Male,Computer Science,DirectAdmission,2.06,2.22,2.69,3.33,2.58,130,3,0,0.97,0.69,1,Stable,1,4,0
S04623,Female,Artificial Intelligence,EntranceExam,1.7,1.77,2,2.2,1.92,130,6,0,0.86,0.84,1,Average,0,5,1
S04624,Female,Automation,EntranceExam,2.59,2.92,3.24,3.19,2.98,140,0,0,0.92,0.91,0,Stable,1,4,0
S04625,Female,Computer Science,EntranceExam,3.13,3.24,3.26,3.46,3.27,130,0,0,1,0.88,1,Stable,1,4,0
S04626,Male,Multimedia Technology,DirectAdmission,2.3,2.32,2.64,2.31,2.39,125,2,0,0.76,0.75,1,Average,0,7,0
S04627,Female,Multimedia Technology,DirectAdmission,2.32,2.66,2.88,2.96,2.7,125,1,0,0.78,0.89,0,Difficult,0,5,1
S04628,Male,Multimedia Technology,EntranceExam,1.6,2.18,2.65,2.42,2.21,125,4,0,0.83,0.92,2,Stable,0,7,0
S04629,Female,Multimedia Technology,EntranceExam,2.36,2.6,2.72,2.56,2.56,125,1,0,0.69,0.76,2,Average,0,6,1
S04630,Male,Multimedia Communication,EntranceExam,2.14,2.29,2.25,1.69,2.09,125,3,0,0.98,0.98,1,Average,0,5,0
S04631,Male,Computer Science,DirectAdmission,2.63,2.81,3.19,3.14,2.94,130,3,0,0.76,0.81,0,Difficult,0,5,0
S04632,Male,Financial Technology (Fintech),EntranceExam,1.84,1.98,1.97,1.91,1.92,130,4,1,0.78,0.93,2,Stable,0,7,0
S04633,Female,Game Design and Development,EntranceExam,2.91,3.27,3.38,3.6,3.29,140,0,0,0.92,0.78,0,Stable,1,4,0
S04634,Female,Multimedia Technology,DirectAdmission,1.97,2.62,2.95,2.75,2.57,125,0,0,0.96,0.83,1,Stable,1,4,1
S04635,Female,Information Security,EntranceExam,2.17,2.4,1.77,2.21,2.14,130,3,0,0.83,0.79,3,Stable,0,5,1
S04636,Female,Marketing,DirectAdmission,1.91,2.11,2.7,2.07,2.2,120,3,0,0.85,0.8,0,Average,0,5,1
S04637,Male,Multimedia Communication,EntranceExam,2.44,1.96,2.77,2.15,2.33,125,7,0,0.79,0.73,1,Average,0,5,0
S04638,Female,Accounting,EntranceExam,1.71,1.94,1.82,2.25,1.93,130,2,0,0.83,0.56,2,Difficult,0,5,1
S04639,Female,Information Technology,EntranceExam,2.72,2.53,2.4,2.8,2.61,130,0,0,0.83,0.91,1,Average,1,4,1
S04640,Female,Information Technology,DirectAdmission,2.82,4,3.51,3.31,3.41,130,0,0,0.8,0.92,1,Average,1,4,0
S04641,Male,Computer Science,DirectAdmission,2.11,2.02,2.36,2.6,2.27,130,3,0,0.76,0.94,1,Average,0,6,0
S04642,Male,Information Technology,EntranceExam,2.93,3.32,3.4,3.27,3.23,130,1,0,0.8,0.92,1,Average,1,4,1
S04643,Female,E-commerce,EntranceExam,2.6,2.24,3.44,2.75,2.76,125,0,0,0.8,0.75,1,Stable,1,4,1
S04644,Female,E-commerce,DirectAdmission,1.77,1.69,1.56,1.87,1.72,125,1,0,0.93,0.83,2,Stable,0,5,0
S04645,Male,Automation,EntranceExam,2.64,3.13,3.19,2.03,2.75,140,0,0,0.92,0.71,2,Stable,1,4,0
S04646,Female,Information Technology,EntranceExam,2.65,2.87,2.97,2.4,2.72,130,0,0,0.86,0.75,2,Average,1,4,1
S04647,Female,Multimedia Communication,EntranceExam,2.76,2.55,2.69,2.63,2.66,125,0,0,0.88,0.96,0,Stable,1,4,1
S04648,Female,Information Technology,DirectAdmission,3.18,3.37,3.7,3.17,3.36,130,1,0,0.88,0.69,4,Stable,1,4,0
S04649,Male,Business Administration,EntranceExam,2.41,2.4,2.02,2.69,2.38,120,1,1,0.88,0.93,0,Stable,0,7,0
S04650,Female,Multimedia Communication,EntranceExam,2.72,2.69,2.84,3.24,2.87,125,2,0,0.76,0.78,0,Difficult,0,6,0
S04651,Male,Artificial Intelligence,DirectAdmission,2.59,2.99,2.53,2.89,2.75,130,0,0,0.86,1,0,Stable,1,4,0
S04652,Male,Business Administration,EntranceExam,2.18,2.4,2.03,2.39,2.25,120,4,0,0.87,0.83,1,Stable,1,4,0
S04653,Female,Information Technology,DirectAdmission,2.68,2.16,2.46,2.2,2.38,130,0,0,0.95,0.73,1,Stable,1,4,1
S04654,Male,Multimedia Communication,EntranceExam,2.45,2.31,3.06,3.09,2.73,125,2,1,0.85,0.84,0,Average,0,6,0
S04655,Male,Artificial Intelligence,EntranceExam,2.24,3.02,2.41,2.56,2.56,130,0,0,0.94,0.97,0,Stable,1,4,0
S04656,Male,Marketing,DirectAdmission,2.09,2.49,2.62,2.77,2.49,120,3,0,0.78,0.77,3,Average,0,8,0
S04657,Female,Information Technology,EntranceExam,3.07,2.6,3.3,3.2,3.04,130,1,0,0.88,0.97,1,Average,1,4,1
S04658,Female,Multimedia Technology,EntranceExam,2.13,2.52,3.03,2.57,2.56,125,0,0,0.83,0.78,5,Average,1,4,1
S04659,Female,Information Technology,DirectAdmission,1.85,2.08,2.03,1.71,1.92,130,7,0,0.71,0.74,0,Difficult,0,7,0
S04660,Female,Game Design and Development,EntranceExam,2.08,1.88,2.58,2.52,2.26,140,2,0,0.84,0.81,2,Stable,0,6,1
S04661,Male,Accounting,EntranceExam,2.26,1.52,1.73,2.27,1.94,130,1,1,0.8,0.74,3,Difficult,0,5,0
S04662,Female,Automation,EntranceExam,2.86,2.58,2.88,2.71,2.76,140,0,0,1,0.76,2,Stable,1,4,0
S04663,Female,Information Security,EntranceExam,2.36,2.39,1.86,2.07,2.17,130,2,0,0.87,0.72,3,Stable,1,4,1
S04664,Male,Journalism,EntranceExam,2.47,2.75,2.51,2.99,2.68,120,0,0,0.8,0.82,0,Stable,1,4,0
S04665,Female,Computer Science,DirectAdmission,2.87,2.02,2.59,2.21,2.42,130,1,0,0.88,0.83,1,Stable,0,6,1
S04666,Female,Information Technology,DirectAdmission,2.27,2.6,2.77,3.26,2.72,130,0,0,0.86,0.67,3,Stable,1,4,1
S04667,Female,Multimedia Communication,EntranceExam,2.48,2.74,2.98,3.23,2.86,125,0,0,0.86,0.76,0,Stable,1,4,1
S04668,Female,Artificial Intelligence,EntranceExam,2.19,3.01,2.17,2.62,2.5,130,0,0,0.83,0.85,2,Average,1,4,1
S04669,Female,Information Technology,EntranceExam,1.68,1.12,1.61,1.46,1.47,130,5,0,0.82,0.89,3,Average,0,7,1
S04670,Male,Information Security,DirectAdmission,2.62,2,2.67,2.55,2.46,130,1,0,0.89,0.81,2,Average,1,4,0
S04671,Male,E-commerce,EntranceExam,2.45,2.55,2.88,2.92,2.7,125,0,0,0.94,0.99,0,Average,1,4,0
S04672,Female,E-commerce,EntranceExam,1.98,2.17,1.71,1.62,1.87,125,5,0,0.77,0.86,1,Average,0,5,1
S04673,Female,Game Design and Development,EntranceExam,2.16,2.18,2.47,2.64,2.36,140,3,0,0.78,0.8,0,Average,0,6,1
S04674,Male,Business Administration,EntranceExam,2.24,2.48,2.21,2.32,2.31,120,3,0,0.93,0.81,1,Difficult,0,7,0
S04675,Male,Multimedia Technology,EntranceExam,2.41,3.05,2.48,2.6,2.64,125,1,1,0.81,0.78,0,Stable,1,4,0
S04676,Male,Game Design and Development,EntranceExam,2.62,2.55,2.06,1.83,2.26,140,1,0,0.86,0.86,3,Stable,1,4,0
S04677,Female,Artificial Intelligence,DirectAdmission,1.37,1.87,1.52,2.11,1.72,130,8,1,0.88,0.9,1,Stable,0,8,0
S04678,Female,Accounting,EntranceExam,2.63,2.95,2.76,2.52,2.72,130,2,0,0.96,0.82,1,Average,1,4,1
S04679,Male,Business Administration,EntranceExam,2.21,2.19,2.62,1.92,2.24,120,3,0,0.89,0.76,0,Average,1,4,0
S04680,Female,Marketing,EntranceExam,2.36,2.34,1.65,2.04,2.1,120,2,0,0.86,0.82,1,Stable,0,5,1
S04681,Female,Automation,EntranceExam,1.81,2.81,2.85,2.3,2.44,140,0,0,0.95,0.91,2,Average,1,4,1
S04682,Male,Information Technology,EntranceExam,2.44,2.61,3.1,2.81,2.74,130,0,0,0.94,0.65,0,Stable,1,4,0
S04683,Male,Business Administration,DirectAdmission,2.03,2.1,2.13,2.15,2.1,120,0,0,0.93,0.87,2,Average,0,8,0
S04684,Male,Multimedia Technology,DirectAdmission,1.09,1.98,2.04,1.37,1.62,125,7,0,0.97,0.9,1,Average,0,6,0
S04685,Female,Information Technology,EntranceExam,3.49,3.97,3.45,3.74,3.66,130,0,0,0.81,0.69,2,Average,1,4,0
S04686,Female,Multimedia Communication,EntranceExam,2.75,2.88,2.79,2.25,2.67,125,1,0,0.92,0.76,2,Stable,1,4,1
S04687,Male,Multimedia Technology,EntranceExam,2.56,2.84,2.46,2.66,2.63,125,0,0,0.89,0.84,1,Stable,1,4,0
S04688,Female,Business Administration,EntranceExam,1.11,1.32,0.95,0.95,1.08,120,6,0,0.98,1,1,Stable,0,7,1
S04689,Male,Information Technology,EntranceExam,2.31,2.58,2.84,2.36,2.52,130,0,0,0.9,0.78,2,Stable,1,4,0
S04690,Male,Computer Science,DirectAdmission,2.6,2.53,2.75,2.53,2.6,130,4,0,0.83,0.7,0,Average,0,7,0
S04691,Female,Information Technology,DirectAdmission,3.14,3.72,4,3.52,3.6,130,0,0,0.92,0.77,2,Difficult,1,4,0
S04692,Female,Automation,EntranceExam,3.09,3.97,4,3.16,3.56,140,0,0,0.97,0.92,1,Stable,1,4,0
S04693,Female,Game Design and Development,DirectAdmission,2.6,2.97,2.74,2.74,2.76,140,0,0,0.82,0.58,0,Stable,1,4,1
S04694,Male,Multimedia Communication,EntranceExam,2.18,2.48,3.29,2.8,2.69,125,0,0,0.88,0.85,2,Stable,1,4,0
S04695,Male,Computer Science,DirectAdmission,2.73,2.92,3.72,2.82,3.05,130,0,0,0.99,0.76,1,Stable,1,4,1
S04696,Female,Artificial Intelligence,EntranceExam,2.33,2.57,2.86,2.88,2.66,130,0,0,0.92,0.73,1,Stable,1,4,1
S04697,Male,Journalism,EntranceExam,3.16,3.07,2.78,3.04,3.01,120,0,0,0.94,0.94,1,Difficult,1,4,1
S04698,Female,Journalism,EntranceExam,3.59,3.32,4,3.62,3.63,120,1,0,0.8,0.73,2,Stable,1,4,0
S04699,Male,Business Administration,EntranceExam,1.43,1.84,2.11,1.93,1.83,120,4,0,0.84,0.78,1,Average,0,5,0
S04700,Male,Multimedia Technology,EntranceExam,2.34,2.41,2.15,2.62,2.38,125,0,0,0.85,0.93,0,Stable,1,4,0
S04701,Female,Information Security,DirectAdmission,2.21,2.34,2.43,2.69,2.42,130,1,0,0.94,1,1,Stable,1,4,1
S04702,Male,Information Security,EntranceExam,2.7,2.56,3.2,2.33,2.7,130,0,0,0.9,0.79,0,Stable,1,4,0
S04703,Male,Information Security,DirectAdmission,3.64,3.78,4,3.81,3.81,130,0,0,0.81,0.58,2,Average,1,4,1
S04704,Female,Notary Relations,EntranceExam,2.28,2.4,2.32,2.29,2.32,125,3,0,0.85,0.74,2,Stable,1,4,0
S04705,Male,Accounting,DirectAdmission,2.36,3.54,3.17,3.27,3.08,130,0,0,0.89,0.86,2,Stable,1,4,1
S04706,Male,Information Technology,EntranceExam,1.41,1.26,1.73,2.05,1.61,130,3,0,0.77,0.58,1,Average,0,6,0
S04707,Female,Computer Science,EntranceExam,2.34,2.52,3,3.09,2.74,130,3,0,0.88,0.78,0,Difficult,0,5,1
S04708,Female,Multimedia Communication,EntranceExam,2.25,1.91,2.14,2.63,2.23,125,2,0,0.81,0.86,0,Stable,1,4,1
S04709,Female,Information Security,EntranceExam,3.53,3.75,3.77,4,3.76,130,1,0,0.85,0.78,1,Average,1,4,0
S04710,Female,Marketing,EntranceExam,3.24,3.51,2.7,3.33,3.2,120,0,0,0.88,0.8,0,Average,1,4,0
S04711,Female,Business Administration,EntranceExam,2.62,2.62,2.5,2.75,2.62,120,0,0,0.91,0.92,1,Stable,1,4,1
S04712,Female,Game Design and Development,EntranceExam,1.83,2.64,2.48,1.67,2.16,140,5,1,0.67,1,2,Average,0,7,1
S04713,Female,Automation,EntranceExam,2.47,2.66,2.36,1.89,2.35,140,0,0,0.83,0.98,3,Stable,1,4,1
S04714,Male,Game Design and Development,EntranceExam,1.84,2.52,2.18,2.12,2.16,140,1,0,0.84,0.87,3,Stable,0,7,0
S04715,Female,Information Technology,EntranceExam,3.31,3.02,2.99,3.79,3.28,130,0,0,0.97,1,1,Stable,1,4,0
S04716,Male,Computer Science,EntranceExam,2.81,2.78,2.72,2.91,2.8,130,2,0,0.72,0.72,1,Average,0,5,0
S04717,Female,Accounting,DirectAdmission,3,3.56,3.94,3.42,3.48,130,0,0,0.81,0.7,0,Average,1,4,0
S04718,Male,Game Design and Development,EntranceExam,1.88,1.89,1.82,1.84,1.86,140,7,0,0.8,0.87,2,Average,0,6,0
S04719,Female,Multimedia Technology,DirectAdmission,3.13,2.9,3.01,2.58,2.9,125,0,0,0.97,0.96,0,Average,1,4,0
S04720,Male,Computer Science,DirectAdmission,3.37,3.55,3.42,3.11,3.36,130,3,0,0.7,0.48,1,Difficult,0,5,1
S04721,Female,Computer Science,EntranceExam,2.27,2.16,1.87,2.15,2.11,130,4,0,0.89,0.92,2,Average,0,5,0
S04722,Female,Journalism,EntranceExam,1.88,1.39,1.38,1.44,1.52,120,5,0,0.95,0.91,0,Stable,0,7,1
S04723,Male,Computer Science,EntranceExam,3.96,3.93,4,3.4,3.82,130,0,0,0.87,0.99,2,Stable,1,4,1
S04724,Female,Game Design and Development,DirectAdmission,1.93,1.7,1.7,1.58,1.73,140,4,0,0.82,0.82,2,Average,0,6,1
S04725,Female,Multimedia Communication,EntranceExam,2.45,2.12,2.88,2.78,2.56,125,1,0,0.79,0.74,3,Stable,0,5,1
S04726,Male,E-commerce,EntranceExam,2.92,3.27,3.32,3.44,3.24,125,0,0,0.89,0.79,2,Average,1,4,1
S04727,Female,Automation,EntranceExam,2.33,2.2,1.9,2.49,2.23,140,2,0,0.88,0.79,3,Stable,0,6,1
S04728,Female,Multimedia Technology,EntranceExam,3.45,3.56,3.92,4,3.73,125,0,0,0.93,0.87,2,Stable,1,4,0
S04729,Male,Accounting,EntranceExam,1.57,2.39,1.87,2.08,1.98,130,2,0,1,0.93,2,Stable,1,4,0
S04730,Male,Game Design and Development,EntranceExam,3.19,3.18,3.18,2.81,3.09,140,4,0,0.72,0.88,2,Difficult,0,7,0
S04731,Male,Multimedia Communication,EntranceExam,3.24,3.78,3.17,3.23,3.36,125,0,0,0.89,0.69,1,Stable,1,4,1
S04732,Female,Computer Science,DirectAdmission,2.12,2.21,2.37,2.06,2.19,130,2,0,0.82,0.77,5,Average,0,7,1
S04733,Male,Business Administration,DirectAdmission,2.61,2.4,2.32,2.59,2.48,120,4,0,0.81,1,1,Difficult,0,5,0
S04734,Female,Business Administration,EntranceExam,2.27,1.84,2.2,1.9,2.05,120,3,0,0.72,0.74,1,Difficult,0,8,1
S04735,Male,Information Technology,EntranceExam,3.08,2.74,2.68,2.19,2.67,130,4,0,0.72,0.56,1,Difficult,0,6,0
S04736,Female,Accounting,EntranceExam,2.52,3.14,3.2,2.53,2.85,130,0,0,0.89,0.85,0,Stable,1,4,1
S04737,Female,Information Technology,EntranceExam,1.75,2.06,2.14,1.77,1.93,130,4,1,0.85,0.74,2,Average,0,7,1
S04738,Male,Information Technology,EntranceExam,2.96,3.09,2.89,3.17,3.03,130,0,0,0.88,1,1,Stable,1,4,1
S04739,Female,Computer Science,EntranceExam,2.42,1.86,2.21,2.48,2.24,130,0,0,0.85,0.92,2,Stable,0,7,0
S04740,Female,Multimedia Technology,EntranceExam,2.43,2.22,2.35,3.08,2.52,125,2,0,0.66,0.9,1,Difficult,0,5,1
S04741,Male,Accounting,EntranceExam,3.41,3.28,3.84,3.22,3.44,130,1,0,0.97,0.8,0,Stable,1,4,1
S04742,Female,Multimedia Communication,EntranceExam,2.08,1.92,2.26,2.37,2.16,125,0,0,0.92,0.79,1,Stable,1,4,1
S04743,Male,Financial Technology (Fintech),EntranceExam,3.83,4,3.81,3.52,3.79,130,0,0,0.91,0.81,0,Difficult,1,4,1
S04744,Male,E-commerce,EntranceExam,2.82,2.94,2.85,2.68,2.82,125,1,0,0.98,0.72,4,Stable,1,4,0
S04745,Male,Multimedia Communication,EntranceExam,2.72,3.08,3.02,2.41,2.81,125,0,0,0.66,0.76,3,Stable,0,5,0
S04746,Male,Artificial Intelligence,EntranceExam,3.23,3.2,2.86,2.43,2.93,130,0,0,0.84,0.93,3,Average,1,4,0
S04747,Female,Accounting,DirectAdmission,2.89,3.37,3.06,2.77,3.02,130,0,0,0.99,0.64,4,Stable,1,4,1
S04748,Female,Notary Relations,EntranceExam,2.5,2.38,2.65,2.4,2.48,125,3,0,0.81,0.86,1,Average,0,5,0
S04749,Male,Information Technology,EntranceExam,3.81,3.58,3.14,3.68,3.55,130,0,0,0.81,0.78,4,Stable,1,4,1
S04750,Male,Multimedia Technology,EntranceExam,2.24,2.45,1.96,2.17,2.2,125,1,0,0.93,0.98,1,Average,1,4,0
S04751,Female,Business Administration,DirectAdmission,1.94,1.9,2.08,2.24,2.04,120,2,0,0.77,0.7,2,Stable,0,5,0
S04752,Male,Computer Science,EntranceExam,2.33,2.75,2.68,3.08,2.71,130,1,0,0.96,0.96,2,Stable,1,4,0
S04753,Male,Information Security,EntranceExam,2.24,1.89,2.3,1.54,1.99,130,4,0,0.88,0.73,1,Stable,0,7,0
S04754,Female,Information Security,EntranceExam,1.61,2.47,2.01,1.51,1.9,130,2,1,0.75,0.8,0,Average,0,6,1
S04755,Female,Automation,EntranceExam,2.06,2.23,2.21,1.41,1.98,140,6,0,0.73,0.74,3,Difficult,0,5,1
S04756,Male,Multimedia Technology,EntranceExam,1.79,1.92,1.86,1.91,1.87,125,5,1,0.86,0.7,2,Stable,0,7,0
S04757,Female,Notary Relations,DirectAdmission,2.65,2.09,2.43,2.34,2.38,125,4,0,0.83,0.81,1,Average,0,5,1
S04758,Male,Financial Technology (Fintech),EntranceExam,1.8,2.01,2.8,2.38,2.25,130,3,0,0.78,0.74,3,Average,0,8,0
S04759,Male,Notary Relations,DirectAdmission,3.14,3.27,3.24,2.94,3.15,125,0,0,0.97,0.95,3,Difficult,1,4,1
S04760,Male,Information Technology,EntranceExam,1.84,1.67,1.97,2.26,1.93,130,6,0,0.73,1,0,Stable,0,8,0
S04761,Female,Computer Science,EntranceExam,2.4,3.12,2.64,2.45,2.65,130,0,0,0.84,0.75,3,Stable,1,4,1
S04762,Male,Notary Relations,EntranceExam,2.55,3.06,3.17,3.1,2.97,125,1,0,0.91,1,4,Average,1,4,1
S04763,Female,Accounting,EntranceExam,2.41,2.66,2.31,2.24,2.41,130,0,0,0.8,0.64,0,Stable,1,4,1
S04764,Female,Information Technology,EntranceExam,2.01,2.38,2.23,2.8,2.35,130,1,0,1,0.84,3,Stable,1,4,1
S04765,Male,Information Security,EntranceExam,2.49,2.35,2.76,2.76,2.59,130,1,0,0.8,0.81,2,Stable,1,4,0
S04766,Female,Financial Technology (Fintech),EntranceExam,2.17,2.51,2.76,3.06,2.62,130,0,0,0.88,0.97,4,Stable,1,4,1
S04767,Female,Information Technology,EntranceExam,1.97,1.58,1.35,1.49,1.6,130,4,0,0.91,0.95,1,Difficult,0,8,1
S04768,Male,Multimedia Technology,EntranceExam,2.72,3.06,2.74,3.1,2.9,125,0,0,0.92,0.76,1,Stable,1,4,1
S04769,Female,Multimedia Communication,DirectAdmission,2.43,2.85,3.1,3.17,2.89,125,0,1,0.86,0.87,2,Average,1,4,1
S04770,Male,Computer Science,DirectAdmission,3.4,3.01,3.36,2.81,3.14,130,1,0,0.81,0.77,1,Average,1,4,1
S04771,Male,Multimedia Technology,EntranceExam,2.42,3.16,3.17,2.85,2.9,125,0,0,0.91,0.89,1,Difficult,1,4,0
S04772,Female,Automation,EntranceExam,2.73,3.16,2.69,2.87,2.86,140,0,0,0.89,0.83,4,Average,1,4,1
S04773,Female,Business Administration,EntranceExam,2.13,2.39,2.4,2.85,2.44,120,1,0,0.88,0.96,1,Stable,1,4,1
S04774,Male,Financial Technology (Fintech),EntranceExam,3.33,3.05,3.49,3.36,3.31,130,0,1,0.98,0.86,0,Stable,1,4,1
S04775,Female,E-commerce,EntranceExam,2.62,2.89,2.76,2.85,2.78,125,0,0,0.85,0.84,2,Stable,1,4,1
S04776,Female,Information Technology,EntranceExam,2.38,2.13,2.7,3.45,2.66,130,0,0,0.89,0.91,3,Average,1,4,1
S04777,Male,Information Technology,EntranceExam,2.65,2.6,2.61,2.54,2.6,130,1,0,0.73,0.73,0,Stable,0,6,0
S04778,Male,Financial Technology (Fintech),EntranceExam,2.65,2.05,2.2,3.02,2.48,130,0,0,1,0.87,2,Average,1,4,0
S04779,Male,Accounting,EntranceExam,2.96,3.47,2.82,3.08,3.08,130,0,0,0.91,0.93,3,Stable,1,4,0
S04780,Female,E-commerce,EntranceExam,2.25,1.78,2.43,1.91,2.09,125,0,0,0.99,0.97,0,Stable,1,4,1
S04781,Male,Financial Technology (Fintech),EntranceExam,2.82,3.11,3.11,3.51,3.14,130,1,0,0.93,0.88,3,Average,1,4,1
S04782,Male,Business Administration,EntranceExam,2.97,2.59,2.34,2.45,2.59,120,2,0,0.79,0.93,1,Difficult,0,6,0
S04783,Male,Automation,EntranceExam,1.76,2.01,2.34,2.22,2.08,140,0,0,0.92,0.94,2,Average,1,4,0
S04784,Female,Artificial Intelligence,DirectAdmission,3.09,3.68,2.79,3.29,3.21,130,0,0,0.88,0.93,0,Stable,1,4,0
S04785,Female,Information Technology,DirectAdmission,2.62,2.66,2.95,2.54,2.69,130,4,0,0.81,0.81,2,Average,0,7,0
S04786,Male,Journalism,DirectAdmission,2.61,2.93,3.09,2.64,2.82,120,4,0,0.83,0.86,2,Difficult,0,7,0
S04787,Male,Marketing,EntranceExam,2.48,1.8,2.92,2.56,2.44,120,3,0,0.84,0.73,1,Stable,0,6,0
S04788,Male,E-commerce,EntranceExam,3.2,2.73,2.17,2.6,2.68,125,0,0,0.93,0.88,3,Average,1,4,0
S04789,Male,Journalism,DirectAdmission,2,2.37,1.95,2.34,2.16,120,0,0,0.84,0.77,1,Stable,1,4,0
S04790,Female,Information Technology,EntranceExam,3.42,3.44,3.46,3.59,3.48,130,0,0,0.89,0.69,2,Stable,1,4,0
S04791,Male,Information Technology,DirectAdmission,2.76,2.88,2.87,3.29,2.95,130,0,0,0.86,0.8,2,Stable,1,4,0
S04792,Female,Multimedia Technology,EntranceExam,1.66,1.79,1.6,1.43,1.62,125,6,0,0.81,0.87,3,Stable,0,8,1
S04793,Female,Multimedia Communication,DirectAdmission,2.59,2.82,3.59,2.73,2.93,125,0,0,1,0.9,3,Stable,1,4,0
S04794,Female,Multimedia Technology,DirectAdmission,2.96,3.18,3.16,3.48,3.2,125,0,0,0.8,0.84,0,Average,1,4,0
S04795,Female,Information Security,DirectAdmission,2.88,2.36,2.81,2.92,2.74,130,1,0,0.89,0.73,1,Stable,1,4,1
S04796,Male,Artificial Intelligence,EntranceExam,2.61,2.31,3.19,2.44,2.64,130,0,0,0.86,0.89,2,Stable,1,4,0
S04797,Female,Information Technology,EntranceExam,1.67,1.95,1.57,1.99,1.8,130,1,1,0.83,0.93,0,Average,0,7,0
S04798,Male,Information Technology,EntranceExam,3.24,3.35,3.68,3.57,3.46,130,0,0,0.81,0.93,4,Stable,1,4,1
S04799,Male,Information Technology,EntranceExam,2.93,3.12,2.94,2.96,2.99,130,0,0,0.89,0.93,3,Average,1,4,1
S04800,Female,Automation,DirectAdmission,2.33,2.53,1.96,2.44,2.32,140,2,0,0.77,0.67,2,Average,0,6,0
S04801,Female,Artificial Intelligence,DirectAdmission,2.82,2.95,2.7,2.46,2.73,130,0,0,0.88,0.83,2,Stable,1,4,1
S04802,Female,Computer Science,EntranceExam,2.44,2.9,3.36,2.72,2.86,130,0,0,0.87,0.72,1,Average,1,4,1
S04803,Male,Notary Relations,EntranceExam,2.42,2.49,2.46,2.45,2.46,125,2,0,0.93,0.79,1,Average,1,4,0
S04804,Male,Multimedia Communication,EntranceExam,2.7,2.48,2.19,3.18,2.64,125,1,0,0.77,0.93,4,Difficult,0,5,0
S04805,Male,Information Security,EntranceExam,3.05,3.34,3.35,4,3.44,130,0,0,0.91,1,2,Average,1,4,1
S04806,Male,Marketing,EntranceExam,2.11,2.25,1.99,2,2.09,120,2,0,0.85,0.86,0,Stable,1,4,0
S04807,Male,Computer Science,EntranceExam,1.66,2.2,1.86,2.09,1.95,130,6,0,0.81,0.6,1,Stable,0,6,0
S04808,Female,Automation,EntranceExam,2.52,3.08,2.86,2.46,2.73,140,1,1,0.78,0.87,5,Stable,0,8,1
S04809,Male,Automation,EntranceExam,2.58,2.8,2.67,2.27,2.58,140,0,0,0.89,0.79,2,Stable,1,4,0
S04810,Female,Information Technology,EntranceExam,2.17,2.57,2.46,2.71,2.48,130,0,0,0.72,0.76,0,Difficult,0,5,0
S04811,Female,Information Technology,EntranceExam,1.98,2.59,2.35,2.49,2.35,130,1,0,0.84,1,0,Stable,1,4,1
S04812,Male,Multimedia Technology,EntranceExam,2.61,2.74,2.47,2.97,2.7,125,0,0,0.92,0.75,3,Stable,1,4,0
S04813,Male,Multimedia Communication,EntranceExam,2.04,1.65,1.47,1.76,1.73,125,5,0,0.78,0.86,0,Difficult,0,7,0
S04814,Male,Information Technology,DirectAdmission,3.29,3.31,3.37,3.68,3.41,130,0,0,0.95,0.73,3,Stable,1,4,1
S04815,Female,Computer Science,EntranceExam,3.12,2.46,2.6,2.61,2.7,130,1,0,0.9,0.89,2,Average,1,4,1
S04816,Male,Multimedia Communication,EntranceExam,1.99,2.23,2.57,1.83,2.15,125,2,0,0.89,1,0,Stable,1,4,0
S04817,Male,Information Technology,EntranceExam,2.28,2.35,2.58,2.67,2.47,130,4,0,0.78,0.94,2,Stable,0,6,0
S04818,Male,Marketing,DirectAdmission,3.44,3.13,3.99,3.48,3.51,120,0,0,0.84,0.8,1,Difficult,1,4,1
S04819,Female,Multimedia Technology,EntranceExam,3.05,2.99,2.48,3.09,2.9,125,0,0,0.86,0.88,0,Stable,1,4,1
S04820,Male,Notary Relations,EntranceExam,3.45,3.39,3.62,3.44,3.48,125,0,0,0.8,0.85,2,Stable,1,4,1
S04821,Female,Computer Science,DirectAdmission,2.76,2.7,2.77,2.7,2.73,130,0,0,0.76,0.75,1,Average,0,8,1
S04822,Female,E-commerce,DirectAdmission,2.2,1.82,1.53,1.51,1.76,125,3,0,0.79,0.91,0,Stable,0,5,1
S04823,Female,Business Administration,EntranceExam,1.38,0.84,1.47,1.24,1.23,120,5,0,0.86,0.83,1,Stable,0,7,0
S04824,Female,Information Technology,DirectAdmission,3.09,2.63,3.45,2.41,2.9,130,1,0,0.91,0.85,0,Average,1,4,1
S04825,Male,Information Technology,EntranceExam,2.53,2.94,2.32,3.57,2.84,130,0,0,0.84,0.86,1,Average,1,4,0
S04826,Female,Journalism,EntranceExam,3.11,2.69,2.63,2.32,2.69,120,0,0,0.98,0.81,1,Stable,1,4,1
S04827,Female,Accounting,EntranceExam,2.77,2.37,2.71,2.68,2.63,130,1,0,0.86,0.74,1,Stable,1,4,1
S04828,Male,Information Technology,EntranceExam,1.42,1.27,1.25,2.08,1.5,130,4,0,0.69,0.77,0,Average,0,5,0
S04829,Female,Information Technology,EntranceExam,0.95,2.08,1.81,2.14,1.74,130,9,1,0.78,0.72,0,Difficult,0,5,1
S04830,Female,Information Technology,EntranceExam,1.92,1.86,1.69,1.9,1.84,130,8,0,0.88,0.84,1,Stable,1,4,0
S04831,Male,Financial Technology (Fintech),DirectAdmission,2.91,3.12,2.54,2.88,2.86,130,0,0,0.91,0.88,2,Difficult,1,4,0
S04832,Female,Information Technology,EntranceExam,2.09,2.59,2.55,3.16,2.6,130,0,0,0.91,0.86,1,Stable,1,4,1
S04833,Male,Financial Technology (Fintech),EntranceExam,2.43,2.93,2.62,2.13,2.53,130,4,0,0.68,0.98,1,Average,0,6,0
S04834,Male,Computer Science,EntranceExam,1.85,2.36,2.29,1.82,2.08,130,3,0,0.85,0.99,0,Stable,0,6,0
S04835,Female,Information Technology,EntranceExam,3.23,3.29,3.85,3.63,3.5,130,1,0,0.89,0.74,2,Average,1,4,0
S04836,Female,Artificial Intelligence,EntranceExam,2.84,2.75,2.62,3.16,2.84,130,0,0,0.83,0.81,2,Average,1,4,1
S04837,Male,Computer Science,EntranceExam,2.86,3.9,3.1,3.37,3.31,130,0,0,0.9,0.82,2,Stable,1,4,1
S04838,Female,Computer Science,EntranceExam,2.92,2.63,2.9,3.4,2.96,130,0,0,0.87,0.82,0,Stable,1,4,1
S04839,Female,Computer Science,EntranceExam,2.88,3.02,2.38,3.11,2.85,130,1,0,0.89,0.86,0,Average,1,4,1
S04840,Female,Information Security,EntranceExam,2.49,2.98,2.81,2.71,2.75,130,2,0,0.86,0.96,1,Stable,1,4,1
S04841,Male,Information Security,EntranceExam,2.53,2.65,2.66,2.21,2.51,130,0,0,0.92,0.83,1,Stable,1,4,0
S04842,Male,Computer Science,EntranceExam,2.65,2.43,2.72,2.55,2.59,130,0,0,0.92,0.74,4,Average,1,4,0
S04843,Female,Computer Science,DirectAdmission,2.34,2.47,2.75,3.26,2.7,130,1,0,0.86,0.72,0,Difficult,0,5,1
S04844,Male,Notary Relations,EntranceExam,1.82,1.92,2,2.07,1.95,125,4,0,0.67,0.75,1,Difficult,0,5,0
S04845,Male,Business Administration,DirectAdmission,2.46,2.52,2.79,2.38,2.54,120,1,1,0.68,0.73,0,Difficult,0,6,0
S04846,Female,Automation,EntranceExam,3.71,3.52,3.8,3.39,3.61,140,0,0,0.93,0.8,1,Stable,1,4,1
S04847,Female,Information Technology,DirectAdmission,2.28,2.56,2.62,1.65,2.28,130,1,0,0.89,0.97,1,Stable,0,8,1
S04848,Female,Notary Relations,EntranceExam,1.68,2.25,2.18,2.96,2.27,125,0,0,0.84,0.83,2,Stable,1,4,1
S04849,Female,Automation,EntranceExam,2.45,2.38,2.26,2.28,2.34,140,2,0,0.81,0.69,1,Stable,0,6,1
S04850,Female,Information Technology,DirectAdmission,3.2,3.02,3.04,3.42,3.17,130,0,0,0.84,1,0,Stable,1,4,0
S04851,Male,Artificial Intelligence,EntranceExam,3.19,3.65,4,4,3.71,130,1,0,0.92,0.56,1,Stable,1,4,1
S04852,Female,Financial Technology (Fintech),DirectAdmission,2.25,2.22,2.8,2.66,2.48,130,2,0,0.86,0.8,2,Stable,1,4,1
S04853,Female,Game Design and Development,EntranceExam,2.57,2.08,2.09,2.37,2.28,140,3,0,0.81,0.82,4,Average,0,5,1
S04854,Female,Artificial Intelligence,EntranceExam,1.94,2.03,2.11,2.09,2.04,130,3,0,0.89,0.99,0,Stable,0,5,0
S04855,Male,Journalism,EntranceExam,2.23,2.41,2.82,3.36,2.7,120,0,0,0.95,0.86,0,Average,1,4,0
S04856,Male,Game Design and Development,DirectAdmission,2.42,2.02,2.52,2.27,2.31,140,1,0,0.86,0.91,3,Stable,1,4,0
S04857,Male,Journalism,EntranceExam,3.37,3.18,3.01,3.66,3.3,120,0,0,0.83,1,3,Average,1,4,1
S04858,Male,Notary Relations,EntranceExam,3.66,3.75,3.35,3.03,3.45,125,0,0,0.92,0.93,3,Stable,1,4,1
S04859,Male,Information Technology,EntranceExam,2.43,2.52,3.02,2.57,2.64,130,4,0,0.82,0.7,1,Stable,0,6,0
S04860,Female,Information Security,EntranceExam,2.03,2.05,2.2,2.15,2.11,130,2,0,0.85,0.69,1,Stable,1,4,1
S04861,Male,Information Technology,EntranceExam,2.15,2.27,1.92,2.56,2.22,130,6,1,0.87,0.83,1,Difficult,0,8,0
S04862,Male,E-commerce,DirectAdmission,2.19,2.63,2.29,2.57,2.42,125,1,0,0.9,0.82,2,Average,1,4,0
S04863,Female,Game Design and Development,EntranceExam,2.8,2.77,2.72,2.78,2.77,140,0,0,0.88,0.73,3,Average,1,4,1
S04864,Female,Artificial Intelligence,EntranceExam,3.32,2.48,3.2,2.82,2.96,130,0,0,0.94,0.85,2,Average,1,4,0
S04865,Male,Financial Technology (Fintech),EntranceExam,1.79,2.04,1.73,2.51,2.02,130,6,0,0.82,0.89,0,Average,0,5,0
S04866,Male,Marketing,DirectAdmission,2.05,2.19,1.68,1.92,1.96,120,3,0,0.81,0.91,1,Stable,1,4,0
S04867,Female,Information Technology,EntranceExam,2.32,2.4,2.14,2.29,2.29,130,5,1,0.75,0.92,1,Stable,0,5,1
S04868,Male,Computer Science,EntranceExam,2.26,2.71,2.5,2.19,2.42,130,1,0,0.64,0.74,4,Average,0,6,0
S04869,Male,Information Technology,EntranceExam,2.31,2.53,2.24,2.29,2.34,130,4,0,0.67,0.81,2,Average,0,5,0
S04870,Male,Accounting,EntranceExam,2.83,2.76,2.67,2.27,2.63,130,0,0,0.87,0.92,1,Average,1,4,0
S04871,Male,Information Security,EntranceExam,2.01,2.45,2.11,2.21,2.2,130,3,0,0.74,0.63,1,Difficult,0,5,0
S04872,Female,Journalism,DirectAdmission,2.88,2.71,2.6,3.15,2.84,120,0,0,0.92,0.84,1,Average,1,4,1
S04873,Male,Marketing,EntranceExam,2.03,2.49,2.87,2.29,2.42,120,0,0,0.99,0.88,0,Stable,1,4,0
S04874,Female,E-commerce,DirectAdmission,2.97,3.36,2.78,2.55,2.92,125,0,0,0.85,0.85,6,Stable,1,4,1
S04875,Female,Information Technology,EntranceExam,2.48,2.11,2.01,1.74,2.08,130,1,0,0.93,0.77,1,Average,0,5,1
S04876,Female,Multimedia Communication,EntranceExam,2.33,2.09,2.08,2.57,2.27,125,0,0,0.85,0.93,1,Stable,1,4,1
S04877,Male,Information Technology,DirectAdmission,2.14,2.46,2.43,3.17,2.55,130,0,0,0.84,0.74,1,Average,1,4,0
S04878,Male,E-commerce,EntranceExam,1.85,1.61,1.49,2.1,1.76,125,9,0,0.75,0.83,2,Average,0,5,0
S04879,Female,Computer Science,EntranceExam,3.04,2.99,3.41,2.59,3.01,130,0,0,0.84,0.77,2,Average,1,4,1
S04880,Female,Automation,EntranceExam,3,4,3.62,3.14,3.44,140,0,0,0.86,0.93,2,Average,1,4,0
S04881,Female,Information Security,EntranceExam,2.98,3.2,3.6,3.4,3.3,130,0,0,0.86,0.85,2,Average,1,4,1
S04882,Female,Artificial Intelligence,EntranceExam,2.96,3.02,2.95,2.89,2.96,130,0,0,0.94,0.67,1,Stable,1,4,1
S04883,Female,Accounting,EntranceExam,1.79,1.9,1.6,1.28,1.64,130,5,0,0.79,0.96,0,Average,0,5,1
S04884,Female,Business Administration,EntranceExam,2.27,3.37,3.17,2.9,2.93,120,0,0,0.89,0.82,1,Stable,1,4,1
S04885,Male,Computer Science,EntranceExam,1.67,2.02,2.33,1.99,2,130,4,0,0.86,0.87,1,Average,0,5,0
S04886,Male,Computer Science,EntranceExam,2.65,2.76,2.94,2.78,2.78,130,0,0,1,0.88,2,Stable,1,4,1
S04887,Female,Multimedia Communication,EntranceExam,2.15,2.42,1.95,2.27,2.2,125,5,0,0.81,0.75,0,Average,0,8,1
S04888,Female,Multimedia Technology,EntranceExam,3.17,3.54,3.32,3.37,3.35,125,1,0,0.87,1,1,Stable,1,4,0
S04889,Female,Business Administration,EntranceExam,2.47,2.22,2.54,1.93,2.29,120,2,0,0.8,0.89,2,Stable,0,5,1
S04890,Male,Automation,DirectAdmission,2.48,2.49,2.43,1.93,2.33,140,0,0,0.87,0.72,2,Stable,1,4,0
S04891,Male,Business Administration,EntranceExam,2.45,2.96,3.27,2.94,2.9,120,1,0,0.79,0.79,0,Average,0,7,0
S04892,Male,Multimedia Communication,EntranceExam,1.51,0.88,1.39,1.36,1.28,125,9,0,0.92,1,1,Stable,0,5,0
S04893,Female,E-commerce,EntranceExam,3.47,4,3.67,3.93,3.77,125,0,0,0.98,0.73,4,Average,1,4,0
S04894,Male,Multimedia Communication,DirectAdmission,3.37,2.88,3.66,3.27,3.3,125,0,1,0.82,0.88,3,Average,1,4,1
S04895,Female,Artificial Intelligence,EntranceExam,1.49,1.57,1.19,1.22,1.37,130,6,0,0.83,0.92,1,Average,0,6,0
S04896,Female,Multimedia Technology,EntranceExam,2.71,2.93,2.71,2.12,2.62,125,0,0,0.85,0.85,2,Stable,1,4,1
S04897,Female,Information Security,EntranceExam,1.74,2.49,2.3,2.49,2.26,130,6,0,0.84,0.65,3,Average,0,6,0
S04898,Female,E-commerce,EntranceExam,2.73,2.78,3.18,2.45,2.78,125,1,0,0.84,0.74,2,Difficult,0,6,1
S04899,Male,Financial Technology (Fintech),EntranceExam,2.63,3.08,2.94,2.65,2.82,130,0,0,0.9,0.83,1,Average,1,4,0
S04900,Female,Marketing,EntranceExam,2.14,2.03,2.16,2.25,2.14,120,4,0,0.78,0.72,4,Stable,0,5,1
S04901,Male,Artificial Intelligence,EntranceExam,2.37,2.47,1.94,3.21,2.5,130,3,1,0.93,0.69,0,Stable,0,8,0
S04902,Female,Journalism,EntranceExam,2.34,2.9,2.33,2.16,2.43,120,5,0,0.68,0.7,0,Difficult,0,5,1
S04903,Male,Notary Relations,EntranceExam,2.57,2.52,2.86,2.9,2.71,125,0,1,1,0.96,3,Stable,1,4,1
S04904,Female,Artificial Intelligence,EntranceExam,2.27,2.63,2.48,2.31,2.42,130,0,1,0.95,0.97,1,Average,0,8,1
S04905,Male,Multimedia Technology,EntranceExam,2.45,2.84,2.26,2.29,2.46,125,2,0,0.9,0.85,3,Average,1,4,0
S04906,Male,E-commerce,EntranceExam,1.85,1.94,2.16,1.9,1.96,125,8,0,0.89,0.98,0,Average,0,6,0
S04907,Female,Automation,EntranceExam,3.01,3.14,3.74,3.15,3.26,140,0,0,0.86,0.95,1,Stable,1,4,0
S04908,Female,Computer Science,EntranceExam,1.99,2.34,2.09,1.68,2.02,130,2,0,0.97,0.94,4,Stable,1,4,1
S04909,Male,Business Administration,EntranceExam,3.05,2.87,3.28,3.16,3.09,120,0,0,0.93,0.93,1,Average,1,4,1
S04910,Female,Information Security,DirectAdmission,2.75,2.18,2.68,2.32,2.48,130,2,0,0.86,0.86,2,Difficult,0,5,1
S04911,Female,Artificial Intelligence,EntranceExam,2.2,2.45,2.05,2,2.17,130,1,0,0.78,0.75,5,Stable,0,8,1
S04912,Female,Multimedia Technology,DirectAdmission,2.6,2.49,3.18,2.36,2.66,125,1,0,0.92,0.8,2,Stable,1,4,1
S04913,Female,Information Technology,EntranceExam,1.81,1.76,1.9,2.43,1.98,130,4,0,0.77,0.61,1,Stable,0,8,1
S04914,Male,Computer Science,EntranceExam,2.84,2.46,2.19,2.2,2.42,130,1,0,0.75,0.89,2,Average,0,8,0
S04915,Male,Computer Science,EntranceExam,1.83,1.79,1.83,1.74,1.8,130,6,1,1,0.92,3,Average,0,5,0
S04916,Female,Game Design and Development,EntranceExam,0.99,1.46,1.17,1.75,1.34,140,7,0,0.89,0.84,2,Average,0,7,1
S04917,Male,Computer Science,EntranceExam,1.59,1.55,2.16,2.05,1.84,130,4,1,0.86,0.85,3,Stable,0,5,0
S04918,Male,Business Administration,EntranceExam,2.22,1.86,2.04,2.87,2.25,120,3,1,0.76,1,3,Average,0,5,0
S04919,Female,Business Administration,EntranceExam,2.74,2.69,2.88,2.7,2.75,120,2,0,0.77,0.72,1,Difficult,0,6,1
S04920,Female,Marketing,DirectAdmission,2.56,2.62,2.33,2.42,2.48,120,0,0,0.9,0.81,0,Average,1,4,1
S04921,Female,Information Technology,EntranceExam,1.66,2.43,1.97,1.81,1.97,130,5,0,0.88,0.75,1,Stable,0,5,1
S04922,Male,Information Technology,EntranceExam,2.4,2.23,2.45,2.59,2.42,130,4,1,0.73,0.73,4,Stable,0,7,0
S04923,Female,Multimedia Communication,DirectAdmission,3.08,3.04,3.4,3.69,3.3,125,0,0,0.9,0.79,0,Average,1,4,1
S04924,Female,Information Technology,EntranceExam,2.79,3.17,2.79,2.07,2.7,130,1,1,0.88,0.85,1,Average,1,4,1
S04925,Male,E-commerce,EntranceExam,2.55,2.83,2.47,3.13,2.74,125,0,0,0.86,0.91,1,Stable,1,4,0
S04926,Male,Journalism,EntranceExam,2.09,2.25,1.67,2.38,2.1,120,0,0,0.77,0.78,2,Difficult,0,7,0
S04927,Male,Artificial Intelligence,EntranceExam,1.98,2.39,2.08,2.37,2.2,130,1,0,0.92,0.91,2,Stable,1,4,0
S04928,Female,Journalism,EntranceExam,3.81,4,4,4,3.95,120,0,0,0.87,0.76,1,Average,1,4,1
S04929,Female,E-commerce,DirectAdmission,1.59,1.9,1.68,1.72,1.72,125,5,0,0.92,0.96,1,Average,0,6,1
S04930,Female,Artificial Intelligence,EntranceExam,2.69,3.05,2.91,3.24,2.97,130,0,0,0.96,0.86,3,Stable,1,4,0
S04931,Male,Business Administration,EntranceExam,2.82,2.84,3.17,3.01,2.96,120,1,0,0.91,0.86,0,Stable,1,4,1
S04932,Female,Multimedia Technology,EntranceExam,3.1,3.09,3.02,3.07,3.07,125,1,0,0.82,0.85,1,Stable,1,4,0
S04933,Male,Business Administration,DirectAdmission,2.83,2.84,2.42,2.83,2.73,120,1,0,0.84,0.95,0,Average,1,4,0
S04934,Male,Marketing,EntranceExam,3.05,2.43,2.98,3.38,2.96,120,0,0,0.86,0.72,1,Stable,1,4,0
S04935,Female,Automation,DirectAdmission,3.07,3.49,3.26,3.53,3.34,140,0,0,0.91,0.74,1,Stable,1,4,0
S04936,Female,Game Design and Development,EntranceExam,1.97,2.25,2.37,2.16,2.19,140,1,0,0.87,0.85,1,Stable,1,4,0
S04937,Male,Multimedia Technology,EntranceExam,1.85,2.37,1.49,1.61,1.83,125,10,0,0.92,0.89,3,Stable,0,8,0
S04938,Male,Automation,EntranceExam,3.36,3.24,3.86,3.22,3.42,140,1,0,0.82,0.98,4,Average,1,4,1
S04939,Female,Marketing,EntranceExam,2.57,2.37,2.61,2.74,2.57,120,3,0,0.78,0.77,3,Average,0,6,1
S04940,Male,Multimedia Technology,EntranceExam,2.19,2.68,2.75,2.93,2.64,125,0,0,0.88,0.69,4,Average,1,4,0
S04941,Male,Information Technology,EntranceExam,2.38,2.51,2.34,2.22,2.36,130,4,0,0.81,0.73,1,Stable,0,7,0
S04942,Male,Business Administration,EntranceExam,3.19,3.51,3.43,3.49,3.4,120,0,0,0.89,0.7,0,Stable,1,4,1
S04943,Male,Automation,EntranceExam,1.98,1.96,1.64,2.41,2,140,2,1,0.94,0.8,0,Stable,0,7,0
S04944,Male,Information Technology,DirectAdmission,2.91,3.15,2.36,3.02,2.86,130,1,0,0.77,0.54,0,Difficult,0,7,0
S04945,Male,Notary Relations,EntranceExam,1.2,1.36,1.34,1.71,1.4,125,2,0,0.83,0.79,2,Average,0,6,0
S04946,Male,Marketing,EntranceExam,3.24,3.28,2.75,3.42,3.17,120,0,0,0.86,0.85,2,Difficult,1,4,1
S04947,Male,E-commerce,EntranceExam,3.23,2.92,3.69,3.06,3.22,125,0,0,0.92,0.83,1,Average,1,4,1
S04948,Male,Accounting,EntranceExam,2.94,2.42,2.63,2.64,2.66,130,0,0,0.84,0.88,1,Stable,1,4,0
S04949,Male,Multimedia Communication,EntranceExam,3.45,3.55,3.41,3.44,3.46,125,0,1,0.86,0.77,0,Average,1,4,1
S04950,Female,Information Technology,EntranceExam,2.75,2.24,2.9,2.46,2.59,130,0,0,0.8,0.8,1,Average,1,4,0
S04951,Female,Business Administration,DirectAdmission,1.91,2.9,2.92,2.56,2.57,120,0,0,1,0.78,1,Average,1,4,1
S04952,Female,Artificial Intelligence,EntranceExam,1.78,1.96,1.87,2.06,1.92,130,4,1,0.73,0.8,3,Average,0,5,1
S04953,Male,Marketing,DirectAdmission,2.41,2.82,2.54,2.1,2.47,120,1,0,0.84,0.85,2,Average,1,4,0
S04954,Male,Financial Technology (Fintech),EntranceExam,2.47,2.11,2.68,2.66,2.48,130,1,0,0.83,0.8,3,Stable,1,4,0
S04955,Female,Financial Technology (Fintech),EntranceExam,2.61,3.05,2.86,3.2,2.93,130,1,0,0.94,0.86,2,Stable,1,4,1
S04956,Female,Information Security,EntranceExam,2.52,1.92,2.32,1.99,2.19,130,4,0,0.9,0.92,2,Stable,0,6,1
S04957,Female,E-commerce,EntranceExam,3.38,3,3.83,3.12,3.33,125,0,0,0.88,0.78,0,Stable,1,4,0
S04958,Male,Accounting,EntranceExam,1.82,2.54,2.29,1.51,2.04,130,2,0,0.88,0.75,1,Stable,1,4,0
S04959,Female,Business Administration,EntranceExam,2.49,1.8,1.55,2.14,2,120,5,0,0.88,0.71,0,Difficult,0,5,1
S04960,Male,Journalism,DirectAdmission,2.51,2.63,3,2.63,2.69,120,1,0,0.87,0.78,1,Average,1,4,0
S04961,Female,Financial Technology (Fintech),EntranceExam,2.69,3.02,3.27,2.98,2.99,130,1,0,0.86,0.89,3,Average,1,4,0
S04962,Male,Financial Technology (Fintech),DirectAdmission,3.05,3.37,2.96,3.68,3.26,130,0,0,0.89,1,1,Average,1,4,1
S04963,Male,Multimedia Communication,EntranceExam,1.48,1.52,1.77,1.79,1.64,125,8,0,0.79,0.82,1,Difficult,0,7,0
S04964,Male,Notary Relations,EntranceExam,1.76,1.85,1.69,1.54,1.71,125,3,2,0.7,0.68,0,Stable,0,7,0
S04965,Male,Computer Science,EntranceExam,3.61,2.91,2.8,2.56,2.97,130,0,0,0.86,0.75,2,Average,1,4,1
S04966,Female,Game Design and Development,DirectAdmission,3.29,3.09,3.19,3.05,3.16,140,0,0,0.86,0.95,1,Stable,1,4,0
S04967,Female,Computer Science,EntranceExam,3.09,2.78,3.43,2.96,3.06,130,7,0,0.82,0.89,1,Difficult,0,5,0
S04968,Female,Information Technology,DirectAdmission,2.2,2.14,2.32,2.53,2.3,130,2,0,0.78,0.77,2,Stable,0,7,1
S04969,Female,Notary Relations,EntranceExam,2.93,3.07,2.25,2.24,2.62,125,0,0,1,0.89,3,Average,1,4,1
S04970,Male,Information Security,EntranceExam,2.08,2.36,3.04,2.9,2.6,130,0,0,0.8,0.82,2,Average,1,4,0
S04971,Female,Business Administration,EntranceExam,3.06,2.9,2.42,2.64,2.76,120,0,0,0.8,0.79,3,Average,1,4,1
S04972,Male,Multimedia Communication,EntranceExam,2.81,2.9,2.92,3.04,2.92,125,0,0,0.95,0.74,1,Average,1,4,0
S04973,Female,Artificial Intelligence,EntranceExam,3.66,3.73,3.37,3.8,3.64,130,0,0,0.87,0.86,2,Difficult,1,4,0
S04974,Female,Computer Science,EntranceExam,2.88,2.56,2.47,3.26,2.79,130,1,0,0.81,0.61,1,Stable,1,4,1
S04975,Male,Automation,EntranceExam,2.29,1.82,2.22,2.02,2.09,140,1,0,0.95,0.91,2,Stable,1,4,0
S04976,Male,Computer Science,EntranceExam,3.43,3.03,3.15,3.33,3.24,130,0,0,0.86,0.8,5,Stable,1,4,1
S04977,Female,Multimedia Communication,EntranceExam,1.84,1.9,1.35,1.87,1.74,125,2,0,0.96,0.9,2,Stable,0,6,0
S04978,Female,Information Technology,EntranceExam,1.77,1.78,1.66,1.96,1.79,130,3,0,0.88,0.78,2,Average,0,5,1
S04979,Male,Multimedia Technology,EntranceExam,2.84,3.7,3.09,3.22,3.21,125,0,0,0.98,0.66,0,Average,1,4,0
S04980,Male,E-commerce,EntranceExam,2.62,2.74,2.98,3.07,2.85,125,0,0,0.99,0.81,1,Stable,1,4,0
S04981,Male,Computer Science,EntranceExam,2.28,1.94,1.98,3.02,2.3,130,2,1,0.77,0.72,0,Stable,0,5,0
S04982,Female,Multimedia Communication,DirectAdmission,2.25,2.8,2.2,3.02,2.57,125,0,0,0.89,0.87,2,Stable,1,4,1
S04983,Female,Artificial Intelligence,EntranceExam,3.65,3.8,3.82,3.52,3.7,130,0,0,0.94,0.88,1,Stable,1,4,1
S04984,Female,Multimedia Technology,DirectAdmission,1.98,1.99,1.63,2.17,1.94,125,5,0,0.73,0.85,0,Stable,0,6,1
S04985,Male,Artificial Intelligence,EntranceExam,1.56,1.65,1.38,1.88,1.62,130,2,0,0.86,0.71,2,Average,0,7,0
S04986,Male,Computer Science,EntranceExam,2.63,2.97,2.95,3.37,2.98,130,0,0,0.87,0.9,4,Stable,1,4,1
S04987,Female,Artificial Intelligence,EntranceExam,2.38,2.09,2.61,2.54,2.41,130,1,0,0.91,0.91,3,Stable,1,4,1
S04988,Male,Artificial Intelligence,EntranceExam,3.18,3.52,3.48,3.49,3.42,130,0,0,0.84,0.71,3,Stable,1,4,1
S04989,Female,Artificial Intelligence,EntranceExam,1.53,1.97,2.25,2.24,2,130,0,0,0.9,0.91,1,Average,1,4,1
S04990,Female,E-commerce,EntranceExam,2.73,2.11,2.72,2.85,2.6,125,3,0,0.83,0.79,1,Stable,0,5,1
S04991,Female,Game Design and Development,EntranceExam,2.64,2.68,2.73,3.39,2.86,140,1,0,0.81,0.64,3,Stable,1,4,1
S04992,Male,Multimedia Technology,EntranceExam,2.69,2.71,2.07,2.69,2.54,125,0,0,0.92,0.98,0,Stable,1,4,0
S04993,Male,Computer Science,EntranceExam,2.95,2.48,2.99,2.62,2.76,130,1,1,0.87,0.93,2,Average,1,4,0
S04994,Female,Journalism,DirectAdmission,3.21,3.41,3.48,3.06,3.29,120,0,0,0.93,0.87,0,Average,1,4,0
S04995,Female,Multimedia Communication,EntranceExam,3.13,3.1,3.53,2.34,3.02,125,0,0,0.83,0.85,1,Stable,1,4,1
S04996,Female,Information Technology,EntranceExam,2.9,2.13,2.41,2.11,2.39,130,1,0,0.86,1,3,Stable,1,4,0
S04997,Female,Financial Technology (Fintech),EntranceExam,2.33,1.87,2.6,2.52,2.33,130,1,0,0.72,0.84,0,Stable,0,5,1
S04998,Female,Artificial Intelligence,EntranceExam,2.11,1.99,2.47,1.72,2.07,130,2,0,0.9,0.71,3,Stable,1,4,1
S04999,Male,Computer Science,EntranceExam,1.75,2.03,2.28,1.63,1.92,130,5,0,0.91,0.88,1,Stable,1,4,0
S05000,Female,Multimedia Communication,EntranceExam,3.88,4,3.69,3.99,3.89,125,0,0,0.98,0.93,0,Average,1,4,0
